,Phylum,Class,Order,Family,Genus,ASV
ASV0001,Proteobacteria,Gammaproteobacteria,Oceanospirillales,Endozoicomonadaceae,Endozoicomonas,ASV0001
ASV0002,Proteobacteria,Gammaproteobacteria,Vibrionales,Vibrionaceae,ASV0002,ASV0002
ASV0003,Proteobacteria,Gammaproteobacteria,Oceanospirillales,Endozoicomonadaceae,Endozoicomonas,ASV0003
ASV0004,Proteobacteria,Gammaproteobacteria,Alteromonadales,Alteromonadaceae,Alteromonas,ASV0004
ASV0005,Proteobacteria,Gammaproteobacteria,Oceanospirillales,Endozoicomonadaceae,Endozoicomonas,ASV0005
ASV0006,Proteobacteria,Gammaproteobacteria,Alteromonadales,Alteromonadaceae,Alteromonas,ASV0006
ASV0007,Proteobacteria,Gammaproteobacteria,Oceanospirillales,Endozoicomonadaceae,Endozoicomonas,ASV0007
ASV0008,Proteobacteria,Gammaproteobacteria,Vibrionales,Vibrionaceae,Vibrio,ASV0008
ASV0009,Proteobacteria,Gammaproteobacteria,Oceanospirillales,Endozoicomonadaceae,Endozoicomonas,ASV0009
ASV0010,Proteobacteria,Gammaproteobacteria,Alteromonadales,Alteromonadaceae,Alteromonas,ASV0010
ASV0011,Proteobacteria,Gammaproteobacteria,Oceanospirillales,Endozoicomonadaceae,Endozoicomonas,ASV0011
ASV0012,Proteobacteria,Gammaproteobacteria,Vibrionales,Vibrionaceae,Vibrio,ASV0012
ASV0013,Bacteroidetes,Bacteroidia,Flavobacteriales,Flavobacteriaceae,Nonlabens,ASV0013
ASV0014,Proteobacteria,Gammaproteobacteria,Oceanospirillales,Endozoicomonadaceae,Endozoicomonas,ASV0014
ASV0015,Proteobacteria,Alphaproteobacteria,Rhodobacterales,Rhodobacteraceae,Nautella,ASV0015
ASV0016,Chlamydiae,Chlamydiae,Chlamydiales,Simkaniaceae,Simkania,ASV0016
ASV0017,Proteobacteria,Gammaproteobacteria,Alteromonadales,Alteromonadaceae,Alteromonas,ASV0017
ASV0018,Proteobacteria,Alphaproteobacteria,Rhodobacterales,Rhodobacteraceae,Ruegeria,ASV0018
ASV0019,Proteobacteria,Gammaproteobacteria,Alteromonadales,Alteromonadaceae,Alteromonas,ASV0019
ASV0020,Proteobacteria,Gammaproteobacteria,Alteromonadales,Alteromonadaceae,Alteromonas,ASV0020
ASV0021,Proteobacteria,Gammaproteobacteria,Alteromonadales,Alteromonadaceae,Alteromonas,ASV0021
ASV0022,Proteobacteria,Gammaproteobacteria,Oceanospirillales,Endozoicomonadaceae,Kistimonas,ASV0022
ASV0023,Proteobacteria,Gammaproteobacteria,Alteromonadales,Alteromonadaceae,Alteromonas,ASV0023
ASV0024,Proteobacteria,Gammaproteobacteria,Alteromonadales,Alteromonadaceae,Alteromonas,ASV0024
ASV0025,Proteobacteria,Gammaproteobacteria,Alteromonadales,Alteromonadaceae,Alteromonas,ASV0025
ASV0026,Proteobacteria,Alphaproteobacteria,Rhodobacterales,Rhodobacteraceae,Pelagibaca,ASV0026
ASV0027,Proteobacteria,Gammaproteobacteria,Alteromonadales,Alteromonadaceae,Alteromonas,ASV0027
ASV0028,Bacteroidetes,Bacteroidia,Flavobacteriales,Flavobacteriaceae,Nonlabens,ASV0028
ASV0029,Proteobacteria,Gammaproteobacteria,Vibrionales,Vibrionaceae,Vibrio,ASV0029
ASV0030,Proteobacteria,Gammaproteobacteria,Vibrionales,Vibrionaceae,ASV0030,ASV0030
ASV0031,Proteobacteria,Alphaproteobacteria,Sphingomonadales,Sphingomonadaceae,Erythrobacter,ASV0031
ASV0032,Proteobacteria,Alphaproteobacteria,Rhodobacterales,Rhodobacteraceae,Donghicola,ASV0032
ASV0033,Bacteroidetes,Bacteroidia,Flavobacteriales,Flavobacteriaceae,Nonlabens,ASV0033
ASV0034,Proteobacteria,Gammaproteobacteria,Vibrionales,Vibrionaceae,ASV0034,ASV0034
ASV0035,Proteobacteria,Gammaproteobacteria,Alteromonadales,Alteromonadaceae,Alteromonas,ASV0035
ASV0036,Proteobacteria,Alphaproteobacteria,Rhodobacterales,Rhodobacteraceae,ASV0036,ASV0036
ASV0037,Proteobacteria,Gammaproteobacteria,Oceanospirillales,Endozoicomonadaceae,Endozoicomonas,ASV0037
ASV0038,Chlamydiae,Chlamydiae,Chlamydiales,Simkaniaceae,Simkania,ASV0038
ASV0039,Proteobacteria,Gammaproteobacteria,Vibrionales,Vibrionaceae,Vibrio,ASV0039
ASV0040,Proteobacteria,Gammaproteobacteria,Alteromonadales,Marinobacteraceae,Marinobacter,ASV0040
ASV0041,Proteobacteria,Alphaproteobacteria,Rhodobacterales,Rhodobacteraceae,Thalassobius,ASV0041
ASV0042,Chlamydiae,Chlamydiae,Chlamydiales,Simkaniaceae,Simkania,ASV0042
ASV0043,Proteobacteria,Gammaproteobacteria,Oceanospirillales,Endozoicomonadaceae,Endozoicomonas,ASV0043
ASV0044,Proteobacteria,Gammaproteobacteria,Vibrionales,Vibrionaceae,Catenococcus,ASV0044
ASV0045,Proteobacteria,Gammaproteobacteria,Vibrionales,Vibrionaceae,Vibrio,ASV0045
ASV0046,Bacteroidetes,Bacteroidia,Chitinophagales,Saprospiraceae,Saprospira,ASV0046
ASV0047,Proteobacteria,Gammaproteobacteria,Vibrionales,Vibrionaceae,Vibrio,ASV0047
ASV0048,Proteobacteria,Gammaproteobacteria,Vibrionales,Vibrionaceae,ASV0048,ASV0048
ASV0049,Proteobacteria,Gammaproteobacteria,Oceanospirillales,Saccharospirillaceae,Thalassolituus,ASV0049
ASV0050,Proteobacteria,Gammaproteobacteria,Alteromonadales,Pseudoalteromonadaceae,Pseudoalteromonas,ASV0050
ASV0051,Proteobacteria,Gammaproteobacteria,Vibrionales,Vibrionaceae,Vibrio,ASV0051
ASV0052,Proteobacteria,Gammaproteobacteria,Vibrionales,Vibrionaceae,Vibrio,ASV0052
ASV0053,Proteobacteria,Alphaproteobacteria,Rhodobacterales,Rhodobacteraceae,Nautella,ASV0053
ASV0054,Proteobacteria,Alphaproteobacteria,Rhodobacterales,Rhodobacteraceae,Loktanella,ASV0054
ASV0055,Proteobacteria,Gammaproteobacteria,Alteromonadales,Alteromonadaceae,Aestuariibacter,ASV0055
ASV0056,Proteobacteria,Gammaproteobacteria,Vibrionales,Vibrionaceae,Vibrio,ASV0056
ASV0057,Bacteroidetes,Bacteroidia,Flavobacteriales,Flavobacteriaceae,Nonlabens,ASV0057
ASV0058,Proteobacteria,Alphaproteobacteria,Rhodobacterales,Rhodobacteraceae,Shimia,ASV0058
ASV0059,Proteobacteria,Alphaproteobacteria,Rhodobacterales,Rhodobacteraceae,ASV0059,ASV0059
ASV0060,Proteobacteria,Gammaproteobacteria,Alteromonadales,Pseudoalteromonadaceae,Algicola,ASV0060
ASV0061,Proteobacteria,Gammaproteobacteria,Alteromonadales,Alteromonadaceae,Alteromonas,ASV0061
ASV0062,Proteobacteria,Gammaproteobacteria,Alteromonadales,Pseudoalteromonadaceae,Pseudoalteromonas,ASV0062
ASV0063,Proteobacteria,Gammaproteobacteria,Oceanospirillales,Saccharospirillaceae,Oleibacter,ASV0063
ASV0064,Proteobacteria,Deltaproteobacteria,Bdellovibrionales,Bacteriovoracaceae,Peredibacter,ASV0064
ASV0066,Proteobacteria,Gammaproteobacteria,Vibrionales,Vibrionaceae,Photobacterium,ASV0066
ASV0067,Proteobacteria,Gammaproteobacteria,Vibrionales,Vibrionaceae,Catenococcus,ASV0067
ASV0068,Proteobacteria,Alphaproteobacteria,Rhizobiales,Rhizobiaceae,Cohaesibacter,ASV0068
ASV0069,Proteobacteria,Gammaproteobacteria,Oceanospirillales,Endozoicomonadaceae,Endozoicomonas,ASV0069
ASV0070,Bacteroidetes,Bacteroidia,Flavobacteriales,Flavobacteriaceae,ASV0070,ASV0070
ASV0071,Proteobacteria,Gammaproteobacteria,ASV0071,ASV0071,ASV0071,ASV0071
ASV0073,Proteobacteria,Alphaproteobacteria,Rhodobacterales,Rhodobacteraceae,Ruegeria,ASV0073
ASV0074,Proteobacteria,Gammaproteobacteria,Alteromonadales,Idiomarinaceae,Idiomarina,ASV0074
ASV0075,Proteobacteria,Gammaproteobacteria,Vibrionales,Vibrionaceae,Vibrio,ASV0075
ASV0076,Actinobacteria,Actinobacteria,PeM15,ASV0076,ASV0076,ASV0076
ASV0077,Proteobacteria,Alphaproteobacteria,Rhodobacterales,Rhodobacteraceae,Ruegeria,ASV0077
ASV0078,Bacteroidetes,Bacteroidia,Flavobacteriales,Flavobacteriaceae,Aureivirga,ASV0078
ASV0079,Proteobacteria,Alphaproteobacteria,Rhizobiales,Rhizobiaceae,Roseitalea,ASV0079
ASV0080,Proteobacteria,Gammaproteobacteria,Piscirickettsiales,Piscirickettsiaceae,Candidatus_Endoecteinascidia,ASV0080
ASV0081,Firmicutes,Clostridia,Clostridiales,Clostridiaceae_1,ASV0081,ASV0081
ASV0082,Proteobacteria,Alphaproteobacteria,Rhodobacterales,Rhodobacteraceae,Phaeobacter,ASV0082
ASV0083,Proteobacteria,Deltaproteobacteria,Bdellovibrionales,Bacteriovoracaceae,Peredibacter,ASV0083
ASV0084,Proteobacteria,Alphaproteobacteria,Rhodobacterales,Rhodobacteraceae,Ruegeria,ASV0084
ASV0085,Proteobacteria,Alphaproteobacteria,Rhodobacterales,Rhodobacteraceae,Lutimaribacter,ASV0085
ASV0086,Proteobacteria,Alphaproteobacteria,Rhodobacterales,Rhodobacteraceae,Ruegeria,ASV0086
ASV0087,Proteobacteria,Gammaproteobacteria,Vibrionales,Vibrionaceae,Vibrio,ASV0087
ASV0088,Proteobacteria,Gammaproteobacteria,Alteromonadales,Alteromonadaceae,Aestuariibacter,ASV0088
ASV0089,Bacteroidetes,Bacteroidia,Flavobacteriales,Flavobacteriaceae,ASV0089,ASV0089
ASV0090,Actinobacteria,Acidimicrobiia,Microtrichales,Ilumatobacteraceae,Ilumatobacter,ASV0090
ASV0091,Bacteroidetes,Bacteroidia,Flavobacteriales,Flavobacteriaceae,Nonlabens,ASV0091
ASV0092,Proteobacteria,Gammaproteobacteria,Vibrionales,Vibrionaceae,Catenococcus,ASV0092
ASV0093,Proteobacteria,Alphaproteobacteria,Rhodobacterales,Rhodobacteraceae,ASV0093,ASV0093
ASV0094,Bacteroidetes,Rhodothermia,Rhodothermales,Rhodothermaceae,ASV0094,ASV0094
ASV0095,Proteobacteria,Alphaproteobacteria,Caulobacterales,Hyphomonadaceae,ASV0095,ASV0095
ASV0096,Proteobacteria,Deltaproteobacteria,Bradymonadales,ASV0096,ASV0096,ASV0096
ASV0097,Proteobacteria,Alphaproteobacteria,Rhodobacterales,Rhodobacteraceae,Ruegeria,ASV0097
ASV0098,Proteobacteria,Gammaproteobacteria,Alteromonadales,Alteromonadaceae,ASV0098,ASV0098
ASV0099,Proteobacteria,Alphaproteobacteria,Rhodobacterales,Rhodobacteraceae,Pelagibaca,ASV0099
ASV0100,Proteobacteria,Gammaproteobacteria,Oceanospirillales,ASV0100,ASV0100,ASV0100
ASV0101,Actinobacteria,Actinobacteria,Micrococcales,Microbacteriaceae,Rhodoluna,ASV0101
ASV0102,Proteobacteria,Gammaproteobacteria,Alteromonadales,Alteromonadaceae,Lacimicrobium,ASV0102
ASV0104,Proteobacteria,Gammaproteobacteria,Oceanospirillales,Marinomonadaceae,Marinomonas,ASV0104
ASV0105,Chlamydiae,Chlamydiae,Chlamydiales,Simkaniaceae,Simkania,ASV0105
ASV0106,Proteobacteria,Alphaproteobacteria,Sphingomonadales,Sphingomonadaceae,Erythrobacter,ASV0106
ASV0107,Proteobacteria,Gammaproteobacteria,Oceanospirillales,Endozoicomonadaceae,Endozoicomonas,ASV0107
ASV0108,Proteobacteria,Gammaproteobacteria,Alteromonadales,Alteromonadaceae,ASV0108,ASV0108
ASV0109,Firmicutes,Clostridia,Clostridiales,Family_XII,Fusibacter,ASV0109
ASV0110,Proteobacteria,Alphaproteobacteria,Micavibrionales,Micavibrionaceae,ASV0110,ASV0110
ASV0111,Proteobacteria,Gammaproteobacteria,Alteromonadales,Marinobacteraceae,Marinobacter,ASV0111
ASV0112,Proteobacteria,Gammaproteobacteria,Vibrionales,Vibrionaceae,Photobacterium,ASV0112
ASV0113,Epsilonbacteraeota,Campylobacteria,Campylobacterales,Arcobacteraceae,Arcobacter,ASV0113
ASV0114,Proteobacteria,Gammaproteobacteria,Alteromonadales,Alteromonadaceae,Alteromonas,ASV0114
ASV0115,Proteobacteria,Gammaproteobacteria,Oceanospirillales,Endozoicomonadaceae,Endozoicomonas,ASV0115
ASV0116,Proteobacteria,Gammaproteobacteria,Oceanospirillales,Endozoicomonadaceae,Endozoicomonas,ASV0116
ASV0117,Proteobacteria,Alphaproteobacteria,Rhodobacterales,Rhodobacteraceae,Cribrihabitans,ASV0117
ASV0118,Firmicutes,Clostridia,Clostridiales,Clostridiaceae,Anaeromicrobium,ASV0118
ASV0119,Proteobacteria,Gammaproteobacteria,Vibrionales,Vibrionaceae,Catenococcus,ASV0119
ASV0120,Proteobacteria,Gammaproteobacteria,Alteromonadales,Alteromonadaceae,Aestuariibacter,ASV0120
ASV0121,Proteobacteria,Gammaproteobacteria,Alteromonadales,Shewanellaceae,Ferrimonas,ASV0121
ASV0122,Actinobacteria,Actinobacteria,Propionibacteriales,Propionibacteriaceae,Cutibacterium,ASV0122
ASV0123,Proteobacteria,Alphaproteobacteria,Rhodobacterales,Rhodobacteraceae,Ruegeria,ASV0123
ASV0124,Proteobacteria,Alphaproteobacteria,Sphingomonadales,Sphingomonadaceae,Erythrobacter,ASV0124
ASV0125,Proteobacteria,Alphaproteobacteria,Micavibrionales,Micavibrionaceae,ASV0125,ASV0125
ASV0126,Chlamydiae,Chlamydiae,Chlamydiales,Simkaniaceae,Ga0074140,ASV0126
ASV0127,Proteobacteria,Alphaproteobacteria,Rhodobacterales,Rhodobacteraceae,Nautella,ASV0127
ASV0128,Proteobacteria,Alphaproteobacteria,Rhodobacterales,Rhodobacteraceae,Ruegeria,ASV0128
ASV0129,Proteobacteria,Alphaproteobacteria,Rhodobacterales,Rhodobacteraceae,Leisingera,ASV0129
ASV0130,Proteobacteria,Gammaproteobacteria,Betaproteobacteriales,Burkholderiaceae,Burkholderia-Caballeronia-Paraburkholderia,ASV0130
ASV0131,Proteobacteria,Gammaproteobacteria,Vibrionales,Vibrionaceae,ASV0131,ASV0131
ASV0132,Proteobacteria,Gammaproteobacteria,Vibrionales,Vibrionaceae,Vibrio,ASV0132
ASV0133,Proteobacteria,Gammaproteobacteria,Vibrionales,Vibrionaceae,Vibrio,ASV0133
ASV0134,Proteobacteria,Alphaproteobacteria,Rhodospirillales,ASV0134,ASV0134,ASV0134
ASV0135,Proteobacteria,Alphaproteobacteria,Rhodobacterales,Rhodobacteraceae,ASV0135,ASV0135
ASV0136,Proteobacteria,Gammaproteobacteria,Oceanospirillales,Halomonadaceae,Oceanospirillum,ASV0136
ASV0137,Proteobacteria,Gammaproteobacteria,Betaproteobacteriales,Burkholderiaceae,Polynucleobacter,ASV0137
ASV0138,Proteobacteria,Deltaproteobacteria,Bradymonadales,ASV0138,ASV0138,ASV0138
ASV0139,Proteobacteria,Alphaproteobacteria,Rhodobacterales,Rhodobacteraceae,ASV0139,ASV0139
ASV0140,Proteobacteria,Gammaproteobacteria,Oceanospirillales,Endozoicomonadaceae,Endozoicomonas,ASV0140
ASV0142,Firmicutes,Clostridia,Clostridiales,Family_XII,Fusibacter,ASV0142
ASV0143,Proteobacteria,Gammaproteobacteria,Oceanospirillales,Halomonadaceae,Oceanospirillum,ASV0143
ASV0144,Proteobacteria,Gammaproteobacteria,Pseudomonadales,Moraxellaceae,Acinetobacter,ASV0144
ASV0145,Proteobacteria,Alphaproteobacteria,Rhizobiales,Rhizobiaceae,Cohaesibacter,ASV0145
ASV0146,Proteobacteria,Gammaproteobacteria,Alteromonadales,Alteromonadaceae,Alteromonas,ASV0146
ASV0147,Proteobacteria,Alphaproteobacteria,Rhodobacterales,Rhodobacteraceae,HIMB11,ASV0147
ASV0148,Firmicutes,Clostridia,Clostridiales,Peptostreptococcaceae,Tepidibacter,ASV0148
ASV0149,Proteobacteria,Gammaproteobacteria,Vibrionales,Vibrionaceae,Photobacterium,ASV0149
ASV0150,Proteobacteria,Alphaproteobacteria,Caulobacterales,Hyphomonadaceae,Oceanicaulis,ASV0150
ASV0151,Proteobacteria,Gammaproteobacteria,Vibrionales,Vibrionaceae,Vibrio,ASV0151
ASV0152,Proteobacteria,Alphaproteobacteria,Rhodospirillales,Thalassospiraceae,Thalassospira,ASV0152
ASV0153,Firmicutes,Clostridia,Clostridiales,Family_XII,Fusibacter,ASV0153
ASV0154,Proteobacteria,Gammaproteobacteria,Alteromonadales,Pseudoalteromonadaceae,Pseudoalteromonas,ASV0154
ASV0155,Patescibacteria,Gracilibacteria,JGI_0000069-P22,ASV0155,ASV0155,ASV0155
ASV0156,Proteobacteria,Alphaproteobacteria,Rhodobacterales,Rhodobacteraceae,ASV0156,ASV0156
ASV0157,Proteobacteria,Alphaproteobacteria,Rhodobacterales,Rhodobacteraceae,Leisingera,ASV0157
ASV0158,Proteobacteria,Alphaproteobacteria,Rhodobacterales,Rhodobacteraceae,Marivita,ASV0158
ASV0159,Marinimicrobia_(SAR406_clade),ASV0159,ASV0159,ASV0159,ASV0159,ASV0159
ASV0160,Proteobacteria,Gammaproteobacteria,Oceanospirillales,Endozoicomonadaceae,Endozoicomonas,ASV0160
ASV0161,Proteobacteria,Alphaproteobacteria,Rhizobiales,Rhizobiaceae,Cohaesibacter,ASV0161
ASV0162,Proteobacteria,Gammaproteobacteria,Alteromonadales,Alteromonadaceae,Alteromonas,ASV0162
ASV0163,Proteobacteria,Gammaproteobacteria,Vibrionales,Vibrionaceae,Vibrio,ASV0163
ASV0164,Proteobacteria,Gammaproteobacteria,Alteromonadales,Pseudoalteromonadaceae,Psychrosphaera,ASV0164
ASV0166,Proteobacteria,Gammaproteobacteria,Vibrionales,Vibrionaceae,ASV0166,ASV0166
ASV0168,Proteobacteria,Alphaproteobacteria,Caulobacterales,Hyphomonadaceae,Hyphomonas,ASV0168
ASV0169,Actinobacteria,Actinobacteria,Micrococcales,Micrococcaceae,Micrococcus,ASV0169
ASV0170,Firmicutes,Clostridia,Clostridiales,Clostridiaceae_1,ASV0170,ASV0170
ASV0171,Nanoarchaeaeota,Woesearchaeia,ASV0171,ASV0171,ASV0171,ASV0171
ASV0172,Proteobacteria,Alphaproteobacteria,Rhodobacterales,Rhodobacteraceae,ASV0172,ASV0172
ASV0173,Proteobacteria,Alphaproteobacteria,Rhizobiales,Stappiaceae,Labrenzia,ASV0173
ASV0174,ASV0174,ASV0174,ASV0174,ASV0174,ASV0174,ASV0174
ASV0175,Proteobacteria,Alphaproteobacteria,Caulobacterales,Hyphomonadaceae,Oceanicaulis,ASV0175
ASV0176,Proteobacteria,Gammaproteobacteria,Oceanospirillales,Endozoicomonadaceae,Endozoicomonas,ASV0176
ASV0177,Proteobacteria,Gammaproteobacteria,Oceanospirillales,Endozoicomonadaceae,Kistimonas,ASV0177
ASV0178,Proteobacteria,Gammaproteobacteria,Vibrionales,Vibrionaceae,Photobacterium,ASV0178
ASV0179,Proteobacteria,Gammaproteobacteria,Oceanospirillales,Nitrincolaceae,Neptuniibacter,ASV0179
ASV0181,Epsilonbacteraeota,Campylobacteria,Campylobacterales,Arcobacteraceae,Arcobacter,ASV0181
ASV0182,Proteobacteria,Gammaproteobacteria,Alteromonadales,Pseudoalteromonadaceae,Pseudoalteromonas,ASV0182
ASV0183,Proteobacteria,Gammaproteobacteria,Oceanospirillales,Halomonadaceae,Halomonas,ASV0183
ASV0184,Proteobacteria,Alphaproteobacteria,Caulobacterales,Hyphomonadaceae,Maricaulis,ASV0184
ASV0185,Proteobacteria,Gammaproteobacteria,Alteromonadales,ASV0185,ASV0185,ASV0185
ASV0186,Proteobacteria,Alphaproteobacteria,Rhodobacterales,Rhodobacteraceae,Pseudoruegeria,ASV0186
ASV0187,Proteobacteria,Alphaproteobacteria,Caulobacterales,Hyphomonadaceae,Henriciella,ASV0187
ASV0188,Proteobacteria,Alphaproteobacteria,Rhodobacterales,Rhodobacteraceae,Leisingera,ASV0188
ASV0189,Proteobacteria,Alphaproteobacteria,Rhizobiales,Rhizobiaceae,Roseitalea,ASV0189
ASV0190,Proteobacteria,Gammaproteobacteria,Oceanospirillales,Endozoicomonadaceae,Kistimonas,ASV0190
ASV0192,Actinobacteria,Acidimicrobiia,Microtrichales,Ilumatobacteraceae,Ilumatobacter,ASV0192
ASV0193,Proteobacteria,Alphaproteobacteria,Rhodobacterales,Rhodobacteraceae,Tropicibacter,ASV0193
ASV0194,Proteobacteria,Gammaproteobacteria,Oceanospirillales,Marinomonadaceae,Marinomonas,ASV0194
ASV0195,Epsilonbacteraeota,Campylobacteria,Campylobacterales,Arcobacteraceae,Arcobacter,ASV0195
ASV0196,Bacteroidetes,Bacteroidia,Flavobacteriales,Flavobacteriaceae,ASV0196,ASV0196
ASV0197,Proteobacteria,Gammaproteobacteria,Oceanospirillales,Nitrincolaceae,ASV0197,ASV0197
ASV0198,Proteobacteria,Gammaproteobacteria,Alteromonadales,Alteromonadaceae,ASV0198,ASV0198
ASV0199,Proteobacteria,Alphaproteobacteria,ASV0199,ASV0199,ASV0199,ASV0199
ASV0200,Proteobacteria,Alphaproteobacteria,Rhodobacterales,Rhodobacteraceae,Pseudoruegeria,ASV0200
ASV0201,Proteobacteria,Gammaproteobacteria,Oceanospirillales,Pseudohongiellaceae,Pseudohongiella,ASV0201
ASV0202,Proteobacteria,Gammaproteobacteria,Alteromonadales,Pseudoalteromonadaceae,Pseudoalteromonas,ASV0202
ASV0203,Proteobacteria,Gammaproteobacteria,Oceanospirillales,Endozoicomonadaceae,Endozoicomonas,ASV0203
ASV0204,Proteobacteria,Alphaproteobacteria,Micavibrionales,Micavibrionaceae,ASV0204,ASV0204
ASV0205,Epsilonbacteraeota,Campylobacteria,Campylobacterales,Arcobacteraceae,Arcobacter,ASV0205
ASV0206,Proteobacteria,Gammaproteobacteria,Vibrionales,Vibrionaceae,ASV0206,ASV0206
ASV0207,Proteobacteria,Gammaproteobacteria,Vibrionales,Vibrionaceae,Catenococcus,ASV0207
ASV0208,Proteobacteria,Alphaproteobacteria,Rhodovibrionales,Kiloniellaceae,Tistlia,ASV0208
ASV0209,Proteobacteria,Gammaproteobacteria,Alteromonadales,Alteromonadaceae,Alteromonas,ASV0209
ASV0210,Proteobacteria,Alphaproteobacteria,Rhodobacterales,Rhodobacteraceae,ASV0210,ASV0210
ASV0211,Planctomycetes,Planctomycetacia,Pirellulales,Pirellulaceae,ASV0211,ASV0211
ASV0212,Proteobacteria,Alphaproteobacteria,Rhodospirillales,Magnetospiraceae,ASV0212,ASV0212
ASV0213,Proteobacteria,Gammaproteobacteria,Alteromonadales,Pseudoalteromonadaceae,Pseudoalteromonas,ASV0213
ASV0214,Proteobacteria,Gammaproteobacteria,Alteromonadales,Shewanellaceae,Ferrimonas,ASV0214
ASV0215,Actinobacteria,Acidimicrobiia,Microtrichales,Ilumatobacteraceae,Ilumatobacter,ASV0215
ASV0216,Firmicutes,Clostridia,Clostridiales,Family_XII,Fusibacter,ASV0216
ASV0217,Proteobacteria,Deltaproteobacteria,Desulfovibrionales,Desulfovibrionaceae,Halodesulfovibrio,ASV0217
ASV0218,Proteobacteria,Alphaproteobacteria,Rhodospirillales,ASV0218,ASV0218,ASV0218
ASV0219,Proteobacteria,Alphaproteobacteria,Rhodobacterales,Rhodobacteraceae,ASV0219,ASV0219
ASV0220,Bacteroidetes,Bacteroidia,Flavobacteriales,Flavobacteriaceae,Aureivirga,ASV0220
ASV0221,Proteobacteria,Alphaproteobacteria,Rhodobacterales,Rhodobacteraceae,Phaeobacter,ASV0221
ASV0222,Proteobacteria,Alphaproteobacteria,Rhizobiales,Stappiaceae,Labrenzia,ASV0222
ASV0223,Epsilonbacteraeota,Campylobacteria,Campylobacterales,Arcobacteraceae,Arcobacter,ASV0223
ASV0224,Proteobacteria,Gammaproteobacteria,Oceanospirillales,Endozoicomonadaceae,Endozoicomonas,ASV0224
ASV0225,Proteobacteria,Gammaproteobacteria,Oceanospirillales,Oleiphilaceae,Oleiphilus,ASV0225
ASV0226,Planctomycetes,Planctomycetacia,Planctomycetales,Rubinisphaeraceae,Rubinisphaera,ASV0226
ASV0227,Epsilonbacteraeota,Campylobacteria,Campylobacterales,ASV0227,ASV0227,ASV0227
ASV0229,Proteobacteria,Gammaproteobacteria,Vibrionales,Vibrionaceae,ASV0229,ASV0229
ASV0230,Firmicutes,Clostridia,Clostridiales,Family_XII,Fusibacter,ASV0230
ASV0231,Proteobacteria,Gammaproteobacteria,Betaproteobacteriales,Burkholderiaceae,Variovorax,ASV0231
ASV0232,Proteobacteria,Gammaproteobacteria,Vibrionales,Vibrionaceae,ASV0232,ASV0232
ASV0233,Proteobacteria,Gammaproteobacteria,Vibrionales,Vibrionaceae,ASV0233,ASV0233
ASV0234,Proteobacteria,Gammaproteobacteria,Vibrionales,Vibrionaceae,Vibrio,ASV0234
ASV0235,Proteobacteria,Alphaproteobacteria,Rhodobacterales,Rhodobacteraceae,ASV0235,ASV0235
ASV0236,Proteobacteria,Alphaproteobacteria,Caulobacterales,Hyphomonadaceae,Maricaulis,ASV0236
ASV0237,Proteobacteria,Gammaproteobacteria,Alteromonadales,Pseudoalteromonadaceae,Pseudoalteromonas,ASV0237
ASV0238,Proteobacteria,Deltaproteobacteria,Bradymonadales,ASV0238,ASV0238,ASV0238
ASV0239,Firmicutes,Clostridia,Clostridiales,Family_XII,Fusibacter,ASV0239
ASV0240,Proteobacteria,Gammaproteobacteria,Alteromonadales,Colwelliaceae,Thalassotalea,ASV0240
ASV0241,Proteobacteria,Deltaproteobacteria,Bdellovibrionales,Bacteriovoracaceae,Peredibacter,ASV0241
ASV0242,Proteobacteria,Gammaproteobacteria,Betaproteobacteriales,Burkholderiaceae,Limnohabitans,ASV0242
ASV0243,Proteobacteria,Gammaproteobacteria,Pseudomonadales,Pseudomonadaceae,Pseudomonas,ASV0243
ASV0244,Proteobacteria,Gammaproteobacteria,Vibrionales,Vibrionaceae,Catenococcus,ASV0244
ASV0246,Cyanobacteria,Sericytochromatia,ASV0246,ASV0246,ASV0246,ASV0246
ASV0247,Proteobacteria,Alphaproteobacteria,Rhodobacterales,Rhodobacteraceae,Marivita,ASV0247
ASV0248,Proteobacteria,Alphaproteobacteria,Rhizobiales,Hyphomicrobiaceae,Filomicrobium,ASV0248
ASV0249,Bacteroidetes,Bacteroidia,Chitinophagales,Saprospiraceae,Saprospira,ASV0249
ASV0250,Proteobacteria,Gammaproteobacteria,Betaproteobacteriales,Burkholderiaceae,Limnohabitans,ASV0250
ASV0251,Proteobacteria,Gammaproteobacteria,Vibrionales,Vibrionaceae,Catenococcus,ASV0251
ASV0252,Proteobacteria,Gammaproteobacteria,Alteromonadales,Alteromonadaceae,Aestuariibacter,ASV0252
ASV0253,Proteobacteria,Gammaproteobacteria,Oceanospirillales,Endozoicomonadaceae,Endozoicomonas,ASV0253
ASV0254,Proteobacteria,Alphaproteobacteria,Sphingomonadales,Sphingomonadaceae,Erythrobacter,ASV0254
ASV0255,Proteobacteria,Alphaproteobacteria,Rhodobacterales,Rhodobacteraceae,Thiobacimonas,ASV0255
ASV0256,Actinobacteria,Actinobacteria,Micrococcales,Microbacteriaceae,Aurantimicrobium,ASV0256
ASV0257,Proteobacteria,Gammaproteobacteria,Oceanospirillales,Endozoicomonadaceae,Endozoicomonas,ASV0257
ASV0258,Proteobacteria,Gammaproteobacteria,Vibrionales,Vibrionaceae,Vibrio,ASV0258
ASV0259,Proteobacteria,Gammaproteobacteria,Vibrionales,Vibrionaceae,Photobacterium,ASV0259
ASV0260,Proteobacteria,Gammaproteobacteria,Xanthomonadales,Xanthomonadaceae,Stenotrophomonas,ASV0260
ASV0261,Proteobacteria,ASV0261,ASV0261,ASV0261,ASV0261,ASV0261
ASV0262,Dependentiae,Babeliae,Babeliales,ASV0262,ASV0262,ASV0262
ASV0263,Bacteroidetes,Bacteroidia,Flavobacteriales,Flavobacteriaceae,ASV0263,ASV0263
ASV0264,Proteobacteria,Alphaproteobacteria,Rhizobiales,Stappiaceae,Labrenzia,ASV0264
ASV0265,Proteobacteria,Gammaproteobacteria,Oceanospirillales,Saccharospirillaceae,ASV0265,ASV0265
ASV0266,Proteobacteria,Alphaproteobacteria,Rhodobacterales,Rhodobacteraceae,Tropicibacter,ASV0266
ASV0267,Cyanobacteria,Oxyphotobacteria,Chloroplast,ASV0267,ASV0267,ASV0267
ASV0268,Bacteroidetes,Bacteroidia,Flavobacteriales,Flavobacteriaceae,Tenacibaculum,ASV0268
ASV0270,Proteobacteria,Alphaproteobacteria,Caulobacterales,Parvularculaceae,Parvularcula,ASV0270
ASV0271,Bacteroidetes,Bacteroidia,Flavobacteriales,Flavobacteriaceae,Aureivirga,ASV0271
ASV0273,Proteobacteria,Gammaproteobacteria,Alteromonadales,Colwelliaceae,Thalassotalea,ASV0273
ASV0274,Proteobacteria,Alphaproteobacteria,Rhodobacterales,Rhodobacteraceae,ASV0274,ASV0274
ASV0275,Proteobacteria,Alphaproteobacteria,Rhodobacterales,Rhodobacteraceae,Salinihabitans,ASV0275
ASV0276,Proteobacteria,Gammaproteobacteria,Oceanospirillales,Endozoicomonadaceae,Endozoicomonas,ASV0276
ASV0277,Proteobacteria,Alphaproteobacteria,Rhizobiales,Beijerinckiaceae,Methylobacterium,ASV0277
ASV0278,Proteobacteria,Gammaproteobacteria,Betaproteobacteriales,Burkholderiaceae,Acidovorax,ASV0278
ASV0279,Proteobacteria,Gammaproteobacteria,Betaproteobacteriales,Burkholderiaceae,Alicycliphilus,ASV0279
ASV0281,Proteobacteria,Gammaproteobacteria,Oceanospirillales,Endozoicomonadaceae,Endozoicomonas,ASV0281
ASV0282,Proteobacteria,Gammaproteobacteria,ASV0282,ASV0282,ASV0282,ASV0282
ASV0283,Proteobacteria,Alphaproteobacteria,Rhizobiales,Beijerinckiaceae,Methylobacterium,ASV0283
ASV0284,Proteobacteria,Gammaproteobacteria,Alteromonadales,Alteromonadaceae,Alteromonas,ASV0284
ASV0285,Proteobacteria,Gammaproteobacteria,Vibrionales,Vibrionaceae,ASV0285,ASV0285
ASV0286,Proteobacteria,Alphaproteobacteria,SAR11_clade,Clade_I,Clade_Ia,ASV0286
ASV0287,Proteobacteria,Gammaproteobacteria,Betaproteobacteriales,Burkholderiaceae,Polynucleobacter,ASV0287
ASV0288,Proteobacteria,Alphaproteobacteria,Caulobacterales,Hyphomonadaceae,Hyphomonas,ASV0288
ASV0289,Firmicutes,Clostridia,Clostridiales,Clostridiaceae_1,Oceanirhabdus,ASV0289
ASV0290,Firmicutes,Clostridia,Clostridiales,Clostridiaceae,Anaeromicrobium,ASV0290
ASV0291,Proteobacteria,Alphaproteobacteria,Caulobacterales,Caulobacteraceae,Caulobacter,ASV0291
ASV0292,Proteobacteria,Gammaproteobacteria,Oceanospirillales,Nitrincolaceae,ASV0292,ASV0292
ASV0293,Proteobacteria,Gammaproteobacteria,Oceanospirillales,Saccharospirillaceae,ASV0293,ASV0293
ASV0294,Chlamydiae,Chlamydiae,Chlamydiales,Simkaniaceae,Ga0074140,ASV0294
ASV0295,Proteobacteria,Gammaproteobacteria,Oceanospirillales,Endozoicomonadaceae,Endozoicomonas,ASV0295
ASV0296,Chlamydiae,Chlamydiae,Chlamydiales,Chlamydiaceae,ASV0296,ASV0296
ASV0297,Acidobacteria,Thermoanaerobaculia,Thermoanaerobaculales,Thermoanaerobaculaceae,Subgroup_10,ASV0297
ASV0299,Proteobacteria,Gammaproteobacteria,Alteromonadales,Alteromonadaceae,Alteromonas,ASV0299
ASV0300,Bacteroidetes,Bacteroidia,Flavobacteriales,Flavobacteriaceae,Flavobacterium,ASV0300
ASV0301,Actinobacteria,Actinobacteria,Propionibacteriales,Propionibacteriaceae,Cutibacterium,ASV0301
ASV0302,Proteobacteria,Alphaproteobacteria,Rhodobacterales,Rhodobacteraceae,ASV0302,ASV0302
ASV0303,Proteobacteria,Gammaproteobacteria,Alteromonadales,Pseudoalteromonadaceae,Pseudoalteromonas,ASV0303
ASV0304,Proteobacteria,Gammaproteobacteria,ASV0304,ASV0304,ASV0304,ASV0304
ASV0305,Proteobacteria,Gammaproteobacteria,Vibrionales,Vibrionaceae,Grimontia,ASV0305
ASV0306,Firmicutes,Clostridia,Clostridiales,Family_XII,Fusibacter,ASV0306
ASV0307,Actinobacteria,Actinobacteria,Corynebacteriales,Corynebacteriaceae,Lawsonella,ASV0307
ASV0308,Actinobacteria,Actinobacteria,Corynebacteriales,Corynebacteriaceae,Corynebacterium_1,ASV0308
ASV0309,Proteobacteria,Gammaproteobacteria,Betaproteobacteriales,Burkholderiaceae,Aquabacterium,ASV0309
ASV0310,Proteobacteria,Gammaproteobacteria,Alteromonadales,Alteromonadaceae,Aestuariibacter,ASV0310
ASV0311,Proteobacteria,Gammaproteobacteria,Oceanospirillales,Endozoicomonadaceae,Endozoicomonas,ASV0311
ASV0312,Proteobacteria,Gammaproteobacteria,Oceanospirillales,Nitrincolaceae,Neptuniibacter,ASV0312
ASV0313,Proteobacteria,Alphaproteobacteria,Rhodobacterales,Rhodobacteraceae,Leisingera,ASV0313
ASV0314,Proteobacteria,Gammaproteobacteria,Gammaproteobacteria_Incertae_Sedis,Unknown_Family,ASV0314,ASV0314
ASV0316,Proteobacteria,Alphaproteobacteria,Sphingomonadales,Sphingomonadaceae,Sphingomonas,ASV0316
ASV0317,Bacteroidetes,Chlorobia,Chlorobiales,Chlorobiaceae,ASV0317,ASV0317
ASV0318,Chlamydiae,Chlamydiae,Chlamydiales,Simkaniaceae,Ga0074140,ASV0318
ASV0319,Proteobacteria,Gammaproteobacteria,Alteromonadales,Pseudoalteromonadaceae,Pseudoalteromonas,ASV0319
ASV0320,Proteobacteria,Alphaproteobacteria,Rhodobacterales,Rhodobacteraceae,Nautella,ASV0320
ASV0321,Proteobacteria,Gammaproteobacteria,Alteromonadales,Idiomarinaceae,Idiomarina,ASV0321
ASV0322,Proteobacteria,Gammaproteobacteria,Oceanospirillales,ASV0322,ASV0322,ASV0322
ASV0323,Proteobacteria,Gammaproteobacteria,Oceanospirillales,Endozoicomonadaceae,Endozoicomonas,ASV0323
ASV0324,Proteobacteria,Gammaproteobacteria,Betaproteobacteriales,Burkholderiaceae,Acidovorax,ASV0324
ASV0325,Firmicutes,Clostridia,Clostridiales,Family_XII,Fusibacter,ASV0325
ASV0326,Proteobacteria,Alphaproteobacteria,Rhodobacterales,Rhodobacteraceae,Pseudophaeobacter,ASV0326
ASV0327,Proteobacteria,Gammaproteobacteria,Oceanospirillales,Nitrincolaceae,Marinobacterium,ASV0327
ASV0328,Proteobacteria,Gammaproteobacteria,BD72BR169,ASV0328,ASV0328,ASV0328
ASV0329,Proteobacteria,Deltaproteobacteria,Bradymonadales,ASV0329,ASV0329,ASV0329
ASV0330,Proteobacteria,Gammaproteobacteria,EPR3968-O8a-Bc78,ASV0330,ASV0330,ASV0330
ASV0331,Bacteroidetes,Bacteroidia,Flavobacteriales,Flavobacteriaceae,Aureivirga,ASV0331
ASV0332,Proteobacteria,Gammaproteobacteria,Alteromonadales,Pseudoalteromonadaceae,Algicola,ASV0332
ASV0333,Proteobacteria,Alphaproteobacteria,Caulobacterales,Hyphomonadaceae,Maricaulis,ASV0333
ASV0334,Actinobacteria,Actinobacteria,Propionibacteriales,Propionibacteriaceae,Cutibacterium,ASV0334
ASV0335,Proteobacteria,Gammaproteobacteria,Alteromonadales,Pseudoalteromonadaceae,Pseudoalteromonas,ASV0335
ASV0336,Bacteroidetes,Bacteroidia,Flavobacteriales,Flavobacteriaceae,Flavobacterium,ASV0336
ASV0337,Proteobacteria,Alphaproteobacteria,Rhodobacterales,Rhodobacteraceae,Ruegeria,ASV0337
ASV0338,Proteobacteria,Alphaproteobacteria,Caulobacterales,Parvularculaceae,Parvularcula,ASV0338
ASV0339,Proteobacteria,Deltaproteobacteria,PB19,ASV0339,ASV0339,ASV0339
ASV0340,Firmicutes,Bacilli,Bacillales,Staphylococcaceae,Staphylococcus,ASV0340
ASV0341,Proteobacteria,Alphaproteobacteria,Rhodospirillales,Terasakiellaceae,Terasakiella,ASV0341
ASV0342,Proteobacteria,Gammaproteobacteria,Alteromonadales,Alteromonadaceae,Alteromonas,ASV0342
ASV0343,Proteobacteria,Gammaproteobacteria,Alteromonadales,Alteromonadaceae,Alteromonas,ASV0343
ASV0344,Proteobacteria,Gammaproteobacteria,Alteromonadales,Pseudoalteromonadaceae,Algicola,ASV0344
ASV0345,Proteobacteria,Gammaproteobacteria,Gammaproteobacteria_Incertae_Sedis,Unknown_Family,Wenzhouxiangella,ASV0345
ASV0346,Firmicutes,Clostridia,Clostridiales,Family_XII,ASV0346,ASV0346
ASV0347,Proteobacteria,Gammaproteobacteria,Oceanospirillales,Nitrincolaceae,Marinobacterium,ASV0347
ASV0348,Proteobacteria,Alphaproteobacteria,Sphingomonadales,Sphingomonadaceae,Sphingomonas,ASV0348
ASV0349,Proteobacteria,Gammaproteobacteria,Gammaproteobacteria_Incertae_Sedis,Unknown_Family,Acidibacter,ASV0349
ASV0350,Proteobacteria,Gammaproteobacteria,Oceanospirillales,Endozoicomonadaceae,Endozoicomonas,ASV0350
ASV0351,Proteobacteria,Alphaproteobacteria,Rhodobacterales,Rhodobacteraceae,Leisingera,ASV0351
ASV0352,Proteobacteria,Alphaproteobacteria,Caulobacterales,Hyphomonadaceae,ASV0352,ASV0352
ASV0353,Proteobacteria,Alphaproteobacteria,Rhizobiales,Stappiaceae,Labrenzia,ASV0353
ASV0354,Proteobacteria,Gammaproteobacteria,Alteromonadales,Alteromonadaceae,ASV0354,ASV0354
ASV0355,Bacteroidetes,Bacteroidia,Chitinophagales,Saprospiraceae,Saprospira,ASV0355
ASV0356,Firmicutes,Clostridia,Clostridiales,Family_XII,Fusibacter,ASV0356
ASV0357,Proteobacteria,Alphaproteobacteria,Rhizobiales,Beijerinckiaceae,Bosea,ASV0357
ASV0358,Proteobacteria,Gammaproteobacteria,Alteromonadales,Idiomarinaceae,Idiomarina,ASV0358
ASV0359,Proteobacteria,Gammaproteobacteria,Oceanospirillales,Nitrincolaceae,ASV0359,ASV0359
ASV0360,Proteobacteria,Alphaproteobacteria,Rhodospirillales,ASV0360,ASV0360,ASV0360
ASV0361,Proteobacteria,Gammaproteobacteria,Pseudomonadales,Moraxellaceae,Enhydrobacter,ASV0361
ASV0362,Proteobacteria,Alphaproteobacteria,Rickettsiales,Mitochondria,ASV0362,ASV0362
ASV0363,Firmicutes,Clostridia,Clostridiales,Family_XII,Fusibacter,ASV0363
ASV0364,Proteobacteria,Deltaproteobacteria,Bdellovibrionales,Bacteriovoracaceae,Halobacteriovorax,ASV0364
ASV0365,Proteobacteria,Gammaproteobacteria,Oceanospirillales,Endozoicomonadaceae,Endozoicomonas,ASV0365
ASV0366,Proteobacteria,Gammaproteobacteria,Alteromonadales,Shewanellaceae,Ferrimonas,ASV0366
ASV0367,Proteobacteria,Gammaproteobacteria,Pseudomonadales,Pseudomonadaceae,Pseudomonas,ASV0367
ASV0368,Bacteroidetes,Bacteroidia,Flavobacteriales,Flavobacteriaceae,Nonlabens,ASV0368
ASV0370,Firmicutes,Bacilli,Bacillales,Staphylococcaceae,Staphylococcus,ASV0370
ASV0371,Proteobacteria,Alphaproteobacteria,Rhodobacterales,Rhodobacteraceae,ASV0371,ASV0371
ASV0372,Firmicutes,Clostridia,Clostridiales,Family_XII,Fusibacter,ASV0372
ASV0373,Proteobacteria,Gammaproteobacteria,Vibrionales,Vibrionaceae,Vibrio,ASV0373
ASV0374,Proteobacteria,Alphaproteobacteria,Rhizobiales,Stappiaceae,Pseudovibrio,ASV0374
ASV0375,Proteobacteria,Alphaproteobacteria,Rhodobacterales,Rhodobacteraceae,ASV0375,ASV0375
ASV0376,Proteobacteria,Gammaproteobacteria,Oceanospirillales,Nitrincolaceae,Marinobacterium,ASV0376
ASV0377,Proteobacteria,Alphaproteobacteria,Rhizobiales,Hyphomicrobiaceae,Filomicrobium,ASV0377
ASV0378,Proteobacteria,Deltaproteobacteria,Bradymonadales,ASV0378,ASV0378,ASV0378
ASV0379,Proteobacteria,Gammaproteobacteria,Alteromonadales,Marinobacteraceae,Marinobacter,ASV0379
ASV0380,Proteobacteria,Gammaproteobacteria,Vibrionales,Vibrionaceae,Vibrio,ASV0380
ASV0381,Proteobacteria,Alphaproteobacteria,Sphingomonadales,Sphingomonadaceae,Sphingomonas,ASV0381
ASV0382,Proteobacteria,Alphaproteobacteria,Rhodobacterales,Rhodobacteraceae,ASV0382,ASV0382
ASV0384,Proteobacteria,Alphaproteobacteria,Rhodobacterales,Rhodobacteraceae,Aliiroseovarius,ASV0384
ASV0386,Firmicutes,Clostridia,Clostridiales,Clostridiaceae_1,Oceanirhabdus,ASV0386
ASV0387,Actinobacteria,Actinobacteria,Micrococcales,Brevibacteriaceae,Brevibacterium,ASV0387
ASV0388,Proteobacteria,Gammaproteobacteria,Oceanospirillales,Halomonadaceae,Halomonas,ASV0388
ASV0389,Actinobacteria,Actinobacteria,Micrococcales,Micrococcaceae,Kocuria,ASV0389
ASV0391,Proteobacteria,Gammaproteobacteria,Vibrionales,Vibrionaceae,ASV0391,ASV0391
ASV0392,Proteobacteria,Gammaproteobacteria,Pseudomonadales,Moraxellaceae,Psychrobacter,ASV0392
ASV0393,Actinobacteria,Actinobacteria,Frankiales,Sporichthyaceae,ASV0393,ASV0393
ASV0394,ASV0394,ASV0394,ASV0394,ASV0394,ASV0394,ASV0394
ASV0395,Proteobacteria,Alphaproteobacteria,Rhizobiales,Rhizobiaceae,Cohaesibacter,ASV0395
ASV0396,Proteobacteria,Gammaproteobacteria,Oceanospirillales,Endozoicomonadaceae,Endozoicomonas,ASV0396
ASV0397,Proteobacteria,Gammaproteobacteria,Alteromonadales,Shewanellaceae,Shewanella,ASV0397
ASV0398,Proteobacteria,Alphaproteobacteria,Rhodospirillales,Magnetospiraceae,ASV0398,ASV0398
ASV0399,Proteobacteria,Gammaproteobacteria,Vibrionales,Vibrionaceae,Vibrio,ASV0399
ASV0400,Proteobacteria,Gammaproteobacteria,Pseudomonadales,Moraxellaceae,Acinetobacter,ASV0400
ASV0401,Actinobacteria,Actinobacteria,Propionibacteriales,Propionibacteriaceae,Cutibacterium,ASV0401
ASV0402,Proteobacteria,Alphaproteobacteria,Rhodobacterales,Rhodobacteraceae,Silicimonas,ASV0402
ASV0403,Firmicutes,Clostridia,Clostridiales,Clostridiaceae_4,Paramaledivibacter,ASV0403
ASV0404,Proteobacteria,Gammaproteobacteria,Pseudomonadales,Moraxellaceae,Acinetobacter,ASV0404
ASV0405,Proteobacteria,Gammaproteobacteria,Vibrionales,Vibrionaceae,Vibrio,ASV0405
ASV0406,Proteobacteria,Alphaproteobacteria,Sphingomonadales,Sphingomonadaceae,Porphyrobacter,ASV0406
ASV0407,Actinobacteria,Actinobacteria,Corynebacteriales,Nocardiaceae,Rhodococcus,ASV0407
ASV0408,Proteobacteria,Alphaproteobacteria,Rickettsiales,ASV0408,ASV0408,ASV0408
ASV0410,Epsilonbacteraeota,Campylobacteria,Campylobacterales,Arcobacteraceae,Arcobacter,ASV0410
ASV0411,Proteobacteria,Alphaproteobacteria,Sphingomonadales,Sphingomonadaceae,Sphingomonas,ASV0411
ASV0412,Firmicutes,Bacilli,Bacillales,Bacillaceae,Bacillus,ASV0412
ASV0413,Proteobacteria,ASV0413,ASV0413,ASV0413,ASV0413,ASV0413
ASV0414,Proteobacteria,Alphaproteobacteria,Caulobacterales,Hyphomonadaceae,Oceanicaulis,ASV0414
ASV0415,Firmicutes,Clostridia,Clostridiales,Clostridiaceae_4,Caminicella,ASV0415
ASV0416,Proteobacteria,Gammaproteobacteria,Cellvibrionales,Cellvibrionaceae,Pseudoteredinibacter,ASV0416
ASV0417,Proteobacteria,Gammaproteobacteria,Vibrionales,Vibrionaceae,ASV0417,ASV0417
ASV0418,Proteobacteria,Gammaproteobacteria,Alteromonadales,Shewanellaceae,Ferrimonas,ASV0418
ASV0419,Proteobacteria,Alphaproteobacteria,Rhizobiales,Stappiaceae,Roseibium,ASV0419
ASV0420,Proteobacteria,Alphaproteobacteria,Rhizobiales,Xanthobacteraceae,Afipia,ASV0420
ASV0421,Actinobacteria,Actinobacteria,Micrococcales,Microbacteriaceae,Microbacterium,ASV0421
ASV0422,Bacteroidetes,Bacteroidia,Flavobacteriales,Flavobacteriaceae,Tenacibaculum,ASV0422
ASV0423,Proteobacteria,Gammaproteobacteria,Cellvibrionales,Halieaceae,Pseudohaliea,ASV0423
ASV0424,Actinobacteria,Actinobacteria,Actinomycetales,Actinomycetaceae,Actinomyces,ASV0424
ASV0425,Proteobacteria,Gammaproteobacteria,Pasteurellales,Pasteurellaceae,Haemophilus,ASV0425
ASV0426,Firmicutes,Clostridia,Clostridiales,Peptostreptococcaceae,Peptoclostridium,ASV0426
ASV0427,Proteobacteria,Alphaproteobacteria,Rickettsiales,Rickettsiaceae,ASV0427,ASV0427
ASV0428,Proteobacteria,Gammaproteobacteria,Oceanospirillales,Marinomonadaceae,Marinomonas,ASV0428
ASV0429,Proteobacteria,Gammaproteobacteria,Alteromonadales,Alteromonadaceae,Salinimonas,ASV0429
ASV0431,Proteobacteria,Gammaproteobacteria,Oceanospirillales,Nitrincolaceae,Neptuniibacter,ASV0431
ASV0432,Proteobacteria,Gammaproteobacteria,Betaproteobacteriales,Methylophilaceae,OM43_clade,ASV0432
ASV0433,Proteobacteria,Gammaproteobacteria,Alteromonadales,Pseudoalteromonadaceae,Algicola,ASV0433
ASV0434,Firmicutes,Clostridia,Clostridiales,Clostridiaceae_1,Oceanirhabdus,ASV0434
ASV0435,Proteobacteria,Alphaproteobacteria,Rhodobacterales,Rhodobacteraceae,Thalassobius,ASV0435
ASV0436,Proteobacteria,Gammaproteobacteria,Oceanospirillales,Endozoicomonadaceae,Endozoicomonas,ASV0436
ASV0437,Proteobacteria,Alphaproteobacteria,Rhizobiales,Rhizobiaceae,ASV0437,ASV0437
ASV0438,Proteobacteria,Gammaproteobacteria,Vibrionales,Vibrionaceae,Photobacterium,ASV0438
ASV0439,Actinobacteria,Actinobacteria,Micrococcales,Micrococcaceae,Micrococcus,ASV0439
ASV0440,Proteobacteria,Deltaproteobacteria,Bradymonadales,ASV0440,ASV0440,ASV0440
ASV0441,Proteobacteria,Alphaproteobacteria,Rhizobiales,Rhizobiaceae,Nitratireductor,ASV0441
ASV0442,Proteobacteria,Alphaproteobacteria,ASV0442,ASV0442,ASV0442,ASV0442
ASV0443,Firmicutes,Clostridia,Clostridiales,Clostridiaceae_1,Fonticella,ASV0443
ASV0444,Proteobacteria,Gammaproteobacteria,Alteromonadales,Idiomarinaceae,Idiomarina,ASV0444
ASV0445,Proteobacteria,Gammaproteobacteria,Alteromonadales,Alteromonadaceae,Alteromonas,ASV0445
ASV0446,Proteobacteria,Gammaproteobacteria,Alteromonadales,Idiomarinaceae,Idiomarina,ASV0446
ASV0447,Proteobacteria,Gammaproteobacteria,Oceanospirillales,Halomonadaceae,Halomonas,ASV0447
ASV0448,Proteobacteria,Gammaproteobacteria,Pseudomonadales,Moraxellaceae,Acinetobacter,ASV0448
ASV0449,Proteobacteria,Alphaproteobacteria,Rhizobiales,Rhizobiaceae,Cohaesibacter,ASV0449
ASV0450,Patescibacteria,Gracilibacteria,JGI_0000069-P22,ASV0450,ASV0450,ASV0450
ASV0451,Firmicutes,Clostridia,Clostridiales,Clostridiaceae_4,Paramaledivibacter,ASV0451
ASV0452,Proteobacteria,Gammaproteobacteria,Alteromonadales,Pseudoalteromonadaceae,Pseudoalteromonas,ASV0452
ASV0453,Proteobacteria,Deltaproteobacteria,Bdellovibrionales,Bdellovibrionaceae,Bdellovibrio,ASV0453
ASV0454,Proteobacteria,Gammaproteobacteria,Oceanospirillales,Endozoicomonadaceae,Endozoicomonas,ASV0454
ASV0455,Bacteroidetes,Bacteroidia,Flavobacteriales,Flavobacteriaceae,ASV0455,ASV0455
ASV0456,Proteobacteria,Gammaproteobacteria,Betaproteobacteriales,Burkholderiaceae,Comamonas,ASV0456
ASV0457,Bacteroidetes,Bacteroidia,Bacteroidales,Marinifilaceae,Marinifilum,ASV0457
ASV0458,Proteobacteria,Gammaproteobacteria,Oceanospirillales,Halomonadaceae,Halomonas,ASV0458
ASV0459,Proteobacteria,Gammaproteobacteria,Enterobacteriales,Enterobacteriaceae,Klebsiella,ASV0459
ASV0460,Proteobacteria,Alphaproteobacteria,Caulobacterales,Hyphomonadaceae,ASV0460,ASV0460
ASV0461,Proteobacteria,Gammaproteobacteria,Oceanospirillales,Endozoicomonadaceae,Endozoicomonas,ASV0461
ASV0462,Proteobacteria,Gammaproteobacteria,Betaproteobacteriales,Burkholderiaceae,Massilia,ASV0462
ASV0463,Proteobacteria,Alphaproteobacteria,Rhodobacterales,Rhodobacteraceae,Lacimonas,ASV0463
ASV0464,Firmicutes,Clostridia,Clostridiales,ASV0464,ASV0464,ASV0464
ASV0465,Proteobacteria,Alphaproteobacteria,Micavibrionales,Micavibrionaceae,ASV0465,ASV0465
ASV0466,Proteobacteria,Alphaproteobacteria,Rhodospirillales,ASV0466,ASV0466,ASV0466
ASV0467,ASV0467,ASV0467,ASV0467,ASV0467,ASV0467,ASV0467
ASV0468,Bacteroidetes,Bacteroidia,Bacteroidales,Marinifilaceae,Marinifilum,ASV0468
ASV0469,Proteobacteria,Deltaproteobacteria,Myxococcales,Sandaracinaceae,Sandaracinus,ASV0469
ASV0470,Proteobacteria,Gammaproteobacteria,Oceanospirillales,Nitrincolaceae,Amphritea,ASV0470
ASV0471,Proteobacteria,Gammaproteobacteria,Alteromonadales,Colwelliaceae,Thalassotalea,ASV0471
ASV0472,Proteobacteria,Gammaproteobacteria,Oceanospirillales,Endozoicomonadaceae,Endozoicomonas,ASV0472
ASV0473,Proteobacteria,Gammaproteobacteria,Alteromonadales,Alteromonadaceae,Alteromonas,ASV0473
ASV0474,Proteobacteria,Gammaproteobacteria,Oceanospirillales,Endozoicomonadaceae,Endozoicomonas,ASV0474
ASV0475,Actinobacteria,Actinobacteria,Frankiales,Sporichthyaceae,hgcI_clade,ASV0475
ASV0476,Firmicutes,Clostridia,Clostridiales,Family_XII,Fusibacter,ASV0476
ASV0477,Proteobacteria,Gammaproteobacteria,Oceanospirillales,Endozoicomonadaceae,Endozoicomonas,ASV0477
ASV0478,Fusobacteria,Fusobacteriia,Fusobacteriales,Fusobacteriaceae,Propionigenium,ASV0478
ASV0479,Proteobacteria,Gammaproteobacteria,Oceanospirillales,ASV0479,ASV0479,ASV0479
ASV0480,Firmicutes,Bacilli,Lactobacillales,Carnobacteriaceae,ASV0480,ASV0480
ASV0481,Proteobacteria,Alphaproteobacteria,Rhodobacterales,Rhodobacteraceae,Loktanella,ASV0481
ASV0482,Proteobacteria,Gammaproteobacteria,Alteromonadales,Colwelliaceae,ASV0482,ASV0482
ASV0483,Proteobacteria,Alphaproteobacteria,Rickettsiales,Anaplasmataceae,ASV0483,ASV0483
ASV0484,Proteobacteria,Alphaproteobacteria,Rhizobiales,Stappiaceae,Labrenzia,ASV0484
ASV0485,Proteobacteria,Gammaproteobacteria,Oceanospirillales,Alcanivoracaceae,Alcanivorax,ASV0485
ASV0487,Proteobacteria,Alphaproteobacteria,Rhodobacterales,Rhodobacteraceae,Roseovarius,ASV0487
ASV0488,Proteobacteria,Gammaproteobacteria,Alteromonadales,Idiomarinaceae,Idiomarina,ASV0488
ASV0489,Actinobacteria,Actinobacteria,Micrococcales,Micrococcaceae,Rothia,ASV0489
ASV0490,Proteobacteria,Alphaproteobacteria,Rhizobiales,Stappiaceae,Labrenzia,ASV0490
ASV0491,Proteobacteria,Gammaproteobacteria,Vibrionales,Vibrionaceae,Vibrio,ASV0491
ASV0492,Firmicutes,Clostridia,Clostridiales,Peptostreptococcaceae,Paraclostridium,ASV0492
ASV0493,Firmicutes,Bacilli,Bacillales,Alicyclobacillaceae,Tumebacillus,ASV0493
ASV0494,Bacteroidetes,Bacteroidia,Cytophagales,Cyclobacteriaceae,Persicobacter,ASV0494
ASV0495,Proteobacteria,Gammaproteobacteria,Betaproteobacteriales,Burkholderiaceae,Polynucleobacter,ASV0495
ASV0496,Firmicutes,Bacilli,Lactobacillales,Carnobacteriaceae,Atopostipes,ASV0496
ASV0497,Proteobacteria,Gammaproteobacteria,Legionellales,Legionellaceae,ASV0497,ASV0497
ASV0498,Proteobacteria,Alphaproteobacteria,SAR11_clade,Clade_III,ASV0498,ASV0498
ASV0500,Firmicutes,Bacilli,Lactobacillales,Streptococcaceae,Streptococcus,ASV0500
ASV0501,Firmicutes,Clostridia,Clostridiales,Clostridiaceae_1,ASV0501,ASV0501
ASV0502,Proteobacteria,Alphaproteobacteria,Rhizobiales,Beijerinckiaceae,Methylobacterium,ASV0502
ASV0503,ASV0503,ASV0503,ASV0503,ASV0503,ASV0503,ASV0503
ASV0504,Proteobacteria,Gammaproteobacteria,Alteromonadales,Pseudoalteromonadaceae,Psychrosphaera,ASV0504
ASV0505,Proteobacteria,Gammaproteobacteria,Alteromonadales,Psychromonadaceae,Agarivorans,ASV0505
ASV0506,Proteobacteria,Deltaproteobacteria,Bdellovibrionales,Bacteriovoracaceae,Peredibacter,ASV0506
ASV0507,Actinobacteria,Actinobacteria,Corynebacteriales,Dietziaceae,Dietzia,ASV0507
ASV0508,Proteobacteria,Alphaproteobacteria,Caulobacterales,Hyphomonadaceae,Ponticaulis,ASV0508
ASV0509,Proteobacteria,Alphaproteobacteria,ASV0509,ASV0509,ASV0509,ASV0509
ASV0510,Firmicutes,Clostridia,Clostridiales,Lachnospiraceae,Vallitalea,ASV0510
ASV0511,Actinobacteria,Actinobacteria,Micrococcales,Microbacteriaceae,Huakuichenia,ASV0511
ASV0512,Proteobacteria,Alphaproteobacteria,Caulobacterales,Hyphomonadaceae,Oceanicaulis,ASV0512
ASV0513,Proteobacteria,Alphaproteobacteria,ASV0513,ASV0513,ASV0513,ASV0513
ASV0514,Cyanobacteria,Sericytochromatia,ASV0514,ASV0514,ASV0514,ASV0514
ASV0515,Proteobacteria,Gammaproteobacteria,Oceanospirillales,Endozoicomonadaceae,Endozoicomonas,ASV0515
ASV0516,Proteobacteria,Gammaproteobacteria,Alteromonadales,Alteromonadaceae,ASV0516,ASV0516
ASV0517,Proteobacteria,Alphaproteobacteria,Rhodobacterales,Rhodobacteraceae,Lutimaribacter,ASV0517
ASV0518,Proteobacteria,Gammaproteobacteria,Vibrionales,Vibrionaceae,Catenococcus,ASV0518
ASV0519,Proteobacteria,Alphaproteobacteria,Rhizobiales,Stappiaceae,Labrenzia,ASV0519
ASV0520,Proteobacteria,Gammaproteobacteria,Alteromonadales,Pseudoalteromonadaceae,Algicola,ASV0520
ASV0521,Proteobacteria,Alphaproteobacteria,Rhodobacterales,Rhodobacteraceae,Roseovarius,ASV0521
ASV0522,Proteobacteria,Alphaproteobacteria,Rhizobiales,ASV0522,ASV0522,ASV0522
ASV0523,Firmicutes,Bacilli,Bacillales,Bacillaceae,Vulcanibacillus,ASV0523
ASV0524,Chlamydiae,Chlamydiae,Chlamydiales,Simkaniaceae,Simkania,ASV0524
ASV0525,Proteobacteria,Alphaproteobacteria,Rhodobacterales,Rhodobacteraceae,Roseovarius,ASV0525
ASV0526,Proteobacteria,Gammaproteobacteria,Betaproteobacteriales,Burkholderiaceae,Limnohabitans,ASV0526
ASV0527,Dependentiae,Babeliae,Babeliales,UBA12411,ASV0527,ASV0527
ASV0528,Proteobacteria,Gammaproteobacteria,Alteromonadales,Shewanellaceae,Ferrimonas,ASV0528
ASV0529,Proteobacteria,Gammaproteobacteria,Betaproteobacteriales,Burkholderiaceae,Pelomonas,ASV0529
ASV0530,Firmicutes,Clostridia,Clostridiales,Family_XI,Finegoldia,ASV0530
ASV0531,Proteobacteria,Alphaproteobacteria,Rhodobacterales,Rhodobacteraceae,ASV0531,ASV0531
ASV0532,Proteobacteria,Alphaproteobacteria,SAR11_clade,Clade_II,ASV0532,ASV0532
ASV0533,Proteobacteria,Gammaproteobacteria,Oceanospirillales,Endozoicomonadaceae,Endozoicomonas,ASV0533
ASV0534,Proteobacteria,Gammaproteobacteria,Alteromonadales,Shewanellaceae,Shewanella,ASV0534
ASV0535,Proteobacteria,Alphaproteobacteria,Rhodobacterales,Rhodobacteraceae,Marivita,ASV0535
ASV0536,Proteobacteria,Alphaproteobacteria,Sphingomonadales,Sphingomonadaceae,Sphingorhabdus,ASV0536
ASV0537,Proteobacteria,Gammaproteobacteria,Oceanospirillales,Alcanivoracaceae,Alcanivorax,ASV0537
ASV0538,Proteobacteria,Gammaproteobacteria,Betaproteobacteriales,Rhodocyclaceae,C39,ASV0538
ASV0539,Bacteroidetes,Bacteroidia,Flavobacteriales,Flavobacteriaceae,Tenacibaculum,ASV0539
ASV0540,Firmicutes,Clostridia,Clostridiales,Family_XII,Fusibacter,ASV0540
ASV0541,Proteobacteria,Gammaproteobacteria,Betaproteobacteriales,Burkholderiaceae,Duganella,ASV0541
ASV0542,Bacteroidetes,Bacteroidia,Chitinophagales,Chitinophagaceae,Sediminibacterium,ASV0542
ASV0543,Proteobacteria,Alphaproteobacteria,Rhizobiales,Rhizobiaceae,Roseitalea,ASV0543
ASV0544,Proteobacteria,Gammaproteobacteria,Cellvibrionales,Spongiibacteraceae,BD1-7_clade,ASV0544
ASV0545,Proteobacteria,Gammaproteobacteria,Oceanospirillales,Endozoicomonadaceae,Endozoicomonas,ASV0545
ASV0546,Planctomycetes,Planctomycetacia,Pirellulales,Pirellulaceae,Blastopirellula,ASV0546
ASV0547,Proteobacteria,Gammaproteobacteria,Oceanospirillales,Nitrincolaceae,Marinobacterium,ASV0547
ASV0549,Proteobacteria,Gammaproteobacteria,Alteromonadales,Alteromonadaceae,ASV0549,ASV0549
ASV0550,Proteobacteria,Deltaproteobacteria,ASV0550,ASV0550,ASV0550,ASV0550
ASV0551,Proteobacteria,Gammaproteobacteria,Alteromonadales,Shewanellaceae,Ferrimonas,ASV0551
ASV0552,Proteobacteria,Alphaproteobacteria,Rhodobacterales,Rhodobacteraceae,Cribrihabitans,ASV0552
ASV0553,Proteobacteria,Gammaproteobacteria,Alteromonadales,Psychromonadaceae,Agarivorans,ASV0553
ASV0554,Proteobacteria,Gammaproteobacteria,Coxiellales,Coxiellaceae,Coxiella,ASV0554
ASV0555,Proteobacteria,Alphaproteobacteria,Parvibaculales,Parvibaculaceae,Mf105b01,ASV0555
ASV0556,Proteobacteria,Gammaproteobacteria,Vibrionales,Vibrionaceae,Catenococcus,ASV0556
ASV0557,Firmicutes,Clostridia,Clostridiales,Lachnospiraceae,Vallitalea,ASV0557
ASV0558,Proteobacteria,Gammaproteobacteria,Alteromonadales,Shewanellaceae,Shewanella,ASV0558
ASV0559,Firmicutes,Clostridia,Clostridiales,Family_XI,Anaerococcus,ASV0559
ASV0560,Proteobacteria,Gammaproteobacteria,Oceanospirillales,Saccharospirillaceae,Oleispira,ASV0560
ASV0561,Proteobacteria,Gammaproteobacteria,Oceanospirillales,Endozoicomonadaceae,Endozoicomonas,ASV0561
ASV0562,Firmicutes,Bacilli,Lactobacillales,Lactobacillaceae,Lactobacillus,ASV0562
ASV0563,Proteobacteria,Gammaproteobacteria,Betaproteobacteriales,Methylophilaceae,Methylotenera,ASV0563
ASV0564,Proteobacteria,Alphaproteobacteria,NRL2,ASV0564,ASV0564,ASV0564
ASV0565,Proteobacteria,Alphaproteobacteria,Rhodobacterales,Rhodobacteraceae,Marinovum,ASV0565
ASV0566,Actinobacteria,Actinobacteria,PeM15,ASV0566,ASV0566,ASV0566
ASV0567,Proteobacteria,Gammaproteobacteria,Enterobacteriales,Enterobacteriaceae,Yersinia,ASV0567
ASV0568,Proteobacteria,Gammaproteobacteria,Betaproteobacteriales,Methylophilaceae,Methylotenera,ASV0568
ASV0569,Actinobacteria,Acidimicrobiia,Microtrichales,Ilumatobacteraceae,Ilumatobacter,ASV0569
ASV0570,Proteobacteria,Alphaproteobacteria,Rhodobacterales,Rhodobacteraceae,Tropicibacter,ASV0570
ASV0571,Proteobacteria,Gammaproteobacteria,Vibrionales,Vibrionaceae,Catenococcus,ASV0571
ASV0572,Actinobacteria,Actinobacteria,Kineosporiales,Kineosporiaceae,Kineococcus,ASV0572
ASV0573,Chlamydiae,Chlamydiae,Chlamydiales,Simkaniaceae,Ga0074140,ASV0573
ASV0574,Proteobacteria,Alphaproteobacteria,Sphingomonadales,Sphingomonadaceae,Sphingomonas,ASV0574
ASV0575,Proteobacteria,Alphaproteobacteria,ASV0575,ASV0575,ASV0575,ASV0575
ASV0576,Proteobacteria,Alphaproteobacteria,Rhizobiales,Methyloligellaceae,ASV0576,ASV0576
ASV0577,Proteobacteria,Gammaproteobacteria,Oceanospirillales,Nitrincolaceae,Amphritea,ASV0577
ASV0578,Bacteroidetes,Bacteroidia,Flavobacteriales,Flavobacteriaceae,ASV0578,ASV0578
ASV0579,Proteobacteria,Gammaproteobacteria,Alteromonadales,Alteromonadaceae,Aestuariibacter,ASV0579
ASV0580,Proteobacteria,Alphaproteobacteria,Caulobacterales,Caulobacteraceae,Brevundimonas,ASV0580
ASV0581,Proteobacteria,Gammaproteobacteria,Oceanospirillales,Nitrincolaceae,Marinobacterium,ASV0581
ASV0582,Bacteroidetes,Bacteroidia,Flavobacteriales,Flavobacteriaceae,Aureivirga,ASV0582
ASV0583,Proteobacteria,Gammaproteobacteria,Piscirickettsiales,Piscirickettsiaceae,Candidatus_Endoecteinascidia,ASV0583
ASV0584,Proteobacteria,Alphaproteobacteria,Rhodobacterales,Rhodobacteraceae,Tropicimonas,ASV0584
ASV0585,Acidobacteria,Acidobacteriia,Solibacterales,Solibacteraceae_(Subgroup_3),Bryobacter,ASV0585
ASV0586,Proteobacteria,Alphaproteobacteria,SAR11_clade,Clade_II,ASV0586,ASV0586
ASV0587,Proteobacteria,Gammaproteobacteria,Betaproteobacteriales,Burkholderiaceae,Delftia,ASV0587
ASV0588,Firmicutes,Bacilli,Lactobacillales,Streptococcaceae,Streptococcus,ASV0588
ASV0589,Proteobacteria,Deltaproteobacteria,Bradymonadales,ASV0589,ASV0589,ASV0589
ASV0590,Proteobacteria,Gammaproteobacteria,Betaproteobacteriales,Burkholderiaceae,Simplicispira,ASV0590
ASV0591,Proteobacteria,Alphaproteobacteria,Rhodospirillales,Rhodospirillaceae,Roseospira,ASV0591
ASV0592,Bacteroidetes,Bacteroidia,Flavobacteriales,Flavobacteriaceae,ASV0592,ASV0592
ASV0593,Proteobacteria,Deltaproteobacteria,Desulfovibrionales,Desulfovibrionaceae,Halodesulfovibrio,ASV0593
ASV0594,Proteobacteria,Alphaproteobacteria,ASV0594,ASV0594,ASV0594,ASV0594
ASV0595,Proteobacteria,Alphaproteobacteria,Rhodobacterales,Rhodobacteraceae,ASV0595,ASV0595
ASV0596,Proteobacteria,Alphaproteobacteria,Rhodobacterales,Rhodobacteraceae,ASV0596,ASV0596
ASV0597,Proteobacteria,Alphaproteobacteria,Rhodobacterales,Rhodobacteraceae,Aliiroseovarius,ASV0597
ASV0598,Bacteroidetes,Bacteroidia,Flavobacteriales,Flavobacteriaceae,NS5_marine_group,ASV0598
ASV0599,Acidobacteria,Thermoanaerobaculia,Thermoanaerobaculales,Thermoanaerobaculaceae,Subgroup_10,ASV0599
ASV0600,Proteobacteria,Alphaproteobacteria,Rhizobiales,Beijerinckiaceae,alphaI_cluster,ASV0600
ASV0601,Proteobacteria,Gammaproteobacteria,Oceanospirillales,Saccharospirillaceae,Thalassolituus,ASV0601
ASV0602,Proteobacteria,Alphaproteobacteria,Rhizobiales,Stappiaceae,Pseudovibrio,ASV0602
ASV0603,Firmicutes,Bacilli,Bacillales,Bacillaceae,Bacillus,ASV0603
ASV0604,Proteobacteria,Deltaproteobacteria,SAR324_clade(Marine_group_B),ASV0604,ASV0604,ASV0604
ASV0605,Firmicutes,Clostridia,Clostridiales,Family_XII,Fusibacter,ASV0605
ASV0606,Firmicutes,Bacilli,Bacillales,Staphylococcaceae,Staphylococcus,ASV0606
ASV0607,Dadabacteria,Dadabacteriia,Dadabacteriales,ASV0607,ASV0607,ASV0607
ASV0609,Proteobacteria,Alphaproteobacteria,Rhodospirillales,Magnetospiraceae,ASV0609,ASV0609
ASV0610,Proteobacteria,Alphaproteobacteria,Rhodobacterales,Rhodobacteraceae,ASV0610,ASV0610
ASV0611,Proteobacteria,Gammaproteobacteria,Oceanospirillales,Alcanivoracaceae,Alcanivorax,ASV0611
ASV0612,Proteobacteria,Gammaproteobacteria,ASV0612,ASV0612,ASV0612,ASV0612
ASV0613,Dependentiae,Babeliae,Babeliales,Vermiphilaceae,ASV0613,ASV0613
ASV0614,Proteobacteria,Alphaproteobacteria,ASV0614,ASV0614,ASV0614,ASV0614
ASV0615,Proteobacteria,Gammaproteobacteria,ASV0615,ASV0615,ASV0615,ASV0615
ASV0616,Proteobacteria,Gammaproteobacteria,Vibrionales,Vibrionaceae,ASV0616,ASV0616
ASV0617,Proteobacteria,Gammaproteobacteria,Betaproteobacteriales,Burkholderiaceae,Collimonas,ASV0617
ASV0618,Proteobacteria,Gammaproteobacteria,Oceanospirillales,Endozoicomonadaceae,Endozoicomonas,ASV0618
ASV0619,Actinobacteria,Acidimicrobiia,Actinomarinales,Actinomarinaceae,Candidatus_Actinomarina,ASV0619
ASV0620,Proteobacteria,Alphaproteobacteria,Caulobacterales,Hyphomonadaceae,Ponticaulis,ASV0620
ASV0621,Proteobacteria,Gammaproteobacteria,Betaproteobacteriales,Burkholderiaceae,Ralstonia,ASV0621
ASV0622,Firmicutes,Bacilli,Bacillales,Staphylococcaceae,Aliicoccus,ASV0622
ASV0623,Proteobacteria,Alphaproteobacteria,Rhizobiales,Rhizobiaceae,Aureimonas,ASV0623
ASV0624,Bacteroidetes,Bacteroidia,Flavobacteriales,Flavobacteriaceae,ASV0624,ASV0624
ASV0625,Proteobacteria,Alphaproteobacteria,Sphingomonadales,Sphingomonadaceae,Blastomonas,ASV0625
ASV0627,Actinobacteria,Actinobacteria,Micrococcales,Micrococcaceae,Rothia,ASV0627
ASV0628,Chlamydiae,Chlamydiae,Chlamydiales,Simkaniaceae,Candidatus_Fritschea,ASV0628
ASV0629,Proteobacteria,Gammaproteobacteria,Betaproteobacteriales,Burkholderiaceae,Pelomonas,ASV0629
ASV0630,Proteobacteria,Gammaproteobacteria,Alteromonadales,Pseudoalteromonadaceae,Algicola,ASV0630
ASV0631,Proteobacteria,ASV0631,ASV0631,ASV0631,ASV0631,ASV0631
ASV0632,Firmicutes,Clostridia,Clostridiales,Ruminococcaceae,Ruminococcaceae_UCG-005,ASV0632
ASV0633,Actinobacteria,Actinobacteria,Corynebacteriales,Corynebacteriaceae,Corynebacterium_1,ASV0633
ASV0634,Firmicutes,Clostridia,Clostridiales,Lachnospiraceae,Vallitalea,ASV0634
ASV0635,Proteobacteria,Gammaproteobacteria,Betaproteobacteriales,Burkholderiaceae,Janthinobacterium,ASV0635
ASV0636,Proteobacteria,Gammaproteobacteria,Pseudomonadales,Pseudomonadaceae,Pseudomonas,ASV0636
ASV0637,Proteobacteria,Gammaproteobacteria,Vibrionales,Vibrionaceae,ASV0637,ASV0637
ASV0638,Proteobacteria,Alphaproteobacteria,Rhodobacterales,Rhodobacteraceae,Ruegeria,ASV0638
ASV0639,Planctomycetes,Planctomycetacia,Pirellulales,Pirellulaceae,Rhodopirellula,ASV0639
ASV0640,Cyanobacteria,Oxyphotobacteria,Chloroplast,ASV0640,ASV0640,ASV0640
ASV0641,Proteobacteria,Alphaproteobacteria,Caulobacterales,Hyphomonadaceae,Maricaulis,ASV0641
ASV0642,Firmicutes,Bacilli,Bacillales,Bacillaceae,Bacillus,ASV0642
ASV0643,Bacteroidetes,Bacteroidia,Bacteroidales,Marinifilaceae,Marinifilum,ASV0643
ASV0644,Proteobacteria,Alphaproteobacteria,Micavibrionales,ASV0644,ASV0644,ASV0644
ASV0645,Fusobacteria,Fusobacteriia,Fusobacteriales,Fusobacteriaceae,Cetobacterium,ASV0645
ASV0646,Proteobacteria,Alphaproteobacteria,Rhizobiales,Devosiaceae,Devosia,ASV0646
ASV0647,Chlamydiae,Chlamydiae,Chlamydiales,Simkaniaceae,Candidatus_Fritschea,ASV0647
ASV0648,Proteobacteria,Alphaproteobacteria,Rhizobiales,Hyphomicrobiaceae,Filomicrobium,ASV0648
ASV0649,Proteobacteria,Alphaproteobacteria,Rhizobiales,Rhizobiaceae,Allorhizobium-Neorhizobium-Pararhizobium-Rhizobium,ASV0649
ASV0650,AncK6,ASV0650,ASV0650,ASV0650,ASV0650,ASV0650
ASV0651,Epsilonbacteraeota,Campylobacteria,Campylobacterales,Arcobacteraceae,Arcobacter,ASV0651
ASV0652,Proteobacteria,Gammaproteobacteria,Betaproteobacteriales,Burkholderiaceae,ASV0652,ASV0652
ASV0653,Bacteroidetes,Bacteroidia,Cytophagales,Amoebophilaceae,Candidatus_Amoebophilus,ASV0653
ASV0654,Proteobacteria,Gammaproteobacteria,Oceanospirillales,Saccharospirillaceae,Oleispira,ASV0654
ASV0656,Proteobacteria,Alphaproteobacteria,SAR11_clade,Clade_I,Clade_Ia,ASV0656
ASV0657,Proteobacteria,Gammaproteobacteria,Betaproteobacteriales,Burkholderiaceae,Undibacterium,ASV0657
ASV0658,Proteobacteria,Gammaproteobacteria,Pseudomonadales,Moraxellaceae,Acinetobacter,ASV0658
ASV0659,Proteobacteria,Alphaproteobacteria,Rhodobacterales,Rhodobacteraceae,Aliiroseovarius,ASV0659
ASV0660,Proteobacteria,Alphaproteobacteria,Rhodobacterales,Rhodobacteraceae,Maritimibacter,ASV0660
ASV0661,Proteobacteria,Gammaproteobacteria,Ectothiorhodospirales,Thioalkalispiraceae,Thioprofundum,ASV0661
ASV0662,Proteobacteria,Gammaproteobacteria,Betaproteobacteriales,Burkholderiaceae,Lautropia,ASV0662
ASV0663,Proteobacteria,Gammaproteobacteria,Betaproteobacteriales,Burkholderiaceae,Undibacterium,ASV0663
ASV0664,Proteobacteria,Gammaproteobacteria,Oceanospirillales,Nitrincolaceae,Neptuniibacter,ASV0664
ASV0665,Proteobacteria,Gammaproteobacteria,Vibrionales,Vibrionaceae,ASV0665,ASV0665
ASV0666,Proteobacteria,Gammaproteobacteria,Alteromonadales,Shewanellaceae,Ferrimonas,ASV0666
ASV0667,Proteobacteria,Alphaproteobacteria,Rhodobacterales,Rhodobacteraceae,Paracoccus,ASV0667
ASV0668,Proteobacteria,Alphaproteobacteria,Rhizobiales,Xanthobacteraceae,Bradyrhizobium,ASV0668
ASV0669,Proteobacteria,Gammaproteobacteria,Cellvibrionales,Halieaceae,Marimicrobium,ASV0669
ASV0670,Proteobacteria,Gammaproteobacteria,Vibrionales,Vibrionaceae,Vibrio,ASV0670
ASV0671,Firmicutes,Bacilli,Bacillales,Paenibacillaceae,Ammoniphilus,ASV0671
ASV0672,Proteobacteria,Alphaproteobacteria,Rickettsiales,Rickettsiaceae,Candidatus_Megaira,ASV0672
ASV0673,Firmicutes,Bacilli,Bacillales,Staphylococcaceae,Staphylococcus,ASV0673
ASV0674,Proteobacteria,Gammaproteobacteria,Vibrionales,Vibrionaceae,ASV0674,ASV0674
ASV0675,Actinobacteria,Actinobacteria,Kineosporiales,Kineosporiaceae,Quadrisphaera,ASV0675
ASV0676,Bacteroidetes,Bacteroidia,Bacteroidales,Marinifilaceae,Odoribacter,ASV0676
ASV0677,Proteobacteria,Gammaproteobacteria,Betaproteobacteriales,Burkholderiaceae,ASV0677,ASV0677
ASV0678,Firmicutes,Clostridia,Clostridiales,Lachnospiraceae,ASV0678,ASV0678
ASV0679,Firmicutes,Bacilli,Bacillales,Staphylococcaceae,Staphylococcus,ASV0679
ASV0680,Acidobacteria,Blastocatellia_(Subgroup_4),Blastocatellales,Blastocatellaceae,Blastocatella,ASV0680
ASV0681,Proteobacteria,Gammaproteobacteria,Betaproteobacteriales,Burkholderiaceae,Mitsuaria,ASV0681
ASV0682,Proteobacteria,Gammaproteobacteria,Vibrionales,Vibrionaceae,ASV0682,ASV0682
ASV0683,Spirochaetes,Spirochaetia,Spirochaetales,Spirochaetaceae,Alkalispirochaeta,ASV0683
ASV0684,Proteobacteria,Alphaproteobacteria,Rhodobacterales,Rhodobacteraceae,Silicimonas,ASV0684
ASV0686,Firmicutes,Bacilli,Bacillales,Bacillaceae,Bacillus,ASV0686
ASV0687,Proteobacteria,Gammaproteobacteria,Oceanospirillales,Endozoicomonadaceae,Endozoicomonas,ASV0687
ASV0688,Proteobacteria,Alphaproteobacteria,Rhodobacterales,Rhodobacteraceae,Marinovum,ASV0688
ASV0689,Proteobacteria,Deltaproteobacteria,Myxococcales,P3OB-42,ASV0689,ASV0689
ASV0690,Proteobacteria,Alphaproteobacteria,Rhodospirillales,Terasakiellaceae,Terasakiella,ASV0690
ASV0691,Proteobacteria,Alphaproteobacteria,Rickettsiales,Midichloriaceae,Candidatus_Jidaibacter,ASV0691
ASV0692,Bacteroidetes,Bacteroidia,Flavobacteriales,Flavobacteriaceae,Tenacibaculum,ASV0692
ASV0694,Proteobacteria,Alphaproteobacteria,Micavibrionales,Micavibrionaceae,ASV0694,ASV0694
ASV0695,Planctomycetes,Phycisphaerae,Phycisphaerales,Phycisphaeraceae,SM1A02,ASV0695
ASV0696,Proteobacteria,Gammaproteobacteria,Betaproteobacteriales,Burkholderiaceae,Janthinobacterium,ASV0696
ASV0697,Proteobacteria,Alphaproteobacteria,Rhodobacterales,Rhodobacteraceae,Tropicibacter,ASV0697
ASV0698,Proteobacteria,Alphaproteobacteria,ASV0698,ASV0698,ASV0698,ASV0698
ASV0699,Proteobacteria,Deltaproteobacteria,Bdellovibrionales,Bacteriovoracaceae,Peredibacter,ASV0699
ASV0700,Proteobacteria,Alphaproteobacteria,Alphaproteobacteria_Incertae_Sedis,Unknown_Family,ASV0700,ASV0700
ASV0701,Proteobacteria,Alphaproteobacteria,Rickettsiales,ASV0701,ASV0701,ASV0701
ASV0702,Firmicutes,Clostridia,Clostridiales,Ruminococcaceae,Ruminococcaceae_UCG-005,ASV0702
ASV0703,Planctomycetes,Planctomycetacia,Pirellulales,Pirellulaceae,Bythopirellula,ASV0703
ASV0704,Planctomycetes,Planctomycetacia,Pirellulales,Pirellulaceae,Pir4_lineage,ASV0704
ASV0705,Proteobacteria,Gammaproteobacteria,Vibrionales,Vibrionaceae,ASV0705,ASV0705
ASV0706,Spirochaetes,Leptospirae,Leptospirales,Leptospiraceae,Turneriella,ASV0706
ASV0707,Chlamydiae,Chlamydiae,Chlamydiales,ASV0707,ASV0707,ASV0707
ASV0708,Proteobacteria,Gammaproteobacteria,Pseudomonadales,Pseudomonadaceae,Pseudomonas,ASV0708
ASV0709,Proteobacteria,Gammaproteobacteria,ASV0709,ASV0709,ASV0709,ASV0709
ASV0710,Proteobacteria,Gammaproteobacteria,Betaproteobacteriales,Burkholderiaceae,ASV0710,ASV0710
ASV0711,Proteobacteria,Alphaproteobacteria,Rhizobiales,Rhizobiaceae,Aureimonas,ASV0711
ASV0712,Planctomycetes,Planctomycetacia,Pirellulales,Pirellulaceae,Bythopirellula,ASV0712
ASV0713,Proteobacteria,Alphaproteobacteria,Rhodobacterales,Rhodobacteraceae,Roseobacter,ASV0713
ASV0714,Proteobacteria,Deltaproteobacteria,SAR324_clade(Marine_group_B),ASV0714,ASV0714,ASV0714
ASV0715,Proteobacteria,Gammaproteobacteria,Cellvibrionales,Halieaceae,Parahaliea,ASV0715
ASV0716,Proteobacteria,Gammaproteobacteria,Oceanospirillales,Alcanivoracaceae,Alcanivorax,ASV0716
ASV0717,Bacteroidetes,Bacteroidia,Flavobacteriales,Flavobacteriaceae,Mesonia,ASV0717
ASV0718,Spirochaetes,Leptospirae,Leptospirales,Leptospiraceae,Turneriella,ASV0718
ASV0719,Bacteroidetes,Bacteroidia,Cytophagales,ASV0719,ASV0719,ASV0719
ASV0720,Proteobacteria,Deltaproteobacteria,Bdellovibrionales,Bacteriovoracaceae,Peredibacter,ASV0720
ASV0721,Proteobacteria,Gammaproteobacteria,Vibrionales,Vibrionaceae,ASV0721,ASV0721
ASV0722,Proteobacteria,Alphaproteobacteria,Micavibrionales,Micavibrionaceae,ASV0722,ASV0722
ASV0723,Firmicutes,Bacilli,Lactobacillales,Aerococcaceae,Facklamia,ASV0723
ASV0724,Proteobacteria,Alphaproteobacteria,Rhodobacterales,Rhodobacteraceae,Loktanella,ASV0724
ASV0725,Firmicutes,Clostridia,Clostridiales,Family_XI,Finegoldia,ASV0725
ASV0726,Proteobacteria,Gammaproteobacteria,Pseudomonadales,Pseudomonadaceae,Pseudomonas,ASV0726
ASV0727,Proteobacteria,Gammaproteobacteria,Vibrionales,Vibrionaceae,Vibrio,ASV0727
ASV0729,Actinobacteria,Actinobacteria,Micrococcales,Micrococcaceae,Kocuria,ASV0729
ASV0730,Proteobacteria,Alphaproteobacteria,ASV0730,ASV0730,ASV0730,ASV0730
ASV0731,Proteobacteria,Gammaproteobacteria,Betaproteobacteriales,Burkholderiaceae,Xenophilus,ASV0731
ASV0732,Proteobacteria,Gammaproteobacteria,Alteromonadales,Shewanellaceae,Ferrimonas,ASV0732
ASV0733,Firmicutes,Bacilli,Lactobacillales,Streptococcaceae,Lactococcus,ASV0733
ASV0734,ASV0734,ASV0734,ASV0734,ASV0734,ASV0734,ASV0734
ASV0735,Proteobacteria,Gammaproteobacteria,Oceanospirillales,Endozoicomonadaceae,Endozoicomonas,ASV0735
ASV0737,Thaumarchaeota,Nitrososphaeria,Nitrosopumilales,Nitrosopumilaceae,Candidatus_Nitrosoarchaeum,ASV0737
ASV0738,Proteobacteria,Gammaproteobacteria,Salinisphaerales,Solimonadaceae,Oceanococcus,ASV0738
ASV0739,Proteobacteria,Alphaproteobacteria,Micavibrionales,Micavibrionaceae,ASV0739,ASV0739
ASV0740,Proteobacteria,Gammaproteobacteria,Betaproteobacteriales,Burkholderiaceae,Pelomonas,ASV0740
ASV0741,Proteobacteria,Alphaproteobacteria,Rhizobiales,Stappiaceae,Pseudovibrio,ASV0741
ASV0742,Firmicutes,Bacilli,Bacillales,Staphylococcaceae,Staphylococcus,ASV0742
ASV0743,Proteobacteria,Alphaproteobacteria,Sphingomonadales,Sphingomonadaceae,ASV0743,ASV0743
ASV0744,Proteobacteria,Deltaproteobacteria,Desulfobacterales,Desulfobulbaceae,Desulfofustis,ASV0744
ASV0745,Proteobacteria,Gammaproteobacteria,Oceanospirillales,Endozoicomonadaceae,Endozoicomonas,ASV0745
ASV0746,Proteobacteria,Gammaproteobacteria,Vibrionales,Vibrionaceae,Catenococcus,ASV0746
ASV0747,Proteobacteria,Alphaproteobacteria,Micavibrionales,Micavibrionaceae,ASV0747,ASV0747
ASV0748,Spirochaetes,Leptospirae,Leptospirales,Leptospiraceae,Turneriella,ASV0748
ASV0749,Proteobacteria,Gammaproteobacteria,Alteromonadales,Alteromonadaceae,Alteromonas,ASV0749
ASV0750,Proteobacteria,Gammaproteobacteria,Betaproteobacteriales,Burkholderiaceae,ASV0750,ASV0750
ASV0751,Proteobacteria,Alphaproteobacteria,Micavibrionales,Micavibrionaceae,ASV0751,ASV0751
ASV0752,Firmicutes,Clostridia,Clostridiales,Ruminococcaceae,ASV0752,ASV0752
ASV0753,Proteobacteria,Alphaproteobacteria,Rhizobiales,Beijerinckiaceae,Methylobacterium,ASV0753
ASV0754,Firmicutes,Bacilli,Lactobacillales,Streptococcaceae,Streptococcus,ASV0754
ASV0755,Proteobacteria,Gammaproteobacteria,Pseudomonadales,Moraxellaceae,Alkanindiges,ASV0755
ASV0756,Firmicutes,Clostridia,Clostridiales,Lachnospiraceae,Vallitalea,ASV0756
ASV0757,Proteobacteria,Alphaproteobacteria,Rhodobacterales,Rhodobacteraceae,Pelagibaca,ASV0757
ASV0758,Proteobacteria,Alphaproteobacteria,Rhodobacterales,Rhodobacteraceae,ASV0758,ASV0758
ASV0759,Proteobacteria,Gammaproteobacteria,Pseudomonadales,Moraxellaceae,Acinetobacter,ASV0759
ASV0760,Proteobacteria,Alphaproteobacteria,Rhodobacterales,Rhodobacteraceae,ASV0760,ASV0760
ASV0761,Proteobacteria,Alphaproteobacteria,Rhodobacterales,Rhodobacteraceae,Tateyamaria,ASV0761
ASV0762,Proteobacteria,Alphaproteobacteria,ASV0762,ASV0762,ASV0762,ASV0762
ASV0763,Proteobacteria,Alphaproteobacteria,Micavibrionales,Micavibrionaceae,ASV0763,ASV0763
ASV0764,Proteobacteria,Gammaproteobacteria,Oceanospirillales,Endozoicomonadaceae,Endozoicomonas,ASV0764
ASV0765,Actinobacteria,Actinobacteria,Actinomycetales,Actinomycetaceae,Actinomyces,ASV0765
ASV0766,Actinobacteria,Actinobacteria,Propionibacteriales,Propionibacteriaceae,Cutibacterium,ASV0766
ASV0767,Firmicutes,Clostridia,Clostridiales,Lachnospiraceae,Lachnospiraceae_NK4A136_group,ASV0767
ASV0768,Proteobacteria,Gammaproteobacteria,Oceanospirillales,Endozoicomonadaceae,Endozoicomonas,ASV0768
ASV0769,Proteobacteria,Gammaproteobacteria,Vibrionales,Vibrionaceae,Vibrio,ASV0769
ASV0770,Proteobacteria,Alphaproteobacteria,Rhodobacterales,Rhodobacteraceae,Aestuariivita,ASV0770
ASV0771,Proteobacteria,Gammaproteobacteria,Betaproteobacteriales,Burkholderiaceae,Kinneretia,ASV0771
ASV0773,ASV0773,ASV0773,ASV0773,ASV0773,ASV0773,ASV0773
ASV0776,Actinobacteria,Actinobacteria,Corynebacteriales,Nocardiaceae,Gordonia,ASV0776
ASV0777,Proteobacteria,Alphaproteobacteria,Rhodobacterales,Rhodobacteraceae,ASV0777,ASV0777
ASV0778,Firmicutes,Clostridia,Clostridiales,Ruminococcaceae,Faecalibacterium,ASV0778
ASV0779,Actinobacteria,Actinobacteria,Micrococcales,Microbacteriaceae,Microbacterium,ASV0779
ASV0780,Proteobacteria,Gammaproteobacteria,Vibrionales,Vibrionaceae,Grimontia,ASV0780
ASV0781,Proteobacteria,Gammaproteobacteria,Pseudomonadales,Moraxellaceae,ASV0781,ASV0781
ASV0782,Actinobacteria,Actinobacteria,Propionibacteriales,Nocardioidaceae,Nocardioides,ASV0782
ASV0783,Proteobacteria,Alphaproteobacteria,Caulobacterales,Parvularculaceae,Parvularcula,ASV0783
ASV0785,Proteobacteria,Alphaproteobacteria,Rhodobacterales,Rhodobacteraceae,Paracoccus,ASV0785
ASV0786,Planctomycetes,Planctomycetacia,Pirellulales,Pirellulaceae,Pir4_lineage,ASV0786
ASV0787,Proteobacteria,Gammaproteobacteria,Diplorickettsiales,Diplorickettsiaceae,Rickettsiella,ASV0787
ASV0788,Proteobacteria,Alphaproteobacteria,Rhizobiales,ASV0788,ASV0788,ASV0788
ASV0789,Firmicutes,Bacilli,Bacillales,Bacillaceae,Geobacillus,ASV0789
ASV0791,Proteobacteria,Alphaproteobacteria,Tistrellales,Geminicoccaceae,Candidatus_Alysiosphaera,ASV0791
ASV0793,Proteobacteria,Alphaproteobacteria,Rickettsiales,Rickettsiaceae,Candidatus_Megaira,ASV0793
ASV0794,Proteobacteria,Alphaproteobacteria,Rhizobiales,Stappiaceae,Nesiotobacter,ASV0794
ASV0795,Proteobacteria,Gammaproteobacteria,Oceanospirillales,Endozoicomonadaceae,Endozoicomonas,ASV0795
ASV0796,Proteobacteria,Alphaproteobacteria,Rhodobacterales,Rhodobacteraceae,ASV0796,ASV0796
ASV0797,Proteobacteria,Alphaproteobacteria,Rhodobacterales,Rhodobacteraceae,ASV0797,ASV0797
ASV0798,Proteobacteria,Alphaproteobacteria,Rickettsiales,Mitochondria,ASV0798,ASV0798
ASV0800,Proteobacteria,Alphaproteobacteria,Rhodobacterales,Rhodobacteraceae,Donghicola,ASV0800
ASV0801,Proteobacteria,Gammaproteobacteria,Alteromonadales,Alteromonadaceae,Aestuariibacter,ASV0801
ASV0803,Proteobacteria,Gammaproteobacteria,Betaproteobacteriales,Burkholderiaceae,Rhizobacter,ASV0803
ASV0805,Proteobacteria,Gammaproteobacteria,Xanthomonadales,Rhodanobacteraceae,Oleiagrimonas,ASV0805
ASV0807,Proteobacteria,Gammaproteobacteria,Betaproteobacteriales,Burkholderiaceae,Rugamonas,ASV0807
ASV0808,Epsilonbacteraeota,Campylobacteria,Campylobacterales,ASV0808,ASV0808,ASV0808
ASV0809,Proteobacteria,Gammaproteobacteria,Betaproteobacteriales,Burkholderiaceae,Ideonella,ASV0809
ASV0810,Bacteroidetes,Bacteroidia,ASV0810,ASV0810,ASV0810,ASV0810
ASV0811,Proteobacteria,Gammaproteobacteria,ASV0811,ASV0811,ASV0811,ASV0811
ASV0812,Epsilonbacteraeota,Campylobacteria,Campylobacterales,Arcobacteraceae,Arcobacter,ASV0812
ASV0813,Firmicutes,Clostridia,Clostridiales,Ruminococcaceae,ASV0813,ASV0813
ASV0814,Proteobacteria,Alphaproteobacteria,Rhizobiales,Hyphomicrobiaceae,Filomicrobium,ASV0814
ASV0815,Proteobacteria,Alphaproteobacteria,Rhodospirillales,Terasakiellaceae,ASV0815,ASV0815
ASV0816,Bacteroidetes,Bacteroidia,Flavobacteriales,Flavobacteriaceae,NS4_marine_group,ASV0816
ASV0817,Proteobacteria,Gammaproteobacteria,Enterobacteriales,Enterobacteriaceae,Kosakonia,ASV0817
ASV0818,Proteobacteria,Gammaproteobacteria,Oceanospirillales,Marinomonadaceae,Marinomonas,ASV0818
ASV0819,Actinobacteria,Actinobacteria,Micrococcales,Micrococcaceae,Kocuria,ASV0819
ASV0820,Proteobacteria,Gammaproteobacteria,Oceanospirillales,Saccharospirillaceae,ASV0820,ASV0820
ASV0821,Proteobacteria,Gammaproteobacteria,Oceanospirillales,Endozoicomonadaceae,Endozoicomonas,ASV0821
ASV0822,Proteobacteria,Gammaproteobacteria,Gammaproteobacteria_Incertae_Sedis,Unknown_Family,Acidibacter,ASV0822
ASV0823,Proteobacteria,Alphaproteobacteria,NRL2,ASV0823,ASV0823,ASV0823
ASV0824,Proteobacteria,Gammaproteobacteria,Oceanospirillales,Halomonadaceae,Oceanospirillum,ASV0824
ASV0825,Proteobacteria,Gammaproteobacteria,ASV0825,ASV0825,ASV0825,ASV0825
ASV0826,Proteobacteria,Gammaproteobacteria,Betaproteobacteriales,ASV0826,ASV0826,ASV0826
ASV0829,Actinobacteria,Actinobacteria,Corynebacteriales,Nocardiaceae,Gordonia,ASV0829
ASV0830,Firmicutes,Bacilli,Bacillales,Bacillaceae,Bacillus,ASV0830
ASV0831,Proteobacteria,Alphaproteobacteria,Rhizobiales,Stappiaceae,Stappia,ASV0831
ASV0832,Proteobacteria,Gammaproteobacteria,Vibrionales,Vibrionaceae,Vibrio,ASV0832
ASV0833,Proteobacteria,Deltaproteobacteria,Bdellovibrionales,Bdellovibrionaceae,Bdellovibrio,ASV0833
ASV0834,Proteobacteria,Gammaproteobacteria,Betaproteobacteriales,Burkholderiaceae,Hydrogenophaga,ASV0834
ASV0836,Proteobacteria,Gammaproteobacteria,ASV0836,ASV0836,ASV0836,ASV0836
ASV0837,Proteobacteria,Deltaproteobacteria,Bdellovibrionales,Bacteriovoracaceae,Peredibacter,ASV0837
ASV0838,Proteobacteria,Deltaproteobacteria,Myxococcales,Sandaracinaceae,Sandaracinus,ASV0838
ASV0839,Proteobacteria,Alphaproteobacteria,Rhodobacterales,Rhodobacteraceae,Roseobacter,ASV0839
ASV0840,Proteobacteria,Gammaproteobacteria,Steroidobacterales,Woeseiaceae,JTB255_marine_benthic_group,ASV0840
ASV0841,Bacteroidetes,Bacteroidia,Flavobacteriales,Flavobacteriaceae,Aquibacter,ASV0841
ASV0843,Bacteroidetes,Bacteroidia,Chitinophagales,ASV0843,ASV0843,ASV0843
ASV0845,Firmicutes,Clostridia,Clostridiales,Clostridiaceae_1,Clostridium_sensu_stricto_1,ASV0845
ASV0846,Proteobacteria,Deltaproteobacteria,Bdellovibrionales,Bacteriovoracaceae,Peredibacter,ASV0846
ASV0847,Proteobacteria,Alphaproteobacteria,Rhodovibrionales,Kiloniellaceae,Kiloniella,ASV0847
ASV0848,Proteobacteria,Alphaproteobacteria,NRL2,ASV0848,ASV0848,ASV0848
ASV0849,Proteobacteria,Alphaproteobacteria,Rickettsiales,ASV0849,ASV0849,ASV0849
ASV0850,Proteobacteria,Gammaproteobacteria,Alteromonadales,Alteromonadaceae,XY-R5,ASV0850
ASV0851,Acidobacteria,Thermoanaerobaculia,Thermoanaerobaculales,Thermoanaerobaculaceae,Subgroup_10,ASV0851
ASV0852,Proteobacteria,Deltaproteobacteria,Oligoflexales,Oligoflexaceae,ASV0852,ASV0852
ASV0854,Proteobacteria,Gammaproteobacteria,Alteromonadales,Alteromonadaceae,ASV0854,ASV0854
ASV0855,Bacteroidetes,Bacteroidia,Flavobacteriales,Flavobacteriaceae,Aureivirga,ASV0855
ASV0856,Proteobacteria,Deltaproteobacteria,Myxococcales,ASV0856,ASV0856,ASV0856
ASV0858,Proteobacteria,Deltaproteobacteria,Desulfobacterales,Desulfobulbaceae,SEEP-SRB4,ASV0858
ASV0859,Proteobacteria,Deltaproteobacteria,Bradymonadales,ASV0859,ASV0859,ASV0859
ASV0860,Proteobacteria,Alphaproteobacteria,ASV0860,ASV0860,ASV0860,ASV0860
ASV0862,Proteobacteria,Alphaproteobacteria,Rhizobiales,Rhizobiaceae,ASV0862,ASV0862
ASV0863,Proteobacteria,Alphaproteobacteria,Rhizobiales,Stappiaceae,Labrenzia,ASV0863
ASV0864,Proteobacteria,Gammaproteobacteria,ASV0864,ASV0864,ASV0864,ASV0864
ASV0865,Proteobacteria,Alphaproteobacteria,Rhodospirillales,ASV0865,ASV0865,ASV0865
ASV0866,Proteobacteria,Gammaproteobacteria,Cellvibrionales,Spongiibacteraceae,BD1-7_clade,ASV0866
ASV0867,Proteobacteria,Gammaproteobacteria,Vibrionales,Vibrionaceae,ASV0867,ASV0867
ASV0868,Actinobacteria,Acidimicrobiia,Microtrichales,Ilumatobacteraceae,Ilumatobacter,ASV0868
ASV0871,Proteobacteria,Gammaproteobacteria,Oceanospirillales,Pseudohongiellaceae,Pseudohongiella,ASV0871
ASV0872,Proteobacteria,Gammaproteobacteria,Vibrionales,Vibrionaceae,ASV0872,ASV0872
ASV0873,Chloroflexi,Anaerolineae,Ardenticatenales,Ardenticatenaceae,ASV0873,ASV0873
ASV0874,Actinobacteria,Actinobacteria,Micrococcales,Intrasporangiaceae,Ornithinibacter,ASV0874
ASV0875,Actinobacteria,Actinobacteria,Corynebacteriales,Corynebacteriaceae,Corynebacterium_1,ASV0875
ASV0876,Proteobacteria,Gammaproteobacteria,Alteromonadales,Psychromonadaceae,Agarivorans,ASV0876
ASV0877,Proteobacteria,Gammaproteobacteria,Pasteurellales,Pasteurellaceae,Haemophilus,ASV0877
ASV0878,Proteobacteria,Gammaproteobacteria,Betaproteobacteriales,Burkholderiaceae,Pelomonas,ASV0878
ASV0880,Proteobacteria,Gammaproteobacteria,Coxiellales,Coxiellaceae,Coxiella,ASV0880
ASV0881,Firmicutes,Bacilli,Bacillales,Bacillaceae,ASV0881,ASV0881
ASV0882,Proteobacteria,Gammaproteobacteria,Alteromonadales,Idiomarinaceae,Idiomarina,ASV0882
ASV0883,Proteobacteria,Gammaproteobacteria,Oceanospirillales,Endozoicomonadaceae,Endozoicomonas,ASV0883
ASV0884,Proteobacteria,Gammaproteobacteria,Francisellales,Francisellaceae,ASV0884,ASV0884
ASV0885,Proteobacteria,Alphaproteobacteria,Rhodobacterales,Rhodobacteraceae,Roseovarius,ASV0885
ASV0886,Proteobacteria,Alphaproteobacteria,Rhodobacterales,Rhodobacteraceae,Oceanibulbus,ASV0886
ASV0887,Proteobacteria,Alphaproteobacteria,Caulobacterales,Hyphomonadaceae,Oceanicaulis,ASV0887
ASV0888,Firmicutes,Bacilli,Bacillales,Family_XI,Gemella,ASV0888
ASV0889,Proteobacteria,Alphaproteobacteria,Micavibrionales,ASV0889,ASV0889,ASV0889
ASV0890,Planctomycetes,Planctomycetacia,Planctomycetales,Rubinisphaeraceae,SH-PL14,ASV0890
ASV0891,Bacteroidetes,Bacteroidia,Flavobacteriales,ASV0891,ASV0891,ASV0891
ASV0892,Actinobacteria,Actinobacteria,Micrococcales,Micrococcaceae,Arthrobacter,ASV0892
ASV0893,Proteobacteria,Alphaproteobacteria,Rhodobacterales,Rhodobacteraceae,Pseudoruegeria,ASV0893
ASV0894,Firmicutes,Clostridia,Clostridiales,Lachnospiraceae,Vallitalea,ASV0894
ASV0895,Proteobacteria,Alphaproteobacteria,Rhizobiales,Rhizobiaceae,Aureimonas,ASV0895
ASV0896,Proteobacteria,Deltaproteobacteria,Desulfobacterales,Desulfobulbaceae,Desulfofustis,ASV0896
ASV0897,Planctomycetes,Planctomycetacia,Pirellulales,Pirellulaceae,Pir4_lineage,ASV0897
ASV0898,Proteobacteria,Alphaproteobacteria,Caulobacterales,Hyphomonadaceae,ASV0898,ASV0898
ASV0899,Bacteroidetes,Bacteroidia,Bacteroidales,Barnesiellaceae,Barnesiella,ASV0899
ASV0900,Proteobacteria,Alphaproteobacteria,Rhodobacterales,Rhodobacteraceae,Paracoccus,ASV0900
ASV0901,Bacteroidetes,Bacteroidia,Flavobacteriales,Flavobacteriaceae,Flavobacterium,ASV0901
ASV0903,Proteobacteria,Gammaproteobacteria,Oceanospirillales,Endozoicomonadaceae,Endozoicomonas,ASV0903
ASV0904,Proteobacteria,Alphaproteobacteria,Rickettsiales,SM2D12,ASV0904,ASV0904
ASV0905,Proteobacteria,Alphaproteobacteria,Rhizobiales,Rhizobiaceae,Allorhizobium-Neorhizobium-Pararhizobium-Rhizobium,ASV0905
ASV0908,Armatimonadetes,Fimbriimonadia,Fimbriimonadales,Fimbriimonadaceae,ASV0908,ASV0908
ASV0909,Firmicutes,Bacilli,Lactobacillales,Streptococcaceae,Streptococcus,ASV0909
ASV0910,Proteobacteria,Deltaproteobacteria,Myxococcales,Blfdi19,ASV0910,ASV0910
ASV0911,Proteobacteria,Gammaproteobacteria,Alteromonadales,Marinobacteraceae,Marinobacter,ASV0911
ASV0913,Proteobacteria,Alphaproteobacteria,Rhodobacterales,Rhodobacteraceae,Paracoccus,ASV0913
ASV0914,Proteobacteria,Alphaproteobacteria,Rhodobacterales,Rhodobacteraceae,Paracoccus,ASV0914
ASV0915,Proteobacteria,Alphaproteobacteria,Rhizobiales,Methyloligellaceae,ASV0915,ASV0915
ASV0916,Bacteroidetes,Bacteroidia,Cytophagales,Flammeovirgaceae,Flammeovirga,ASV0916
ASV0917,Gemmatimonadetes,BD2-11_terrestrial_group,ASV0917,ASV0917,ASV0917,ASV0917
ASV0918,Proteobacteria,Alphaproteobacteria,Micavibrionales,ASV0918,ASV0918,ASV0918
ASV0920,Lentisphaerae,Oligosphaeria,P.palmC41,ASV0920,ASV0920,ASV0920
ASV0921,PAUC34f,ASV0921,ASV0921,ASV0921,ASV0921,ASV0921
ASV0922,Bacteroidetes,Bacteroidia,ASV0922,ASV0922,ASV0922,ASV0922
ASV0923,Epsilonbacteraeota,Campylobacteria,Campylobacterales,Arcobacteraceae,Arcobacter,ASV0923
ASV0924,Proteobacteria,Gammaproteobacteria,Xanthomonadales,Xanthomonadaceae,Luteimonas,ASV0924
ASV0926,Proteobacteria,Gammaproteobacteria,Pseudomonadales,Moraxellaceae,Moraxella,ASV0926
ASV0927,Proteobacteria,Gammaproteobacteria,Vibrionales,Vibrionaceae,ASV0927,ASV0927
ASV0929,Proteobacteria,Alphaproteobacteria,Rhizobiales,Rhizobiaceae,ASV0929,ASV0929
ASV0931,Proteobacteria,Gammaproteobacteria,Oceanospirillales,Endozoicomonadaceae,Endozoicomonas,ASV0931
ASV0933,Firmicutes,Bacilli,Lactobacillales,Streptococcaceae,Lactococcus,ASV0933
ASV0934,Proteobacteria,Gammaproteobacteria,ASV0934,ASV0934,ASV0934,ASV0934
ASV0935,Proteobacteria,Gammaproteobacteria,Betaproteobacteriales,Burkholderiaceae,ASV0935,ASV0935
ASV0936,Proteobacteria,Alphaproteobacteria,Rhizobiales,Rhizobiaceae,ASV0936,ASV0936
ASV0937,Proteobacteria,Alphaproteobacteria,Sphingomonadales,Sphingomonadaceae,Altererythrobacter,ASV0937
ASV0938,Proteobacteria,Gammaproteobacteria,Oceanospirillales,ASV0938,ASV0938,ASV0938
ASV0939,Proteobacteria,Gammaproteobacteria,Alteromonadales,Moritellaceae,Paramoritella,ASV0939
ASV0940,Proteobacteria,Gammaproteobacteria,Vibrionales,Vibrionaceae,Catenococcus,ASV0940
ASV0941,Firmicutes,Clostridia,Clostridiales,Ruminococcaceae,Ruminococcus_2,ASV0941
ASV0942,Proteobacteria,Alphaproteobacteria,Rickettsiales,Mitochondria,ASV0942,ASV0942
ASV0943,Proteobacteria,Deltaproteobacteria,Bradymonadales,ASV0943,ASV0943,ASV0943
ASV0944,Proteobacteria,Gammaproteobacteria,Betaproteobacteriales,Burkholderiaceae,Pigmentiphaga,ASV0944
ASV0945,Dependentiae,Babeliae,Babeliales,UBA12409,ASV0945,ASV0945
ASV0946,Proteobacteria,Alphaproteobacteria,Rhodobacterales,Rhodobacteraceae,Tropicibacter,ASV0946
ASV0948,Proteobacteria,Alphaproteobacteria,Sphingomonadales,Sphingomonadaceae,Sphingomonas,ASV0948
ASV0949,Proteobacteria,Alphaproteobacteria,Sphingomonadales,Sphingomonadaceae,ASV0949,ASV0949
ASV0950,Bacteroidetes,Bacteroidia,Cytophagales,Cyclobacteriaceae,Persicobacter,ASV0950
ASV0951,Proteobacteria,Alphaproteobacteria,Rhizobiales,Methyloligellaceae,Methyloceanibacter,ASV0951
ASV0952,Actinobacteria,Actinobacteria,Micrococcales,Micrococcaceae,Micrococcus,ASV0952
ASV0953,Proteobacteria,Deltaproteobacteria,Bradymonadales,ASV0953,ASV0953,ASV0953
ASV0954,Firmicutes,Clostridia,Clostridiales,Clostridiaceae_1,ASV0954,ASV0954
ASV0955,Proteobacteria,Gammaproteobacteria,Vibrionales,Vibrionaceae,Grimontia,ASV0955
ASV0956,Proteobacteria,Gammaproteobacteria,Oceanospirillales,Endozoicomonadaceae,Endozoicomonas,ASV0956
ASV0958,Proteobacteria,Gammaproteobacteria,Betaproteobacteriales,Burkholderiaceae,Achromobacter,ASV0958
ASV0960,Firmicutes,Bacilli,Bacillales,Bacillaceae,Bacillus,ASV0960
ASV0961,Proteobacteria,Alphaproteobacteria,Rhodospirillales,ASV0961,ASV0961,ASV0961
ASV0962,Proteobacteria,Deltaproteobacteria,Bradymonadales,ASV0962,ASV0962,ASV0962
ASV0963,Chlamydiae,Chlamydiae,Chlamydiales,Simkaniaceae,Ga0074140,ASV0963
ASV0964,Proteobacteria,Alphaproteobacteria,Rhodobacterales,Rhodobacteraceae,Marivita,ASV0964
ASV0965,Proteobacteria,Gammaproteobacteria,Betaproteobacteriales,Burkholderiaceae,Rhizobacter,ASV0965
ASV0966,Proteobacteria,Gammaproteobacteria,Cellvibrionales,Halieaceae,Pseudohaliea,ASV0966
ASV0967,Proteobacteria,Gammaproteobacteria,Vibrionales,Vibrionaceae,ASV0967,ASV0967
ASV0969,Chlamydiae,Chlamydiae,Chlamydiales,Criblamydiaceae,ASV0969,ASV0969
ASV0970,Planctomycetes,Planctomycetacia,Planctomycetales,Rubinisphaeraceae,ASV0970,ASV0970
ASV0971,Chlamydiae,Chlamydiae,Chlamydiales,Simkaniaceae,ASV0971,ASV0971
ASV0972,Proteobacteria,Gammaproteobacteria,Betaproteobacteriales,Burkholderiaceae,Massilia,ASV0972
ASV0973,Proteobacteria,Gammaproteobacteria,Legionellales,Legionellaceae,ASV0973,ASV0973
ASV0974,Proteobacteria,Gammaproteobacteria,Pseudomonadales,Moraxellaceae,Psychrobacter,ASV0974
ASV0975,Proteobacteria,Gammaproteobacteria,Oceanospirillales,Endozoicomonadaceae,Endozoicomonas,ASV0975
ASV0976,Chlamydiae,Chlamydiae,Chlamydiales,Simkaniaceae,Ga0074140,ASV0976
ASV0977,Epsilonbacteraeota,Campylobacteria,Campylobacterales,Arcobacteraceae,Arcobacter,ASV0977
ASV0978,ASV0978,ASV0978,ASV0978,ASV0978,ASV0978,ASV0978
ASV0979,Proteobacteria,Gammaproteobacteria,Pseudomonadales,Moraxellaceae,Enhydrobacter,ASV0979
ASV0980,Proteobacteria,Gammaproteobacteria,Oceanospirillales,Saccharospirillaceae,Thalassolituus,ASV0980
ASV0982,Proteobacteria,Gammaproteobacteria,Pseudomonadales,Moraxellaceae,Acinetobacter,ASV0982
ASV0983,Bacteroidetes,Bacteroidia,Flavobacteriales,Flavobacteriaceae,Maritimimonas,ASV0983
ASV0984,Fusobacteria,Fusobacteriia,Fusobacteriales,Leptotrichiaceae,ASV0984,ASV0984
ASV0985,Proteobacteria,Gammaproteobacteria,Betaproteobacteriales,Chromobacteriaceae,Gulbenkiania,ASV0985
ASV0986,Proteobacteria,Alphaproteobacteria,Caulobacterales,Parvularculaceae,Parvularcula,ASV0986
ASV0987,Proteobacteria,Gammaproteobacteria,Alteromonadales,Colwelliaceae,Thalassotalea,ASV0987
ASV0989,Proteobacteria,Gammaproteobacteria,Alteromonadales,Pseudoalteromonadaceae,Pseudoalteromonas,ASV0989
ASV0990,Actinobacteria,Actinobacteria,Corynebacteriales,Nocardiaceae,Rhodococcus,ASV0990
ASV0993,Planctomycetes,Planctomycetacia,Planctomycetales,Rubinisphaeraceae,Rubinisphaera,ASV0993
ASV0994,Bacteroidetes,Bacteroidia,Chitinophagales,Saprospiraceae,ASV0994,ASV0994
ASV0995,Firmicutes,Bacilli,Bacillales,Staphylococcaceae,Jeotgalicoccus,ASV0995
ASV0996,Proteobacteria,Alphaproteobacteria,Rhizobiales,Stappiaceae,Labrenzia,ASV0996
ASV0997,Firmicutes,Clostridia,Clostridiales,Christensenellaceae,ASV0997,ASV0997
ASV0998,Proteobacteria,Gammaproteobacteria,Arenicellales,Arenicellaceae,Arenicella,ASV0998
ASV0999,Proteobacteria,Alphaproteobacteria,Rhodobacterales,Rhodobacteraceae,ASV0999,ASV0999
ASV1000,Proteobacteria,Gammaproteobacteria,Betaproteobacteriales,Burkholderiaceae,Curvibacter,ASV1000
ASV1002,Proteobacteria,Gammaproteobacteria,Vibrionales,Vibrionaceae,Vibrio,ASV1002
ASV1003,Firmicutes,Clostridia,Clostridiales,Christensenellaceae,Christensenellaceae_R-7_group,ASV1003
ASV1004,Epsilonbacteraeota,Campylobacteria,Campylobacterales,Arcobacteraceae,Arcobacter,ASV1004
ASV1005,Firmicutes,Clostridia,Clostridiales,Family_XII,Fusibacter,ASV1005
ASV1006,Proteobacteria,Gammaproteobacteria,Alteromonadales,Colwelliaceae,Thalassotalea,ASV1006
ASV1007,Proteobacteria,Gammaproteobacteria,ASV1007,ASV1007,ASV1007,ASV1007
ASV1008,Proteobacteria,Gammaproteobacteria,Oceanospirillales,Pseudohongiellaceae,Pseudohongiella,ASV1008
ASV1009,Chlamydiae,Chlamydiae,Chlamydiales,Simkaniaceae,Ga0074140,ASV1009
ASV1010,Proteobacteria,Gammaproteobacteria,Betaproteobacteriales,Burkholderiaceae,ASV1010,ASV1010
ASV1011,Proteobacteria,Alphaproteobacteria,Rhizobiales,Stappiaceae,Labrenzia,ASV1011
ASV1012,Proteobacteria,Deltaproteobacteria,PB19,ASV1012,ASV1012,ASV1012
ASV1014,Proteobacteria,Gammaproteobacteria,Vibrionales,Vibrionaceae,ASV1014,ASV1014
ASV1015,Actinobacteria,Actinobacteria,Corynebacteriales,Corynebacteriaceae,Corynebacterium_1,ASV1015
ASV1016,Spirochaetes,Spirochaetia,Spirochaetales,Spirochaetaceae,Treponema_2,ASV1016
ASV1017,Proteobacteria,Gammaproteobacteria,Gammaproteobacteria_Incertae_Sedis,Unknown_Family,Marinicella,ASV1017
ASV1018,Proteobacteria,Gammaproteobacteria,Betaproteobacteriales,Burkholderiaceae,Tepidimonas,ASV1018
ASV1019,Proteobacteria,Alphaproteobacteria,Rhodobacterales,Rhodobacteraceae,Tropicimonas,ASV1019
ASV1020,Proteobacteria,Alphaproteobacteria,Sphingomonadales,Sphingomonadaceae,Sphingorhabdus,ASV1020
ASV1021,Proteobacteria,Gammaproteobacteria,Pseudomonadales,Moraxellaceae,Psychrobacter,ASV1021
ASV1022,Actinobacteria,Actinobacteria,Frankiales,Frankiaceae,Jatrophihabitans,ASV1022
ASV1023,Actinobacteria,Actinobacteria,Micrococcales,Microbacteriaceae,Frigoribacterium,ASV1023
ASV1024,Actinobacteria,Actinobacteria,Micrococcales,Micrococcaceae,Nesterenkonia,ASV1024
ASV1025,Actinobacteria,Actinobacteria,Frankiales,Sporichthyaceae,hgcI_clade,ASV1025
ASV1026,Proteobacteria,Gammaproteobacteria,Betaproteobacteriales,Rhodocyclaceae,Propionivibrio,ASV1026
ASV1027,Proteobacteria,Gammaproteobacteria,Betaproteobacteriales,Burkholderiaceae,Pseudorhodoferax,ASV1027
ASV1028,Firmicutes,Clostridia,Clostridiales,Clostridiaceae_1,ASV1028,ASV1028
ASV1029,Firmicutes,Bacilli,Bacillales,Planococcaceae,Chungangia,ASV1029
ASV1030,Proteobacteria,Gammaproteobacteria,Cellvibrionales,ASV1030,ASV1030,ASV1030
ASV1031,Proteobacteria,Gammaproteobacteria,Oceanospirillales,Endozoicomonadaceae,Endozoicomonas,ASV1031
ASV1032,Dependentiae,Babeliae,Babeliales,Vermiphilaceae,ASV1032,ASV1032
ASV1033,Proteobacteria,Gammaproteobacteria,Alteromonadales,Shewanellaceae,Ferrimonas,ASV1033
ASV1034,Actinobacteria,Acidimicrobiia,Microtrichales,Microtrichaceae,ASV1034,ASV1034
ASV1035,Proteobacteria,Alphaproteobacteria,Rhodobacterales,Rhodobacteraceae,Litorimicrobium,ASV1035
ASV1036,Proteobacteria,Gammaproteobacteria,Vibrionales,Vibrionaceae,Grimontia,ASV1036
ASV1037,Proteobacteria,Gammaproteobacteria,Alteromonadales,Shewanellaceae,Ferrimonas,ASV1037
ASV1038,Actinobacteria,Actinobacteria,Micrococcales,Micrococcaceae,Glutamicibacter,ASV1038
ASV1039,Bacteroidetes,Bacteroidia,Bacteroidales,Prolixibacteraceae,Draconibacterium,ASV1039
ASV1040,Proteobacteria,Alphaproteobacteria,Acetobacterales,Acetobacteraceae,Roseomonas,ASV1040
ASV1041,Proteobacteria,Deltaproteobacteria,Oligoflexales,Oligoflexaceae,ASV1041,ASV1041
ASV1042,Chloroflexi,Dehalococcoidia,SAR202_clade,ASV1042,ASV1042,ASV1042
ASV1043,Proteobacteria,Alphaproteobacteria,Rhodobacterales,Rhodobacteraceae,Maritimibacter,ASV1043
ASV1044,Proteobacteria,Alphaproteobacteria,Caulobacterales,Parvularculaceae,ASV1044,ASV1044
ASV1045,Proteobacteria,Alphaproteobacteria,Sphingomonadales,Sphingomonadaceae,ASV1045,ASV1045
ASV1046,Proteobacteria,Gammaproteobacteria,Oceanospirillales,Endozoicomonadaceae,Endozoicomonas,ASV1046
ASV1047,Proteobacteria,Gammaproteobacteria,Oceanospirillales,Endozoicomonadaceae,Endozoicomonas,ASV1047
ASV1048,Bacteroidetes,Bacteroidia,Cytophagales,Cyclobacteriaceae,Fabibacter,ASV1048
ASV1049,ASV1049,ASV1049,ASV1049,ASV1049,ASV1049,ASV1049
ASV1050,Proteobacteria,Deltaproteobacteria,Myxococcales,Haliangiaceae,Haliangium,ASV1050
ASV1051,Proteobacteria,Gammaproteobacteria,Vibrionales,Vibrionaceae,ASV1051,ASV1051
ASV1052,Dependentiae,Babeliae,Babeliales,UBA12411,ASV1052,ASV1052
ASV1053,Proteobacteria,Alphaproteobacteria,Rhodobacterales,Rhodobacteraceae,Roseinatronobacter,ASV1053
ASV1054,Acidobacteria,Holophagae,Acanthopleuribacterales,Acanthopleuribacteraceae,Acanthopleuribacter,ASV1054
ASV1056,Nitrospirae,Nitrospira,Nitrospirales,Nitrospiraceae,Nitrospira,ASV1056
ASV1057,Firmicutes,Bacilli,Bacillales,Staphylococcaceae,Staphylococcus,ASV1057
ASV1058,Proteobacteria,Deltaproteobacteria,Myxococcales,Polyangiaceae,Pajaroellobacter,ASV1058
ASV1059,Proteobacteria,Alphaproteobacteria,ASV1059,ASV1059,ASV1059,ASV1059
ASV1060,Proteobacteria,Gammaproteobacteria,Pasteurellales,Pasteurellaceae,Haemophilus,ASV1060
ASV1061,Proteobacteria,Gammaproteobacteria,Alteromonadales,Shewanellaceae,Ferrimonas,ASV1061
ASV1062,Chlamydiae,Chlamydiae,Chlamydiales,Simkaniaceae,Candidatus_Fritschea,ASV1062
ASV1063,Proteobacteria,Gammaproteobacteria,Xanthomonadales,Rhodanobacteraceae,Tahibacter,ASV1063
ASV1064,Firmicutes,Bacilli,Bacillales,Planococcaceae,Chryseomicrobium,ASV1064
ASV1065,Proteobacteria,Alphaproteobacteria,Rhizobiales,Stappiaceae,Labrenzia,ASV1065
ASV1066,Bacteroidetes,Rhodothermia,Rhodothermales,Rhodothermaceae,ASV1066,ASV1066
ASV1067,Proteobacteria,Gammaproteobacteria,Oceanospirillales,Nitrincolaceae,Amphritea,ASV1067
ASV1068,Proteobacteria,Gammaproteobacteria,Vibrionales,Vibrionaceae,Catenococcus,ASV1068
ASV1069,Proteobacteria,Alphaproteobacteria,SAR11_clade,Clade_I,Clade_Ib,ASV1069
ASV1070,Planctomycetes,Planctomycetacia,Pirellulales,Pirellulaceae,Pir4_lineage,ASV1070
ASV1071,Proteobacteria,Alphaproteobacteria,Caulobacterales,Hyphomonadaceae,Ponticaulis,ASV1071
ASV1072,Proteobacteria,Alphaproteobacteria,Alphaproteobacteria_Incertae_Sedis,Unknown_Family,Acuticoccus,ASV1072
ASV1073,Proteobacteria,Gammaproteobacteria,ASV1073,ASV1073,ASV1073,ASV1073
ASV1074,Proteobacteria,Gammaproteobacteria,Vibrionales,Vibrionaceae,ASV1074,ASV1074
ASV1076,Proteobacteria,Alphaproteobacteria,SAR11_clade,Clade_II,ASV1076,ASV1076
ASV1077,Proteobacteria,Gammaproteobacteria,R7C24,ASV1077,ASV1077,ASV1077
ASV1078,Proteobacteria,Gammaproteobacteria,Betaproteobacteriales,Nitrosomonadaceae,GOUTA6,ASV1078
ASV1079,Proteobacteria,Alphaproteobacteria,Holosporales,Holosporaceae,Candidatus_Gortzia,ASV1079
ASV1080,Proteobacteria,Gammaproteobacteria,Betaproteobacteriales,Burkholderiaceae,AAP99,ASV1080
ASV1081,Proteobacteria,Alphaproteobacteria,Rhodobacterales,Rhodobacteraceae,Roseibacterium,ASV1081
ASV1082,Proteobacteria,Alphaproteobacteria,Rhizobiales,Beijerinckiaceae,Methylobacterium,ASV1082
ASV1083,Proteobacteria,Alphaproteobacteria,Sphingomonadales,Sphingomonadaceae,Sphingopyxis,ASV1083
ASV1084,Proteobacteria,Deltaproteobacteria,Oligoflexales,Oligoflexaceae,ASV1084,ASV1084
ASV1085,Proteobacteria,Gammaproteobacteria,Vibrionales,Vibrionaceae,Vibrio,ASV1085
ASV1086,Proteobacteria,Alphaproteobacteria,Rhodospirillales,Magnetospiraceae,Magnetospira,ASV1086
ASV1087,Gemmatimonadetes,Gemmatimonadetes,Gemmatimonadales,Gemmatimonadaceae,Gemmatimonas,ASV1087
ASV1088,Proteobacteria,Alphaproteobacteria,Parvibaculales,ASV1088,ASV1088,ASV1088
ASV1089,Planctomycetes,Planctomycetacia,Gemmatales,Gemmataceae,ASV1089,ASV1089
ASV1090,Proteobacteria,Alphaproteobacteria,Rhodobacterales,Rhodobacteraceae,ASV1090,ASV1090
ASV1091,Proteobacteria,Alphaproteobacteria,Rhodobacterales,Rhodobacteraceae,Actibacterium,ASV1091
ASV1092,Planctomycetes,Phycisphaerae,Phycisphaerales,Phycisphaeraceae,ASV1092,ASV1092
ASV1093,Proteobacteria,Alphaproteobacteria,Rhodobacterales,Rhodobacteraceae,ASV1093,ASV1093
ASV1094,Proteobacteria,Gammaproteobacteria,Legionellales,Legionellaceae,ASV1094,ASV1094
ASV1095,Bacteroidetes,Bacteroidia,Flavobacteriales,Flavobacteriaceae,ASV1095,ASV1095
ASV1096,ASV1096,ASV1096,ASV1096,ASV1096,ASV1096,ASV1096
ASV1097,Bacteroidetes,Bacteroidia,Flavobacteriales,Flavobacteriaceae,Psychroflexus,ASV1097
ASV1098,Proteobacteria,Alphaproteobacteria,Rhodobacterales,Rhodobacteraceae,Loktanella,ASV1098
ASV1099,Proteobacteria,Alphaproteobacteria,Rhodovibrionales,Kiloniellaceae,ASV1099,ASV1099
ASV1101,Proteobacteria,Gammaproteobacteria,Betaproteobacteriales,Burkholderiaceae,Massilia,ASV1101
ASV1102,Bacteroidetes,Bacteroidia,Flavobacteriales,Cryomorphaceae,ASV1102,ASV1102
ASV1103,Proteobacteria,Gammaproteobacteria,Oceanospirillales,ASV1103,ASV1103,ASV1103
ASV1104,Proteobacteria,Gammaproteobacteria,Alteromonadales,Shewanellaceae,Ferrimonas,ASV1104
ASV1105,Actinobacteria,Actinobacteria,Micrococcales,Micrococcaceae,Kocuria,ASV1105
ASV1106,Proteobacteria,Alphaproteobacteria,Rhodobacterales,Rhodobacteraceae,Maritimibacter,ASV1106
ASV1107,Proteobacteria,Gammaproteobacteria,Betaproteobacteriales,Burkholderiaceae,ASV1107,ASV1107
ASV1108,Proteobacteria,Gammaproteobacteria,Betaproteobacteriales,Burkholderiaceae,Massilia,ASV1108
ASV1109,Proteobacteria,Alphaproteobacteria,Rhodobacterales,Rhodobacteraceae,ASV1109,ASV1109
ASV1110,Firmicutes,Clostridia,Clostridiales,Clostridiaceae_4,Caminicella,ASV1110
ASV1111,Bacteroidetes,Bacteroidia,Flavobacteriales,Flavobacteriaceae,ASV1111,ASV1111
ASV1112,Proteobacteria,Deltaproteobacteria,ASV1112,ASV1112,ASV1112,ASV1112
ASV1113,Proteobacteria,Gammaproteobacteria,Oceanospirillales,Endozoicomonadaceae,Endozoicomonas,ASV1113
ASV1114,Proteobacteria,Gammaproteobacteria,Oceanospirillales,Endozoicomonadaceae,Endozoicomonas,ASV1114
ASV1115,Actinobacteria,Actinobacteria,Micrococcales,Microbacteriaceae,Rhodoluna,ASV1115
ASV1116,Proteobacteria,Gammaproteobacteria,ASV1116,ASV1116,ASV1116,ASV1116
ASV1117,Proteobacteria,Alphaproteobacteria,Rickettsiales,Mitochondria,ASV1117,ASV1117
ASV1118,Actinobacteria,Actinobacteria,Micrococcales,Microbacteriaceae,Microbacterium,ASV1118
ASV1119,Proteobacteria,Alphaproteobacteria,Rhodobacterales,Rhodobacteraceae,Paracoccus,ASV1119
ASV1120,Proteobacteria,Alphaproteobacteria,Rhodobacterales,Rhodobacteraceae,ASV1120,ASV1120
ASV1121,Proteobacteria,Alphaproteobacteria,Rhodobacterales,Rhodobacteraceae,Actibacterium,ASV1121
ASV1122,Patescibacteria,Saccharimonadia,Saccharimonadales,ASV1122,ASV1122,ASV1122
ASV1123,Bacteroidetes,Bacteroidia,Chitinophagales,ASV1123,ASV1123,ASV1123
ASV1124,Epsilonbacteraeota,Campylobacteria,Campylobacterales,Arcobacteraceae,Arcobacter,ASV1124
ASV1125,Proteobacteria,Alphaproteobacteria,Rhodobacterales,Rhodobacteraceae,Tropicimonas,ASV1125
ASV1126,Proteobacteria,Alphaproteobacteria,Rhizobiales,Rhizobiaceae,Cohaesibacter,ASV1126
ASV1127,Proteobacteria,Deltaproteobacteria,Bdellovibrionales,Bacteriovoracaceae,Peredibacter,ASV1127
ASV1128,Firmicutes,Bacilli,Lactobacillales,Carnobacteriaceae,Alloiococcus,ASV1128
ASV1129,Proteobacteria,Gammaproteobacteria,Alteromonadales,Pseudoalteromonadaceae,Pseudoalteromonas,ASV1129
ASV1130,Actinobacteria,Actinobacteria,Micrococcales,Microbacteriaceae,ASV1130,ASV1130
ASV1131,Proteobacteria,Alphaproteobacteria,Rhodobacterales,Rhodobacteraceae,ASV1131,ASV1131
ASV1132,Proteobacteria,Gammaproteobacteria,Betaproteobacteriales,Burkholderiaceae,Basilea,ASV1132
ASV1133,Proteobacteria,Deltaproteobacteria,Bradymonadales,ASV1133,ASV1133,ASV1133
ASV1134,Proteobacteria,Gammaproteobacteria,KI89A_clade,ASV1134,ASV1134,ASV1134
ASV1135,Actinobacteria,Actinobacteria,Corynebacteriales,Corynebacteriaceae,Corynebacterium_1,ASV1135
ASV1136,Actinobacteria,Actinobacteria,Micrococcales,Micrococcaceae,Micrococcus,ASV1136
ASV1137,Kiritimatiellaeota,Kiritimatiellae,WCHB1-41,ASV1137,ASV1137,ASV1137
ASV1138,Bacteroidetes,Bacteroidia,Sphingobacteriales,env.OPS_17,ASV1138,ASV1138
ASV1139,Bacteroidetes,Bacteroidia,Bacteroidales,Prevotellaceae,Prevotella_9,ASV1139
ASV1140,Cyanobacteria,Oxyphotobacteria,Chloroplast,ASV1140,ASV1140,ASV1140
ASV1141,Bacteroidetes,Bacteroidia,Chitinophagales,Chitinophagaceae,ASV1141,ASV1141
ASV1142,Proteobacteria,Gammaproteobacteria,Betaproteobacteriales,Aquaspirillaceae,Rivicola,ASV1142
ASV1143,Proteobacteria,Alphaproteobacteria,Rhodobacterales,Rhodobacteraceae,Rhodobacter,ASV1143
ASV1144,Proteobacteria,Alphaproteobacteria,Rhodobacterales,Rhodobacteraceae,Actibacterium,ASV1144
ASV1145,Nitrospirae,Nitrospira,Nitrospirales,Nitrospiraceae,Nitrospira,ASV1145
ASV1146,Bacteroidetes,Bacteroidia,Flavobacteriales,Flavobacteriaceae,ASV1146,ASV1146
ASV1147,Proteobacteria,Gammaproteobacteria,Oceanospirillales,Halomonadaceae,Oceanospirillum,ASV1147
ASV1149,Planctomycetes,Planctomycetacia,Pirellulales,Pirellulaceae,Pir4_lineage,ASV1149
ASV1150,Epsilonbacteraeota,Campylobacteria,Campylobacterales,Arcobacteraceae,Arcobacter,ASV1150
ASV1151,Proteobacteria,Alphaproteobacteria,Rhodobacterales,Rhodobacteraceae,Amaricoccus,ASV1151
ASV1152,Firmicutes,Bacilli,Bacillales,Bacillaceae,Bacillus,ASV1152
ASV1153,Proteobacteria,Alphaproteobacteria,Rhizobiales,Hyphomicrobiaceae,Filomicrobium,ASV1153
ASV1154,Proteobacteria,Alphaproteobacteria,Sphingomonadales,Sphingomonadaceae,Porphyrobacter,ASV1154
ASV1155,Proteobacteria,Gammaproteobacteria,Enterobacteriales,Enterobacteriaceae,ASV1155,ASV1155
ASV1156,Actinobacteria,Actinobacteria,Corynebacteriales,Corynebacteriaceae,Corynebacterium_1,ASV1156
ASV1157,Proteobacteria,Alphaproteobacteria,Rhodobacterales,Rhodobacteraceae,Shimia,ASV1157
ASV1158,Proteobacteria,Alphaproteobacteria,Rhizobiales,Rhizobiaceae,Pseudahrensia,ASV1158
ASV1159,Patescibacteria,Saccharimonadia,Saccharimonadales,ASV1159,ASV1159,ASV1159
ASV1160,Bacteroidetes,Bacteroidia,Chitinophagales,Chitinophagaceae,Ferruginibacter,ASV1160
ASV1161,Proteobacteria,Alphaproteobacteria,ASV1161,ASV1161,ASV1161,ASV1161
ASV1162,Proteobacteria,Gammaproteobacteria,Alteromonadales,Pseudoalteromonadaceae,Algicola,ASV1162
ASV1163,Nitrospirae,Nitrospira,Nitrospirales,Nitrospiraceae,Nitrospira,ASV1163
ASV1164,Proteobacteria,Gammaproteobacteria,Enterobacteriales,Enterobacteriaceae,Yersinia,ASV1164
ASV1165,Actinobacteria,Rubrobacteria,Rubrobacterales,Rubrobacteriaceae,Rubrobacter,ASV1165
ASV1166,Proteobacteria,Gammaproteobacteria,Betaproteobacteriales,Burkholderiaceae,Rhodoferax,ASV1166
ASV1167,Firmicutes,Bacilli,Bacillales,Staphylococcaceae,Staphylococcus,ASV1167
ASV1168,Bacteroidetes,Rhodothermia,Rhodothermales,Rhodothermaceae,ASV1168,ASV1168
ASV1169,Proteobacteria,Gammaproteobacteria,Gammaproteobacteria_Incertae_Sedis,Unknown_Family,Acidibacter,ASV1169
ASV1170,Chlamydiae,Chlamydiae,Chlamydiales,Parachlamydiaceae,ASV1170,ASV1170
ASV1171,Proteobacteria,Alphaproteobacteria,Rhodobacterales,Rhodobacteraceae,Leisingera,ASV1171
ASV1172,Proteobacteria,Alphaproteobacteria,Rhodobacterales,Rhodobacteraceae,Aestuariivita,ASV1172
ASV1173,Proteobacteria,Alphaproteobacteria,Rhodobacterales,Rhodobacteraceae,Ruegeria,ASV1173
ASV1174,Proteobacteria,Alphaproteobacteria,Rhodobacterales,Rhodobacteraceae,ASV1174,ASV1174
ASV1176,Proteobacteria,Gammaproteobacteria,Alteromonadales,Marinobacteraceae,Marinobacter,ASV1176
ASV1177,Proteobacteria,Gammaproteobacteria,Vibrionales,Vibrionaceae,Photobacterium,ASV1177
ASV1178,Proteobacteria,Gammaproteobacteria,Vibrionales,Vibrionaceae,Grimontia,ASV1178
ASV1179,Proteobacteria,Gammaproteobacteria,Vibrionales,Vibrionaceae,ASV1179,ASV1179
ASV1180,Actinobacteria,Acidimicrobiia,Actinomarinales,ASV1180,ASV1180,ASV1180
ASV1181,Proteobacteria,Alphaproteobacteria,Rhodobacterales,Rhodobacteraceae,ASV1181,ASV1181
ASV1182,Bacteroidetes,Bacteroidia,Cytophagales,Cyclobacteriaceae,Fulvivirga,ASV1182
ASV1183,Bacteroidetes,Bacteroidia,Chitinophagales,Chitinophagaceae,ASV1183,ASV1183
ASV1184,Proteobacteria,Alphaproteobacteria,Rhodobacterales,Rhodobacteraceae,ASV1184,ASV1184
ASV1185,Firmicutes,Bacilli,Bacillales,Staphylococcaceae,Staphylococcus,ASV1185
ASV1186,Proteobacteria,Gammaproteobacteria,Oceanospirillales,Endozoicomonadaceae,Endozoicomonas,ASV1186
ASV1187,Proteobacteria,Alphaproteobacteria,Rhodobacterales,Rhodobacteraceae,Pseudooctadecabacter,ASV1187
ASV1188,Proteobacteria,Gammaproteobacteria,Vibrionales,Vibrionaceae,Enterovibrio,ASV1188
ASV1189,Proteobacteria,Gammaproteobacteria,ASV1189,ASV1189,ASV1189,ASV1189
ASV1190,Actinobacteria,Actinobacteria,Streptosporangiales,Nocardiopsaceae,Nocardiopsis,ASV1190
ASV1191,Proteobacteria,Alphaproteobacteria,ASV1191,ASV1191,ASV1191,ASV1191
ASV1192,Proteobacteria,Alphaproteobacteria,Rhodobacterales,Rhodobacteraceae,Cribrihabitans,ASV1192
ASV1193,Proteobacteria,Alphaproteobacteria,Rhizobiales,Methyloligellaceae,ASV1193,ASV1193
ASV1194,Proteobacteria,Alphaproteobacteria,Sphingomonadales,Sphingomonadaceae,Sphingomonas,ASV1194
ASV1195,Proteobacteria,Gammaproteobacteria,Enterobacteriales,Enterobacteriaceae,Cedecea,ASV1195
ASV1196,Proteobacteria,Gammaproteobacteria,Oceanospirillales,Endozoicomonadaceae,Endozoicomonas,ASV1196
ASV1197,Proteobacteria,Gammaproteobacteria,Gammaproteobacteria_Incertae_Sedis,Unknown_Family,Acidibacter,ASV1197
ASV1198,Actinobacteria,Actinobacteria,Corynebacteriales,Corynebacteriaceae,Corynebacterium_1,ASV1198
ASV1199,Proteobacteria,Alphaproteobacteria,Rhodobacterales,Rhodobacteraceae,ASV1199,ASV1199
ASV1200,Bacteroidetes,Bacteroidia,Cytophagales,Spirosomaceae,Pseudarcicella,ASV1200
ASV1201,Proteobacteria,Gammaproteobacteria,Betaproteobacteriales,Burkholderiaceae,Collimonas,ASV1201
ASV1202,Proteobacteria,Alphaproteobacteria,Rhodobacterales,Rhodobacteraceae,Paracoccus,ASV1202
ASV1203,Proteobacteria,Alphaproteobacteria,Rhodobacterales,Rhodobacteraceae,Halodurantibacterium,ASV1203
ASV1204,Proteobacteria,Alphaproteobacteria,Rhizobiales,Rhizobiaceae,Cohaesibacter,ASV1204
ASV1205,Firmicutes,Bacilli,Bacillales,Staphylococcaceae,Staphylococcus,ASV1205
ASV1206,Proteobacteria,Gammaproteobacteria,ASV1206,ASV1206,ASV1206,ASV1206
ASV1207,Proteobacteria,Gammaproteobacteria,Vibrionales,Vibrionaceae,Catenococcus,ASV1207
ASV1208,Proteobacteria,Alphaproteobacteria,Rhodobacterales,Rhodobacteraceae,Pseudooctadecabacter,ASV1208
ASV1209,Proteobacteria,Alphaproteobacteria,Rhodospirillales,Terasakiellaceae,Aestuariispira,ASV1209
ASV1210,Epsilonbacteraeota,Campylobacteria,Campylobacterales,ASV1210,ASV1210,ASV1210
ASV1211,Proteobacteria,Alphaproteobacteria,SAR11_clade,Clade_I,Clade_Ia,ASV1211
ASV1212,Actinobacteria,Actinobacteria,Micrococcales,Micrococcaceae,Kocuria,ASV1212
ASV1213,Bacteroidetes,Bacteroidia,Bacteroidales,Prevotellaceae,Prevotella_7,ASV1213
ASV1214,Proteobacteria,Alphaproteobacteria,Rhodobacterales,Rhodobacteraceae,Yangia,ASV1214
ASV1215,Patescibacteria,ABY1,Candidatus_Kerfeldbacteria,ASV1215,ASV1215,ASV1215
ASV1216,Firmicutes,Bacilli,Bacillales,Bacillaceae,Bacillus,ASV1216
ASV1217,Firmicutes,Bacilli,Bacillales,Bacillaceae,Bacillus,ASV1217
ASV1219,Proteobacteria,Deltaproteobacteria,Bdellovibrionales,Bdellovibrionaceae,OM27_clade,ASV1219
ASV1220,Planctomycetes,Planctomycetacia,Pirellulales,Pirellulaceae,Rubripirellula,ASV1220
ASV1221,Proteobacteria,Gammaproteobacteria,Betaproteobacteriales,Burkholderiaceae,Massilia,ASV1221
ASV1222,Proteobacteria,Alphaproteobacteria,Rhodobacterales,Rhodobacteraceae,Tabrizicola,ASV1222
ASV1224,Proteobacteria,Alphaproteobacteria,Sphingomonadales,Sphingomonadaceae,Sphingomonas,ASV1224
ASV1225,Bacteroidetes,Bacteroidia,Flavobacteriales,Flavobacteriaceae,Marixanthomonas,ASV1225
ASV1226,Firmicutes,Clostridia,Clostridiales,Clostridiaceae_1,ASV1226,ASV1226
ASV1227,Actinobacteria,Actinobacteria,Pseudonocardiales,Pseudonocardiaceae,Actinophytocola,ASV1227
ASV1228,Actinobacteria,Actinobacteria,Corynebacteriales,Corynebacteriaceae,Corynebacterium_1,ASV1228
ASV1229,Proteobacteria,Alphaproteobacteria,Rhodobacterales,Rhodobacteraceae,Roseovarius,ASV1229
ASV1231,Firmicutes,Clostridia,Clostridiales,Lachnospiraceae,Vallitalea,ASV1231
ASV1233,Firmicutes,Bacilli,Bacillales,Bacillaceae,Bacillus,ASV1233
ASV1234,Proteobacteria,Gammaproteobacteria,Enterobacteriales,Enterobacteriaceae,ASV1234,ASV1234
ASV1235,Proteobacteria,Gammaproteobacteria,Alteromonadales,Shewanellaceae,Shewanella,ASV1235
ASV1236,Proteobacteria,Alphaproteobacteria,Rhizobiales,Xanthobacteraceae,Bradyrhizobium,ASV1236
ASV1237,Proteobacteria,Alphaproteobacteria,Rhizobiales,Rhizobiaceae,ASV1237,ASV1237
ASV1239,Proteobacteria,Gammaproteobacteria,Aeromonadales,Aeromonadaceae,Aeromonas,ASV1239
ASV1240,Proteobacteria,Gammaproteobacteria,Cellvibrionales,Microbulbiferaceae,Microbulbifer,ASV1240
ASV1241,Proteobacteria,Gammaproteobacteria,Pseudomonadales,Moraxellaceae,Acinetobacter,ASV1241
ASV1242,Proteobacteria,Alphaproteobacteria,Rhodobacterales,Rhodobacteraceae,ASV1242,ASV1242
ASV1243,Proteobacteria,Gammaproteobacteria,Betaproteobacteriales,Burkholderiaceae,Polynucleobacter,ASV1243
ASV1244,Epsilonbacteraeota,Campylobacteria,Campylobacterales,Arcobacteraceae,Arcobacter,ASV1244
ASV1245,Firmicutes,Clostridia,Clostridiales,Clostridiaceae_1,Clostridium_sensu_stricto_1,ASV1245
ASV1246,Proteobacteria,Alphaproteobacteria,Rhizobiales,Beijerinckiaceae,Methylobacterium,ASV1246
ASV1247,Proteobacteria,Alphaproteobacteria,Caulobacterales,Hyphomonadaceae,ASV1247,ASV1247
ASV1248,Firmicutes,Bacilli,Lactobacillales,Carnobacteriaceae,Atopostipes,ASV1248
ASV1249,Proteobacteria,Gammaproteobacteria,HOC36,ASV1249,ASV1249,ASV1249
ASV1250,Proteobacteria,Gammaproteobacteria,Alteromonadales,Colwelliaceae,ASV1250,ASV1250
ASV1251,Proteobacteria,Gammaproteobacteria,Pasteurellales,Pasteurellaceae,Actinobacillus,ASV1251
ASV1253,Proteobacteria,Alphaproteobacteria,Rhodobacterales,Rhodobacteraceae,ASV1253,ASV1253
ASV1254,Proteobacteria,Gammaproteobacteria,Betaproteobacteriales,Burkholderiaceae,Polynucleobacter,ASV1254
ASV1255,Proteobacteria,Alphaproteobacteria,Rhodobacterales,Rhodobacteraceae,Paracoccus,ASV1255
ASV1256,Firmicutes,Bacilli,Lactobacillales,Streptococcaceae,Streptococcus,ASV1256
ASV1257,Bacteroidetes,Bacteroidia,Cytophagales,Cyclobacteriaceae,Nafulsella,ASV1257
ASV1258,Bacteroidetes,Bacteroidia,Flavobacteriales,Flavobacteriaceae,Mesoflavibacter,ASV1258
ASV1259,Proteobacteria,Gammaproteobacteria,Vibrionales,Vibrionaceae,ASV1259,ASV1259
ASV1260,Proteobacteria,Alphaproteobacteria,Rhodobacterales,Rhodobacteraceae,Ruegeria,ASV1260
ASV1261,Proteobacteria,Alphaproteobacteria,Rhodobacterales,Rhodobacteraceae,Paracoccus,ASV1261
ASV1262,Firmicutes,Bacilli,Bacillales,Planococcaceae,Planomicrobium,ASV1262
ASV1263,Proteobacteria,Gammaproteobacteria,Vibrionales,Vibrionaceae,ASV1263,ASV1263
ASV1264,Proteobacteria,Gammaproteobacteria,Vibrionales,Vibrionaceae,Vibrio,ASV1264
ASV1265,Actinobacteria,Acidimicrobiia,Microtrichales,Ilumatobacteraceae,CL500-29_marine_group,ASV1265
ASV1267,Proteobacteria,Gammaproteobacteria,Betaproteobacteriales,Burkholderiaceae,ASV1267,ASV1267
ASV1268,Proteobacteria,Alphaproteobacteria,Rhizobiales,Rhizobiaceae,ASV1268,ASV1268
ASV1269,Proteobacteria,Alphaproteobacteria,Caulobacterales,Caulobacteraceae,Brevundimonas,ASV1269
ASV1270,Proteobacteria,Alphaproteobacteria,Rhodospirillales,Rhodopirillaceae,Defluviicoccus,ASV1270
ASV1271,Proteobacteria,Alphaproteobacteria,ASV1271,ASV1271,ASV1271,ASV1271
ASV1272,Proteobacteria,Gammaproteobacteria,Legionellales,Legionellaceae,Legionella,ASV1272
ASV1273,Proteobacteria,Gammaproteobacteria,Oceanospirillales,Nitrincolaceae,Neptuniibacter,ASV1273
ASV1274,Proteobacteria,Gammaproteobacteria,Pseudomonadales,Moraxellaceae,Psychrobacter,ASV1274
ASV1275,Proteobacteria,Gammaproteobacteria,Oceanospirillales,Endozoicomonadaceae,Endozoicomonas,ASV1275
ASV1276,Bacteroidetes,Bacteroidia,Flavobacteriales,Crocinitomicaceae,Fluviicola,ASV1276
ASV1277,Proteobacteria,Alphaproteobacteria,Rhodobacterales,Rhodobacteraceae,Tateyamaria,ASV1277
ASV1278,Firmicutes,Clostridia,Clostridiales,Clostridiaceae_1,ASV1278,ASV1278
ASV1279,Proteobacteria,Alphaproteobacteria,Rhizobiales,Rhizobiaceae,Allorhizobium-Neorhizobium-Pararhizobium-Rhizobium,ASV1279
ASV1280,Firmicutes,Bacilli,Bacillales,Staphylococcaceae,Salinicoccus,ASV1280
ASV1281,Cyanobacteria,Sericytochromatia,ASV1281,ASV1281,ASV1281,ASV1281
ASV1282,Proteobacteria,Gammaproteobacteria,Pseudomonadales,Moraxellaceae,Psychrobacter,ASV1282
ASV1283,Proteobacteria,Alphaproteobacteria,SAR11_clade,Clade_I,Clade_Ib,ASV1283
ASV1284,Gemmatimonadetes,BD2-11_terrestrial_group,ASV1284,ASV1284,ASV1284,ASV1284
ASV1285,Proteobacteria,Gammaproteobacteria,Oceanospirillales,Nitrincolaceae,Marinobacterium,ASV1285
ASV1286,ASV1286,ASV1286,ASV1286,ASV1286,ASV1286,ASV1286
ASV1287,Firmicutes,Clostridia,Clostridiales,Ruminococcaceae,ASV1287,ASV1287
ASV1289,Actinobacteria,Actinobacteria,Corynebacteriales,Corynebacteriaceae,Corynebacterium_1,ASV1289
ASV1290,Proteobacteria,Alphaproteobacteria,Rhodobacterales,Rhodobacteraceae,Roseobacter,ASV1290
ASV1291,Bacteroidetes,Bacteroidia,Chitinophagales,Chitinophagaceae,ASV1291,ASV1291
ASV1292,Proteobacteria,Gammaproteobacteria,Betaproteobacteriales,Burkholderiaceae,ASV1292,ASV1292
ASV1293,Proteobacteria,Alphaproteobacteria,Rhodobacterales,Rhodobacteraceae,ASV1293,ASV1293
ASV1294,Proteobacteria,Alphaproteobacteria,Caulobacterales,Parvularculaceae,Parvularcula,ASV1294
ASV1295,Proteobacteria,Gammaproteobacteria,Alteromonadales,Colwelliaceae,Thalassotalea,ASV1295
ASV1296,Proteobacteria,Gammaproteobacteria,Alteromonadales,Idiomarinaceae,Idiomarina,ASV1296
ASV1297,Proteobacteria,Gammaproteobacteria,Cellvibrionales,Halieaceae,Pseudohaliea,ASV1297
ASV1298,Proteobacteria,Gammaproteobacteria,Alteromonadales,Alteromonadaceae,Lacimicrobium,ASV1298
ASV1299,Actinobacteria,Acidimicrobiia,Microtrichales,Microtrichaceae,Sva0996_marine_group,ASV1299
ASV1300,Proteobacteria,Gammaproteobacteria,Francisellales,Francisellaceae,ASV1300,ASV1300
ASV1301,Actinobacteria,Actinobacteria,Corynebacteriales,Corynebacteriaceae,Corynebacterium_1,ASV1301
ASV1302,Proteobacteria,Deltaproteobacteria,Bradymonadales,ASV1302,ASV1302,ASV1302
ASV1303,Proteobacteria,Alphaproteobacteria,Rhodobacterales,Rhodobacteraceae,ASV1303,ASV1303
ASV1305,Proteobacteria,Alphaproteobacteria,Rhodobacterales,Rhodobacteraceae,Actibacterium,ASV1305
ASV1308,Proteobacteria,Gammaproteobacteria,Vibrionales,Vibrionaceae,Enterovibrio,ASV1308
ASV1309,Actinobacteria,Acidimicrobiia,Actinomarinales,ASV1309,ASV1309,ASV1309
ASV1311,Proteobacteria,Alphaproteobacteria,Caulobacterales,Hyphomonadaceae,Ponticaulis,ASV1311
ASV1312,Proteobacteria,Alphaproteobacteria,Caulobacterales,Hyphomonadaceae,ASV1312,ASV1312
ASV1313,Proteobacteria,Gammaproteobacteria,Alteromonadales,Alteromonadaceae,Alteromonas,ASV1313
ASV1314,Proteobacteria,Gammaproteobacteria,Alteromonadales,Alteromonadaceae,Alteromonas,ASV1314
ASV1315,Proteobacteria,Gammaproteobacteria,Gammaproteobacteria_Incertae_Sedis,Unknown_Family,ASV1315,ASV1315
ASV1316,Proteobacteria,Gammaproteobacteria,BD72BR169,ASV1316,ASV1316,ASV1316
ASV1317,Proteobacteria,Alphaproteobacteria,Rhodobacterales,Rhodobacteraceae,ASV1317,ASV1317
ASV1318,Proteobacteria,Alphaproteobacteria,Rhizobiales,Stappiaceae,Labrenzia,ASV1318
ASV1319,Proteobacteria,Deltaproteobacteria,PB19,ASV1319,ASV1319,ASV1319
ASV1320,Proteobacteria,Gammaproteobacteria,Alteromonadales,Pseudoalteromonadaceae,ASV1320,ASV1320
ASV1321,Proteobacteria,Gammaproteobacteria,Oceanospirillales,Endozoicomonadaceae,Endozoicomonas,ASV1321
ASV1322,Bacteroidetes,Bacteroidia,Flavobacteriales,Flavobacteriaceae,Planktosalinus,ASV1322
ASV1323,Bacteroidetes,Bacteroidia,Flavobacteriales,Flavobacteriaceae,ASV1323,ASV1323
ASV1324,Proteobacteria,Deltaproteobacteria,Myxococcales,P3OB-42,ASV1324,ASV1324
ASV1325,Chlamydiae,Chlamydiae,Chlamydiales,Simkaniaceae,ASV1325,ASV1325
ASV1326,Proteobacteria,Gammaproteobacteria,Alteromonadales,Alteromonadaceae,ASV1326,ASV1326
ASV1327,Bacteroidetes,Bacteroidia,Bacteroidales,Paludibacteraceae,Paludibacter,ASV1327
ASV1328,Proteobacteria,Gammaproteobacteria,Betaproteobacteriales,Burkholderiaceae,Burkholderia-Caballeronia-Paraburkholderia,ASV1328
ASV1329,Proteobacteria,Gammaproteobacteria,Betaproteobacteriales,TRA3-20,ASV1329,ASV1329
ASV1330,Firmicutes,Clostridia,Clostridiales,Lachnospiraceae,Acetitomaculum,ASV1330
ASV1331,Proteobacteria,Alphaproteobacteria,Rhodobacterales,Rhodobacteraceae,ASV1331,ASV1331
ASV1332,Firmicutes,Clostridia,Clostridiales,Peptostreptococcaceae,Tepidibacter,ASV1332
ASV1333,Proteobacteria,Gammaproteobacteria,Alteromonadales,Pseudoalteromonadaceae,Pseudoalteromonas,ASV1333
ASV1334,Proteobacteria,Gammaproteobacteria,Alteromonadales,Pseudoalteromonadaceae,Algicola,ASV1334
ASV1335,Proteobacteria,Gammaproteobacteria,Cellvibrionales,Halieaceae,Parahaliea,ASV1335
ASV1336,Proteobacteria,Gammaproteobacteria,ASV1336,ASV1336,ASV1336,ASV1336
ASV1337,Proteobacteria,Gammaproteobacteria,Vibrionales,Vibrionaceae,Catenococcus,ASV1337
ASV1338,Proteobacteria,Alphaproteobacteria,Rhodospirillales,Terasakiellaceae,ASV1338,ASV1338
ASV1339,Proteobacteria,Gammaproteobacteria,Oceanospirillales,Alcanivoracaceae,Alcanivorax,ASV1339
ASV1340,Proteobacteria,Gammaproteobacteria,Pseudomonadales,Moraxellaceae,Acinetobacter,ASV1340
ASV1341,Proteobacteria,Gammaproteobacteria,Betaproteobacteriales,Methylophilaceae,ASV1341,ASV1341
ASV1342,Proteobacteria,Alphaproteobacteria,Rhodobacterales,Rhodobacteraceae,Pseudodonghicola,ASV1342
ASV1343,Bacteroidetes,Bacteroidia,Bacteroidales,Paludibacteraceae,Paludibacter,ASV1343
ASV1344,Dadabacteria,Dadabacteriia,Dadabacteriales,ASV1344,ASV1344,ASV1344
ASV1346,Bacteroidetes,Bacteroidia,Flavobacteriales,Flavobacteriaceae,NS5_marine_group,ASV1346
ASV1347,Bacteroidetes,Bacteroidia,Flavobacteriales,Flavobacteriaceae,ASV1347,ASV1347
ASV1348,Proteobacteria,Gammaproteobacteria,Pseudomonadales,Pseudomonadaceae,Pseudomonas,ASV1348
ASV1349,Proteobacteria,Gammaproteobacteria,Cellvibrionales,Halieaceae,ASV1349,ASV1349
ASV1350,Proteobacteria,Gammaproteobacteria,Oceanospirillales,Nitrincolaceae,Neptuniibacter,ASV1350
ASV1351,Proteobacteria,Gammaproteobacteria,Cellvibrionales,Halieaceae,ASV1351,ASV1351
ASV1353,Firmicutes,Clostridia,Clostridiales,Ruminococcaceae,Acetivibrio,ASV1353
ASV1354,Proteobacteria,Gammaproteobacteria,Pseudomonadales,Moraxellaceae,Acinetobacter,ASV1354
ASV1355,Chlamydiae,Chlamydiae,Chlamydiales,Simkaniaceae,Candidatus_Fritschea,ASV1355
ASV1356,Proteobacteria,Alphaproteobacteria,Caulobacterales,Hyphomonadaceae,Algimonas,ASV1356
ASV1357,Proteobacteria,Deltaproteobacteria,Desulfobacterales,Desulfobulbaceae,Desulfofustis,ASV1357
ASV1358,Proteobacteria,Gammaproteobacteria,Alteromonadales,Shewanellaceae,Ferrimonas,ASV1358
ASV1360,Proteobacteria,Gammaproteobacteria,Gammaproteobacteria_Incertae_Sedis,Unknown_Family,Candidatus_Ovatusbacter,ASV1360
ASV1361,Proteobacteria,Alphaproteobacteria,Rhodobacterales,Rhodobacteraceae,Donghicola,ASV1361
ASV1362,Epsilonbacteraeota,Campylobacteria,Campylobacterales,ASV1362,ASV1362,ASV1362
ASV1363,Proteobacteria,Gammaproteobacteria,Betaproteobacteriales,Burkholderiaceae,Piscinibacter,ASV1363
ASV1364,Proteobacteria,Deltaproteobacteria,Myxococcales,ASV1364,ASV1364,ASV1364
ASV1366,Firmicutes,Clostridia,Clostridiales,Ruminococcaceae,ASV1366,ASV1366
ASV1369,Chlamydiae,Chlamydiae,Chlamydiales,Simkaniaceae,ASV1369,ASV1369
ASV1370,Proteobacteria,Alphaproteobacteria,Rhodobacterales,Rhodobacteraceae,ASV1370,ASV1370
ASV1371,Proteobacteria,Gammaproteobacteria,Betaproteobacteriales,Burkholderiaceae,Polynucleobacter,ASV1371
ASV1372,Proteobacteria,Gammaproteobacteria,Betaproteobacteriales,Burkholderiaceae,Massilia,ASV1372
ASV1373,Firmicutes,Clostridia,Clostridiales,Lachnospiraceae,Acetitomaculum,ASV1373
ASV1375,Proteobacteria,Deltaproteobacteria,Oligoflexales,0319-6G20,ASV1375,ASV1375
ASV1376,ASV1376,ASV1376,ASV1376,ASV1376,ASV1376,ASV1376
ASV1377,Bacteroidetes,Bacteroidia,Flavobacteriales,Flavobacteriaceae,Salinimicrobium,ASV1377
ASV1378,Proteobacteria,Alphaproteobacteria,Rhodobacterales,Rhodobacteraceae,Roseivivax,ASV1378
ASV1379,Proteobacteria,Alphaproteobacteria,Rhodobacterales,Rhodobacteraceae,Loktanella,ASV1379
ASV1380,Proteobacteria,Gammaproteobacteria,Alteromonadales,Alteromonadaceae,Alteromonas,ASV1380
ASV1381,Proteobacteria,Gammaproteobacteria,Alteromonadales,Alteromonadaceae,Alteromonas,ASV1381
ASV1382,Proteobacteria,Alphaproteobacteria,Rhodobacterales,Rhodobacteraceae,ASV1382,ASV1382
ASV1383,Proteobacteria,Alphaproteobacteria,Caulobacterales,Hyphomonadaceae,Oceanicaulis,ASV1383
ASV1384,Proteobacteria,Gammaproteobacteria,Enterobacteriales,Enterobacteriaceae,Tatumella,ASV1384
ASV1385,Proteobacteria,Deltaproteobacteria,Bdellovibrionales,Bacteriovoracaceae,Halobacteriovorax,ASV1385
ASV1386,Proteobacteria,Alphaproteobacteria,Puniceispirillales,Puniceispirillales_Incertae_Sedis,Constrictibacter,ASV1386
ASV1387,Proteobacteria,Alphaproteobacteria,ASV1387,ASV1387,ASV1387,ASV1387
ASV1388,Proteobacteria,Gammaproteobacteria,Vibrionales,Vibrionaceae,Catenococcus,ASV1388
ASV1389,Firmicutes,Clostridia,Clostridiales,Lachnospiraceae,ASV1389,ASV1389
ASV1390,Firmicutes,Clostridia,Clostridiales,Family_XII,Fusibacter,ASV1390
ASV1391,Proteobacteria,Alphaproteobacteria,ASV1391,ASV1391,ASV1391,ASV1391
ASV1392,Proteobacteria,Gammaproteobacteria,Alteromonadales,Alteromonadaceae,Rheinheimera,ASV1392
ASV1393,Proteobacteria,Gammaproteobacteria,Oceanospirillales,Alcanivoracaceae,Alcanivorax,ASV1393
ASV1394,Bacteroidetes,Bacteroidia,ASV1394,ASV1394,ASV1394,ASV1394
ASV1395,Bacteroidetes,Bacteroidia,Flavobacteriales,Flavobacteriaceae,ASV1395,ASV1395
ASV1396,Proteobacteria,Deltaproteobacteria,Bradymonadales,ASV1396,ASV1396,ASV1396
ASV1397,Proteobacteria,Deltaproteobacteria,Myxococcales,P3OB-42,ASV1397,ASV1397
ASV1398,Proteobacteria,Deltaproteobacteria,Oligoflexales,0319-6G20,ASV1398,ASV1398
ASV1399,Chlamydiae,Chlamydiae,Chlamydiales,Simkaniaceae,ASV1399,ASV1399
ASV1400,Chlamydiae,Chlamydiae,Chlamydiales,Simkaniaceae,ASV1400,ASV1400
ASV1401,Proteobacteria,Alphaproteobacteria,Rhodobacterales,Rhodobacteraceae,ASV1401,ASV1401
ASV1402,Proteobacteria,Alphaproteobacteria,Caulobacterales,Hyphomonadaceae,Hyphomonas,ASV1402
ASV1403,Proteobacteria,Alphaproteobacteria,Caulobacterales,Caulobacteraceae,Brevundimonas,ASV1403
ASV1404,Proteobacteria,Gammaproteobacteria,Alteromonadales,ASV1404,ASV1404,ASV1404
ASV1406,Proteobacteria,Gammaproteobacteria,Oceanospirillales,Nitrincolaceae,ASV1406,ASV1406
ASV1407,Proteobacteria,Alphaproteobacteria,Acetobacterales,Acetobacteraceae,Rhodovastum,ASV1407
ASV1408,Actinobacteria,Acidimicrobiia,Microtrichales,ASV1408,ASV1408,ASV1408
ASV1409,Actinobacteria,Actinobacteria,Propionibacteriales,Propionibacteriaceae,Cutibacterium,ASV1409
ASV1410,Bacteroidetes,Bacteroidia,Cytophagales,Cyclobacteriaceae,ASV1410,ASV1410
ASV1411,Proteobacteria,Alphaproteobacteria,SAR11_clade,Clade_I,Clade_Ib,ASV1411
ASV1412,Bacteroidetes,Bacteroidia,Chitinophagales,Saprospiraceae,Saprospira,ASV1412
ASV1413,Proteobacteria,Alphaproteobacteria,Rhizobiales,Rhizobiaceae,Lentilitoribacter,ASV1413
ASV1414,Proteobacteria,Gammaproteobacteria,ASV1414,ASV1414,ASV1414,ASV1414
ASV1415,Firmicutes,Bacilli,Bacillales,Bacillaceae,Bacillus,ASV1415
ASV1416,Proteobacteria,Alphaproteobacteria,Sphingomonadales,Sphingomonadaceae,ASV1416,ASV1416
ASV1417,Proteobacteria,Gammaproteobacteria,Oceanospirillales,Nitrincolaceae,Neptuniibacter,ASV1417
ASV1418,Chlamydiae,Chlamydiae,Chlamydiales,Simkaniaceae,ASV1418,ASV1418
ASV1419,ASV1419,ASV1419,ASV1419,ASV1419,ASV1419,ASV1419
ASV1420,Chlamydiae,Chlamydiae,Chlamydiales,ASV1420,ASV1420,ASV1420
ASV1421,Proteobacteria,Alphaproteobacteria,Rhodobacterales,Rhodobacteraceae,Shimia,ASV1421
ASV1422,Proteobacteria,Alphaproteobacteria,Rhodobacterales,Rhodobacteraceae,ASV1422,ASV1422
ASV1423,Proteobacteria,Gammaproteobacteria,Alteromonadales,Alteromonadaceae,XY-R5,ASV1423
ASV1424,Proteobacteria,Gammaproteobacteria,Gammaproteobacteria_Incertae_Sedis,Unknown_Family,Acidibacter,ASV1424
ASV1425,Firmicutes,Clostridia,Clostridiales,Ruminococcaceae,Ruminococcus_1,ASV1425
ASV1426,Firmicutes,Bacilli,Bacillales,Bacillaceae,ASV1426,ASV1426
ASV1427,Bacteroidetes,Bacteroidia,Cytophagales,Cyclobacteriaceae,Roseivirga,ASV1427
ASV1428,Proteobacteria,Alphaproteobacteria,SAR11_clade,Clade_II,ASV1428,ASV1428
ASV1429,Proteobacteria,Deltaproteobacteria,Bradymonadales,ASV1429,ASV1429,ASV1429
ASV1430,Proteobacteria,Alphaproteobacteria,Rickettsiales,Mitochondria,ASV1430,ASV1430
ASV1431,Proteobacteria,Gammaproteobacteria,Betaproteobacteriales,Burkholderiaceae,Hydrogenophaga,ASV1431
ASV1432,Proteobacteria,Alphaproteobacteria,Tistrellales,Geminicoccaceae,ASV1432,ASV1432
ASV1433,Proteobacteria,Alphaproteobacteria,Rhodobacterales,Rhodobacteraceae,Actibacterium,ASV1433
ASV1434,Firmicutes,Bacilli,Lactobacillales,Streptococcaceae,Streptococcus,ASV1434
ASV1435,Proteobacteria,Alphaproteobacteria,Rickettsiales,Anaplasmataceae,ASV1435,ASV1435
ASV1436,Fusobacteria,Fusobacteriia,Fusobacteriales,Fusobacteriaceae,Propionigenium,ASV1436
ASV1437,Gemmatimonadetes,Longimicrobia,Longimicrobiales,Longimicrobiaceae,ASV1437,ASV1437
ASV1438,Proteobacteria,Gammaproteobacteria,Cellvibrionales,Halieaceae,ASV1438,ASV1438
ASV1439,Proteobacteria,Gammaproteobacteria,Oceanospirillales,Endozoicomonadaceae,Endozoicomonas,ASV1439
ASV1440,Bacteroidetes,Bacteroidia,Cytophagales,Cyclobacteriaceae,Persicobacter,ASV1440
ASV1441,Patescibacteria,Saccharimonadia,Saccharimonadales,ASV1441,ASV1441,ASV1441
ASV1442,Firmicutes,Clostridia,Clostridiales,ASV1442,ASV1442,ASV1442
ASV1443,Spirochaetes,Spirochaetia,Spirochaetales,Spirochaetaceae,Spirochaeta_2,ASV1443
ASV1444,Proteobacteria,Alphaproteobacteria,Rhodobacterales,Rhodobacteraceae,ASV1444,ASV1444
ASV1445,Actinobacteria,Actinobacteria,Micrococcales,Microbacteriaceae,Microbacterium,ASV1445
ASV1446,Proteobacteria,Gammaproteobacteria,Betaproteobacteriales,Burkholderiaceae,GKS98_freshwater_group,ASV1446
ASV1447,Proteobacteria,Alphaproteobacteria,Caulobacterales,Hyphomonadaceae,Oceanicaulis,ASV1447
ASV1448,Bacteroidetes,Bacteroidia,Flavobacteriales,Flavobacteriaceae,Maribacter,ASV1448
ASV1449,Bacteroidetes,Bacteroidia,Flavobacteriales,Flavobacteriaceae,ASV1449,ASV1449
ASV1450,Proteobacteria,Gammaproteobacteria,Vibrionales,Vibrionaceae,Catenococcus,ASV1450
ASV1451,Proteobacteria,Alphaproteobacteria,Rhodovibrionales,Fodinicurvataceae,Fodinicurvata,ASV1451
ASV1452,Patescibacteria,Saccharimonadia,Saccharimonadales,ASV1452,ASV1452,ASV1452
ASV1453,Actinobacteria,Actinobacteria,Corynebacteriales,Corynebacteriaceae,Corynebacterium_1,ASV1453
ASV1455,Proteobacteria,Alphaproteobacteria,Rhodobacterales,Rhodobacteraceae,Thalassobius,ASV1455
ASV1456,Proteobacteria,Deltaproteobacteria,Bdellovibrionales,Bdellovibrionaceae,Bdellovibrio,ASV1456
ASV1457,Proteobacteria,Alphaproteobacteria,Rhizobiales,Rhizobiaceae,ASV1457,ASV1457
ASV1458,Bacteroidetes,Bacteroidia,Chitinophagales,Chitinophagaceae,Sediminibacterium,ASV1458
ASV1459,Firmicutes,Bacilli,Lactobacillales,Lactobacillaceae,Lactobacillus,ASV1459
ASV1460,Proteobacteria,Deltaproteobacteria,Myxococcales,Sandaracinaceae,ASV1460,ASV1460
ASV1461,Bacteroidetes,Bacteroidia,Bacteroidales,Marinifilaceae,Marinifilum,ASV1461
ASV1462,Proteobacteria,Gammaproteobacteria,Vibrionales,Vibrionaceae,Vibrio,ASV1462
ASV1463,Proteobacteria,Gammaproteobacteria,Vibrionales,Vibrionaceae,ASV1463,ASV1463
ASV1464,Proteobacteria,Deltaproteobacteria,Bdellovibrionales,Bacteriovoracaceae,Halobacteriovorax,ASV1464
ASV1465,Gemmatimonadetes,Longimicrobia,Longimicrobiales,Longimicrobiaceae,ASV1465,ASV1465
ASV1466,Actinobacteria,Actinobacteria,Corynebacteriales,Corynebacteriaceae,Corynebacterium_1,ASV1466
ASV1467,Proteobacteria,Alphaproteobacteria,Rickettsiales,Mitochondria,ASV1467,ASV1467
ASV1468,Epsilonbacteraeota,Campylobacteria,Campylobacterales,Arcobacteraceae,Arcobacter,ASV1468
ASV1469,Proteobacteria,Deltaproteobacteria,Bdellovibrionales,Bdellovibrionaceae,Bdellovibrio,ASV1469
ASV1470,Proteobacteria,Alphaproteobacteria,Rhodobacterales,Rhodobacteraceae,ASV1470,ASV1470
ASV1471,Proteobacteria,Gammaproteobacteria,EPR3968-O8a-Bc78,ASV1471,ASV1471,ASV1471
ASV1472,Bacteroidetes,Bacteroidia,Cytophagales,Cyclobacteriaceae,Persicobacter,ASV1472
ASV1473,Proteobacteria,Gammaproteobacteria,Cellvibrionales,Porticoccaceae,C1-B045,ASV1473
ASV1474,Proteobacteria,Gammaproteobacteria,Oceanospirillales,Halomonadaceae,Halomonas,ASV1474
ASV1476,Proteobacteria,Deltaproteobacteria,Bradymonadales,ASV1476,ASV1476,ASV1476
ASV1477,Chlamydiae,Chlamydiae,Chlamydiales,Simkaniaceae,ASV1477,ASV1477
ASV1478,Proteobacteria,Gammaproteobacteria,KI89A_clade,ASV1478,ASV1478,ASV1478
ASV1479,Proteobacteria,Alphaproteobacteria,Rhodobacterales,Rhodobacteraceae,Actibacterium,ASV1479
ASV1480,Proteobacteria,Gammaproteobacteria,Alteromonadales,Alteromonadaceae,ASV1480,ASV1480
ASV1481,Chloroflexi,Dehalococcoidia,SAR202_clade,ASV1481,ASV1481,ASV1481
ASV1482,Bacteroidetes,Bacteroidia,Chitinophagales,Chitinophagaceae,Sediminibacterium,ASV1482
ASV1483,Proteobacteria,Gammaproteobacteria,Betaproteobacteriales,Burkholderiaceae,Xenophilus,ASV1483
ASV1485,Armatimonadetes,Fimbriimonadia,Fimbriimonadales,Fimbriimonadaceae,ASV1485,ASV1485
ASV1486,Firmicutes,Clostridia,Clostridiales,Clostridiaceae_1,Clostridium_sensu_stricto_1,ASV1486
ASV1487,Proteobacteria,Alphaproteobacteria,Sphingomonadales,Sphingomonadaceae,Porphyrobacter,ASV1487
ASV1488,Proteobacteria,Alphaproteobacteria,Sphingomonadales,Sphingomonadaceae,Novosphingobium,ASV1488
ASV1489,Proteobacteria,Gammaproteobacteria,Cellvibrionales,Halieaceae,Parahaliea,ASV1489
ASV1490,Proteobacteria,Gammaproteobacteria,Alteromonadales,Pseudoalteromonadaceae,Pseudoalteromonas,ASV1490
ASV1491,Proteobacteria,Gammaproteobacteria,Gammaproteobacteria_Incertae_Sedis,Unknown_Family,Acidibacter,ASV1491
ASV1492,Dependentiae,Babeliae,Babeliales,ASV1492,ASV1492,ASV1492
ASV1493,Proteobacteria,Gammaproteobacteria,Pseudomonadales,Moraxellaceae,Acinetobacter,ASV1493
ASV1494,Proteobacteria,Alphaproteobacteria,SAR11_clade,Clade_I,ASV1494,ASV1494
ASV1495,ASV1495,ASV1495,ASV1495,ASV1495,ASV1495,ASV1495
ASV1496,Proteobacteria,Alphaproteobacteria,Rhodobacterales,Rhodobacteraceae,Roseobacter,ASV1496
ASV1497,Proteobacteria,Alphaproteobacteria,Rhodobacterales,Rhodobacteraceae,ASV1497,ASV1497
ASV1498,Actinobacteria,Actinobacteria,Micrococcales,Microbacteriaceae,Microbacterium,ASV1498
ASV1499,Proteobacteria,Gammaproteobacteria,Gammaproteobacteria_Incertae_Sedis,Unknown_Family,ASV1499,ASV1499
ASV1500,Bacteroidetes,Bacteroidia,Bacteroidales,Rikenellaceae,Rikenella,ASV1500
ASV1501,Proteobacteria,Deltaproteobacteria,ASV1501,ASV1501,ASV1501,ASV1501
ASV1502,Actinobacteria,Acidimicrobiia,Microtrichales,Microtrichaceae,Sva0996_marine_group,ASV1502
ASV1503,Proteobacteria,Alphaproteobacteria,SAR11_clade,Clade_I,ASV1503,ASV1503
ASV1504,Bacteroidetes,Bacteroidia,Flavobacteriales,Flavobacteriaceae,Salinimicrobium,ASV1504
ASV1505,Proteobacteria,Gammaproteobacteria,Alteromonadales,Alteromonadaceae,Aestuariibacter,ASV1505
ASV1506,Proteobacteria,Gammaproteobacteria,Betaproteobacteriales,Burkholderiaceae,Polynucleobacter,ASV1506
ASV1507,Proteobacteria,Deltaproteobacteria,SAR324_clade(Marine_group_B),ASV1507,ASV1507,ASV1507
ASV1508,Proteobacteria,Alphaproteobacteria,Rhizobiales,Beijerinckiaceae,Methylobacterium,ASV1508
ASV1509,Proteobacteria,Gammaproteobacteria,ASV1509,ASV1509,ASV1509,ASV1509
ASV1510,Firmicutes,Clostridia,Clostridiales,Peptostreptococcaceae,Romboutsia,ASV1510
ASV1511,Proteobacteria,Alphaproteobacteria,Rhodospirillales,Magnetospirillaceae,Magnetospirillum,ASV1511
ASV1512,Proteobacteria,Alphaproteobacteria,Sphingomonadales,Sphingomonadaceae,Polymorphobacter,ASV1512
ASV1513,Proteobacteria,Alphaproteobacteria,Sphingomonadales,Sphingomonadaceae,Sphingorhabdus,ASV1513
ASV1514,Bacteroidetes,Bacteroidia,Flavobacteriales,Flavobacteriaceae,ASV1514,ASV1514
ASV1515,Proteobacteria,Gammaproteobacteria,Vibrionales,Vibrionaceae,Vibrio,ASV1515
ASV1516,Proteobacteria,Deltaproteobacteria,Bradymonadales,ASV1516,ASV1516,ASV1516
ASV1517,Proteobacteria,Gammaproteobacteria,ASV1517,ASV1517,ASV1517,ASV1517
ASV1518,Proteobacteria,Alphaproteobacteria,Micavibrionales,ASV1518,ASV1518,ASV1518
ASV1519,Proteobacteria,Gammaproteobacteria,Betaproteobacteriales,Aquaspirillaceae,Aquaspirillum,ASV1519
ASV1520,Patescibacteria,Gracilibacteria,JGI_0000069-P22,ASV1520,ASV1520,ASV1520
ASV1521,Proteobacteria,Gammaproteobacteria,Betaproteobacteriales,Burkholderiaceae,Massilia,ASV1521
ASV1522,Firmicutes,Bacilli,Bacillales,ASV1522,ASV1522,ASV1522
ASV1523,Proteobacteria,Gammaproteobacteria,Alteromonadales,Colwelliaceae,Thalassotalea,ASV1523
ASV1524,Proteobacteria,Deltaproteobacteria,Desulfobacterales,Desulfobulbaceae,Desulfofustis,ASV1524
ASV1525,Proteobacteria,Gammaproteobacteria,Oceanospirillales,Halomonadaceae,Halomonas,ASV1525
ASV1526,Proteobacteria,Gammaproteobacteria,Oceanospirillales,SS1-B-06-26,ASV1526,ASV1526
ASV1527,Proteobacteria,Gammaproteobacteria,Vibrionales,Vibrionaceae,ASV1527,ASV1527
ASV1528,Proteobacteria,ASV1528,ASV1528,ASV1528,ASV1528,ASV1528
ASV1529,Actinobacteria,Actinobacteria,Streptomycetales,Streptomycetaceae,Streptomyces,ASV1529
ASV1530,Actinobacteria,Actinobacteria,Micrococcales,Microbacteriaceae,ASV1530,ASV1530
ASV1531,Proteobacteria,Gammaproteobacteria,Pseudomonadales,Moraxellaceae,Acinetobacter,ASV1531
ASV1533,Actinobacteria,Actinobacteria,Corynebacteriales,Corynebacteriaceae,Corynebacterium,ASV1533
ASV1534,Actinobacteria,Actinobacteria,Corynebacteriales,Corynebacteriaceae,Corynebacterium_1,ASV1534
ASV1535,Chlamydiae,Chlamydiae,Chlamydiales,Parachlamydiaceae,Neochlamydia,ASV1535
ASV1536,Patescibacteria,Gracilibacteria,JGI_0000069-P22,ASV1536,ASV1536,ASV1536
ASV1537,Proteobacteria,Gammaproteobacteria,Betaproteobacteriales,Burkholderiaceae,Leptothrix,ASV1537
ASV1538,Firmicutes,Clostridia,Clostridiales,Clostridiaceae_1,Clostridium_sensu_stricto_6,ASV1538
ASV1539,Proteobacteria,Alphaproteobacteria,Rhizobiales,Beijerinckiaceae,Methylobacterium,ASV1539
ASV1540,Proteobacteria,Alphaproteobacteria,Rhodobacterales,Rhodobacteraceae,Roseobacter,ASV1540
ASV1541,Proteobacteria,Alphaproteobacteria,Rhodobacterales,Rhodobacteraceae,Paracoccus,ASV1541
ASV1542,Proteobacteria,Alphaproteobacteria,ASV1542,ASV1542,ASV1542,ASV1542
ASV1543,Proteobacteria,Alphaproteobacteria,Rhizobiales,Beijerinckiaceae,Methylobacterium,ASV1543
ASV1544,Proteobacteria,Alphaproteobacteria,Sphingomonadales,Sphingomonadaceae,ASV1544,ASV1544
ASV1545,Proteobacteria,Alphaproteobacteria,Rhizobiales,Stappiaceae,Labrenzia,ASV1545
ASV1546,ASV1546,ASV1546,ASV1546,ASV1546,ASV1546,ASV1546
ASV1547,Bacteroidetes,Bacteroidia,Flavobacteriales,Flavobacteriaceae,ASV1547,ASV1547
ASV1548,Proteobacteria,Gammaproteobacteria,Pseudomonadales,Pseudomonadaceae,Pseudomonas,ASV1548
ASV1549,Proteobacteria,Gammaproteobacteria,ASV1549,ASV1549,ASV1549,ASV1549
ASV1550,Proteobacteria,Gammaproteobacteria,Cellvibrionales,Halieaceae,Pseudohaliea,ASV1550
ASV1551,Proteobacteria,Gammaproteobacteria,Alteromonadales,ASV1551,ASV1551,ASV1551
ASV1552,ASV1552,ASV1552,ASV1552,ASV1552,ASV1552,ASV1552
ASV1553,Bacteroidetes,Bacteroidia,Flavobacteriales,Flavobacteriaceae,ASV1553,ASV1553
ASV1554,Proteobacteria,Alphaproteobacteria,Thalassobaculales,ASV1554,ASV1554,ASV1554
ASV1555,Proteobacteria,Alphaproteobacteria,Thalassobaculales,ASV1555,ASV1555,ASV1555
ASV1556,Proteobacteria,Alphaproteobacteria,Rhodovibrionales,Fodinicurvataceae,Fodinicurvata,ASV1556
ASV1557,Actinobacteria,Actinobacteria,Actinomycetales,Actinomycetaceae,Actinomyces,ASV1557
ASV1558,Actinobacteria,Actinobacteria,Corynebacteriales,Corynebacteriaceae,Lawsonella,ASV1558
ASV1559,Proteobacteria,Gammaproteobacteria,Alteromonadales,Alteromonadaceae,Alteromonas,ASV1559
ASV1560,Proteobacteria,Alphaproteobacteria,Rhodobacterales,Rhodobacteraceae,ASV1560,ASV1560
ASV1561,Proteobacteria,Alphaproteobacteria,Rhodobacterales,Rhodobacteraceae,ASV1561,ASV1561
ASV1562,Actinobacteria,Actinobacteria,Micrococcales,Microbacteriaceae,Microbacterium,ASV1562
ASV1563,Deinococcus-Thermus,Deinococci,Thermales,Thermaceae,Meiothermus,ASV1563
ASV1564,Bacteroidetes,Bacteroidia,Chitinophagales,Chitinophagaceae,Ferruginibacter,ASV1564
ASV1565,Bacteroidetes,Bacteroidia,Chitinophagales,Chitinophagaceae,Flavisolibacter,ASV1565
ASV1566,Planctomycetes,OM190,ASV1566,ASV1566,ASV1566,ASV1566
ASV1567,Proteobacteria,Alphaproteobacteria,ASV1567,ASV1567,ASV1567,ASV1567
ASV1568,Actinobacteria,Actinobacteria,Pseudonocardiales,Pseudonocardiaceae,Saccharopolyspora,ASV1568
ASV1569,Actinobacteria,Actinobacteria,Propionibacteriales,Propionibacteriaceae,Cutibacterium,ASV1569
ASV1570,Proteobacteria,Alphaproteobacteria,SAR11_clade,Clade_I,Clade_Ib,ASV1570
ASV1571,Bacteroidetes,Bacteroidia,Flavobacteriales,Flavobacteriaceae,Maritimimonas,ASV1571
ASV1572,Chlamydiae,Chlamydiae,Chlamydiales,Simkaniaceae,ASV1572,ASV1572
ASV1574,Proteobacteria,Alphaproteobacteria,Rhodobacterales,Rhodobacteraceae,Ruegeria,ASV1574
ASV1575,Firmicutes,Clostridia,Clostridiales,Clostridiaceae,Anaeromicrobium,ASV1575
ASV1576,Proteobacteria,Alphaproteobacteria,Caulobacterales,Parvularculaceae,Parvularcula,ASV1576
ASV1577,Proteobacteria,Deltaproteobacteria,Oligoflexales,Oligoflexaceae,Oligoflexus,ASV1577
ASV1578,Proteobacteria,Gammaproteobacteria,Cellvibrionales,Halieaceae,Pseudohaliea,ASV1578
ASV1579,Proteobacteria,Gammaproteobacteria,Oceanospirillales,Nitrincolaceae,Neptuniibacter,ASV1579
ASV1580,Proteobacteria,Gammaproteobacteria,Vibrionales,Vibrionaceae,Catenococcus,ASV1580
ASV1582,Actinobacteria,Actinobacteria,Micrococcales,Microbacteriaceae,Candidatus_Aquiluna,ASV1582
ASV1583,Firmicutes,Clostridia,Clostridiales,Ruminococcaceae,Ruminococcaceae_UCG-005,ASV1583
ASV1584,Proteobacteria,Gammaproteobacteria,Betaproteobacteriales,Burkholderiaceae,Pseudorhodoferax,ASV1584
ASV1585,Bacteroidetes,Bacteroidia,Cytophagales,Cyclobacteriaceae,ASV1585,ASV1585
ASV1586,Proteobacteria,Deltaproteobacteria,Bradymonadales,ASV1586,ASV1586,ASV1586
ASV1587,Proteobacteria,Alphaproteobacteria,Rhodobacterales,Rhodobacteraceae,Pseudodonghicola,ASV1587
ASV1588,Proteobacteria,Alphaproteobacteria,Rhodobacterales,Rhodobacteraceae,Aliiroseovarius,ASV1588
ASV1589,Proteobacteria,Alphaproteobacteria,Caulobacterales,Hyphomonadaceae,Ponticaulis,ASV1589
ASV1590,Proteobacteria,Alphaproteobacteria,Rhizobiales,Rhizobiaceae,ASV1590,ASV1590
ASV1591,Bacteroidetes,Bacteroidia,Chitinophagales,ASV1591,ASV1591,ASV1591
ASV1592,Proteobacteria,Gammaproteobacteria,Betaproteobacteriales,Burkholderiaceae,Piscinibacter,ASV1592
ASV1593,Proteobacteria,Gammaproteobacteria,Betaproteobacteriales,Burkholderiaceae,Massilia,ASV1593
ASV1594,Chloroflexi,Dehalococcoidia,SAR202_clade,ASV1594,ASV1594,ASV1594
ASV1595,Proteobacteria,Alphaproteobacteria,Rhodobacterales,Rhodobacteraceae,Loktanella,ASV1595
ASV1596,Proteobacteria,Deltaproteobacteria,Bdellovibrionales,Bacteriovoracaceae,Peredibacter,ASV1596
ASV1597,Firmicutes,Bacilli,Lactobacillales,Carnobacteriaceae,ASV1597,ASV1597
ASV1598,Bacteroidetes,Bacteroidia,Flavobacteriales,Flavobacteriaceae,Gilvibacter,ASV1598
ASV1599,Proteobacteria,Alphaproteobacteria,Caulobacterales,Hyphomonadaceae,Oceanicaulis,ASV1599
ASV1600,Firmicutes,Clostridia,Clostridiales,Peptococcaceae,ASV1600,ASV1600
ASV1601,Bacteroidetes,Bacteroidia,Flavobacteriales,Flavobacteriaceae,Nonlabens,ASV1601
ASV1602,Actinobacteria,Acidimicrobiia,Microtrichales,Iamiaceae,Iamia,ASV1602
ASV1603,Proteobacteria,Deltaproteobacteria,Oligoflexales,0319-6G20,ASV1603,ASV1603
ASV1604,Actinobacteria,Actinobacteria,Micrococcales,Promicromonosporaceae,Cellulosimicrobium,ASV1604
ASV1605,Proteobacteria,Gammaproteobacteria,Alteromonadales,Alteromonadaceae,ASV1605,ASV1605
ASV1606,Actinobacteria,Actinobacteria,Micrococcales,Microbacteriaceae,Microbacterium,ASV1606
ASV1607,Proteobacteria,Gammaproteobacteria,ASV1607,ASV1607,ASV1607,ASV1607
ASV1608,Proteobacteria,Gammaproteobacteria,Gammaproteobacteria_Incertae_Sedis,Unknown_Family,Marinicella,ASV1608
ASV1610,Proteobacteria,Gammaproteobacteria,Betaproteobacteriales,Burkholderiaceae,ASV1610,ASV1610
ASV1611,Proteobacteria,Gammaproteobacteria,EC3,ASV1611,ASV1611,ASV1611
ASV1612,Firmicutes,Clostridia,Clostridiales,Family_XII,Fusibacter,ASV1612
ASV1613,Proteobacteria,Alphaproteobacteria,Rhodobacterales,Rhodobacteraceae,Paracoccus,ASV1613
ASV1614,Firmicutes,Bacilli,Bacillales,Bacillaceae,Bacillus,ASV1614
ASV1615,Proteobacteria,Deltaproteobacteria,Myxococcales,Haliangiaceae,Haliangium,ASV1615
ASV1616,Firmicutes,Bacilli,Lactobacillales,Streptococcaceae,Streptococcus,ASV1616
ASV1617,Proteobacteria,Alphaproteobacteria,Sphingomonadales,Sphingomonadaceae,Sphingomonas,ASV1617
ASV1618,Proteobacteria,Gammaproteobacteria,Alteromonadales,Pseudoalteromonadaceae,Algicola,ASV1618
ASV1619,Proteobacteria,Gammaproteobacteria,ASV1619,ASV1619,ASV1619,ASV1619
ASV1620,Bacteroidetes,Bacteroidia,Flavobacteriales,Flavobacteriaceae,Aureivirga,ASV1620
ASV1621,Proteobacteria,Alphaproteobacteria,Rhodovibrionales,Kiloniellaceae,Tistlia,ASV1621
ASV1622,Actinobacteria,Actinobacteria,Pseudonocardiales,Pseudonocardiaceae,ASV1622,ASV1622
ASV1623,Proteobacteria,Alphaproteobacteria,SAR11_clade,Clade_II,ASV1623,ASV1623
ASV1624,Proteobacteria,Alphaproteobacteria,SAR11_clade,Clade_II,ASV1624,ASV1624
ASV1625,Bacteroidetes,Bacteroidia,Bacteroidales,Prevotellaceae,Prevotella_7,ASV1625
ASV1626,Planctomycetes,Planctomycetacia,Planctomycetales,Rubinisphaeraceae,Planctomicrobium,ASV1626
ASV1627,Chlamydiae,Chlamydiae,Chlamydiales,Simkaniaceae,ASV1627,ASV1627
ASV1628,Proteobacteria,Alphaproteobacteria,Rhodobacterales,Rhodobacteraceae,ASV1628,ASV1628
ASV1629,Proteobacteria,Alphaproteobacteria,Rhodobacterales,Rhodobacteraceae,Actibacterium,ASV1629
ASV1630,Proteobacteria,Alphaproteobacteria,Rhodobacterales,Rhodobacteraceae,ASV1630,ASV1630
ASV1631,Proteobacteria,Alphaproteobacteria,Rhodobacterales,Rhodobacteraceae,ASV1631,ASV1631
ASV1632,Bacteroidetes,Bacteroidia,Chitinophagales,Chitinophagaceae,Sediminibacterium,ASV1632
ASV1633,Proteobacteria,Gammaproteobacteria,Betaproteobacteriales,Burkholderiaceae,Burkholderia-Caballeronia-Paraburkholderia,ASV1633
ASV1634,Proteobacteria,Gammaproteobacteria,Betaproteobacteriales,Burkholderiaceae,ASV1634,ASV1634
ASV1635,Proteobacteria,Alphaproteobacteria,Rhodobacterales,Rhodobacteraceae,Rubellimicrobium,ASV1635
ASV1636,Firmicutes,Bacilli,Bacillales,Bacillaceae,Bacillus,ASV1636
ASV1637,Firmicutes,Bacilli,Bacillales,Staphylococcaceae,Staphylococcus,ASV1637
ASV1638,Proteobacteria,Alphaproteobacteria,ASV1638,ASV1638,ASV1638,ASV1638
ASV1639,Actinobacteria,Actinobacteria,Micromonosporales,Micromonosporaceae,Longispora,ASV1639
ASV1640,Bacteroidetes,Bacteroidia,ASV1640,ASV1640,ASV1640,ASV1640
ASV1641,Actinobacteria,Acidimicrobiia,Actinomarinales,Actinomarinaceae,Candidatus_Actinomarina,ASV1641
ASV1642,Chlamydiae,Chlamydiae,Chlamydiales,Simkaniaceae,ASV1642,ASV1642
ASV1643,Bacteroidetes,Bacteroidia,Flavobacteriales,Flavobacteriaceae,Salinimicrobium,ASV1643
ASV1644,Proteobacteria,Gammaproteobacteria,ASV1644,ASV1644,ASV1644,ASV1644
ASV1645,Proteobacteria,Alphaproteobacteria,Rhodobacterales,Rhodobacteraceae,Pseudodonghicola,ASV1645
ASV1646,Proteobacteria,Gammaproteobacteria,JTB23,ASV1646,ASV1646,ASV1646
ASV1647,Proteobacteria,Gammaproteobacteria,Betaproteobacteriales,Burkholderiaceae,Ideonella,ASV1647
ASV1648,Proteobacteria,Gammaproteobacteria,Betaproteobacteriales,Burkholderiaceae,ASV1648,ASV1648
ASV1649,Proteobacteria,Gammaproteobacteria,Betaproteobacteriales,Neisseriaceae,ASV1649,ASV1649
ASV1650,Proteobacteria,Alphaproteobacteria,Rhodobacterales,Rhodobacteraceae,Actibacterium,ASV1650
ASV1651,Proteobacteria,Alphaproteobacteria,Rhodobacterales,Rhodobacteraceae,ASV1651,ASV1651
ASV1652,Proteobacteria,Alphaproteobacteria,Azospirillales,Azospirillaceae,Azospirillum,ASV1652
ASV1653,Proteobacteria,Alphaproteobacteria,Rhizobiales,Hyphomicrobiaceae,Filomicrobium,ASV1653
ASV1654,Proteobacteria,Alphaproteobacteria,Rhizobiales,Rhizobiales_Incertae_Sedis,Bauldia,ASV1654
ASV1655,Proteobacteria,Gammaproteobacteria,ASV1655,ASV1655,ASV1655,ASV1655
ASV1656,Proteobacteria,Alphaproteobacteria,Caulobacterales,Hyphomonadaceae,Maricaulis,ASV1656
ASV1657,Proteobacteria,Alphaproteobacteria,Rickettsiales,ASV1657,ASV1657,ASV1657
ASV1658,Proteobacteria,ASV1658,ASV1658,ASV1658,ASV1658,ASV1658
ASV1659,Bacteroidetes,Bacteroidia,Flavobacteriales,Flavobacteriaceae,ASV1659,ASV1659
ASV1660,Actinobacteria,Thermoleophilia,Gaiellales,ASV1660,ASV1660,ASV1660
ASV1661,Proteobacteria,Gammaproteobacteria,Pseudomonadales,Pseudomonadaceae,Pseudomonas,ASV1661
ASV1662,Proteobacteria,Gammaproteobacteria,Alteromonadales,Colwelliaceae,Thalassotalea,ASV1662
ASV1663,Proteobacteria,Gammaproteobacteria,Alteromonadales,Colwelliaceae,Thalassotalea,ASV1663
ASV1664,Proteobacteria,Gammaproteobacteria,Vibrionales,Vibrionaceae,ASV1664,ASV1664
ASV1665,Proteobacteria,Gammaproteobacteria,Vibrionales,Vibrionaceae,Vibrio,ASV1665
ASV1666,Proteobacteria,Alphaproteobacteria,ASV1666,ASV1666,ASV1666,ASV1666
ASV1668,Proteobacteria,Alphaproteobacteria,Rhodobacterales,Rhodobacteraceae,ASV1668,ASV1668
ASV1669,Bacteroidetes,Bacteroidia,Chitinophagales,Chitinophagaceae,ASV1669,ASV1669
ASV1670,Proteobacteria,Alphaproteobacteria,Rhodobacterales,Rhodobacteraceae,ASV1670,ASV1670
ASV1671,Proteobacteria,Alphaproteobacteria,Thalassobaculales,Nisaeaceae,Nisaea,ASV1671
ASV1672,Proteobacteria,Deltaproteobacteria,Bdellovibrionales,Bdellovibrionaceae,OM27_clade,ASV1672
ASV1673,Proteobacteria,Gammaproteobacteria,Coxiellales,Coxiellaceae,Coxiella,ASV1673
ASV1674,Proteobacteria,Gammaproteobacteria,Coxiellales,Coxiellaceae,Coxiella,ASV1674
ASV1675,Firmicutes,Bacilli,Lactobacillales,Streptococcaceae,Lactococcus,ASV1675
ASV1676,Firmicutes,Clostridia,Clostridiales,Clostridiaceae_4,Paramaledivibacter,ASV1676
ASV1677,Proteobacteria,Gammaproteobacteria,Oceanospirillales,Halomonadaceae,Marinospirillum,ASV1677
ASV1678,Proteobacteria,Gammaproteobacteria,Oceanospirillales,SS1-B-06-26,ASV1678,ASV1678
ASV1679,Proteobacteria,Gammaproteobacteria,Oceanospirillales,Endozoicomonadaceae,Endozoicomonas,ASV1679
ASV1680,Proteobacteria,Gammaproteobacteria,ASV1680,ASV1680,ASV1680,ASV1680
ASV1681,Proteobacteria,Gammaproteobacteria,Vibrionales,Vibrionaceae,Catenococcus,ASV1681
ASV1682,Proteobacteria,Gammaproteobacteria,Vibrionales,Vibrionaceae,ASV1682,ASV1682
ASV1683,Proteobacteria,Alphaproteobacteria,Rhizobiales,Beijerinckiaceae,Methylobacterium,ASV1683
ASV1684,Proteobacteria,Gammaproteobacteria,Alteromonadales,Shewanellaceae,Ferrimonas,ASV1684
ASV1686,Proteobacteria,Alphaproteobacteria,Rhodobacterales,Rhodobacteraceae,ASV1686,ASV1686
ASV1687,Proteobacteria,Gammaproteobacteria,Alteromonadales,Alteromonadaceae,ASV1687,ASV1687
ASV1688,Proteobacteria,Gammaproteobacteria,Steroidobacterales,Steroidobacteraceae,ASV1688,ASV1688
ASV1689,Acidobacteria,Acidobacteriia,Solibacterales,Solibacteraceae_(Subgroup_3),PAUC26f,ASV1689
ASV1690,Proteobacteria,Alphaproteobacteria,ASV1690,ASV1690,ASV1690,ASV1690
ASV1691,Proteobacteria,Alphaproteobacteria,Rhodobacterales,Rhodobacteraceae,Roseibacterium,ASV1691
ASV1692,Proteobacteria,Alphaproteobacteria,Rhizobiales,Rhizobiaceae,Allorhizobium-Neorhizobium-Pararhizobium-Rhizobium,ASV1692
ASV1693,Firmicutes,Bacilli,Bacillales,Bacillaceae,Bacillus,ASV1693
ASV1694,Proteobacteria,Alphaproteobacteria,ASV1694,ASV1694,ASV1694,ASV1694
ASV1695,Firmicutes,Bacilli,Bacillales,Bacillaceae,Aquibacillus,ASV1695
ASV1696,Firmicutes,Bacilli,Bacillales,Thermoactinomycetaceae,Planifilum,ASV1696
ASV1697,Proteobacteria,Gammaproteobacteria,Oceanospirillales,Halomonadaceae,ASV1697,ASV1697
ASV1698,Lentisphaerae,Oligosphaeria,P.palmC41,ASV1698,ASV1698,ASV1698
ASV1699,Actinobacteria,Actinobacteria,Corynebacteriales,Dietziaceae,Dietzia,ASV1699
ASV1700,Chlamydiae,Chlamydiae,Chlamydiales,Simkaniaceae,Ga0074140,ASV1700
ASV1701,Bacteroidetes,Bacteroidia,Flavobacteriales,Flavobacteriaceae,Salinimicrobium,ASV1701
ASV1702,Proteobacteria,Alphaproteobacteria,Rhodobacterales,Rhodobacteraceae,ASV1702,ASV1702
ASV1703,Dadabacteria,Dadabacteriia,Dadabacteriales,ASV1703,ASV1703,ASV1703
ASV1704,Proteobacteria,Gammaproteobacteria,Betaproteobacteriales,Aquaspirillaceae,Rivicola,ASV1704
ASV1705,Proteobacteria,Gammaproteobacteria,Betaproteobacteriales,Methylophilaceae,Methylotenera,ASV1705
ASV1706,Firmicutes,Clostridia,Clostridiales,Family_XII,Fusibacter,ASV1706
ASV1707,Proteobacteria,Alphaproteobacteria,Rhodobacterales,Rhodobacteraceae,Roseibacterium,ASV1707
ASV1708,Proteobacteria,Alphaproteobacteria,Rhodobacterales,Rhodobacteraceae,Actibacterium,ASV1708
ASV1709,Proteobacteria,Alphaproteobacteria,Rhizobiales,Rhizobiales_Incertae_Sedis,Bauldia,ASV1709
ASV1710,Proteobacteria,Deltaproteobacteria,Bdellovibrionales,Bacteriovoracaceae,Peredibacter,ASV1710
ASV1711,Firmicutes,Bacilli,Bacillales,Bacillaceae,Bacillus,ASV1711
ASV1712,Firmicutes,Bacilli,Bacillales,Bacillaceae,ASV1712,ASV1712
ASV1713,Proteobacteria,Alphaproteobacteria,Caulobacterales,Caulobacteraceae,Caulobacter,ASV1713
ASV1715,Proteobacteria,Gammaproteobacteria,Alteromonadales,Idiomarinaceae,Idiomarina,ASV1715
ASV1716,Proteobacteria,Gammaproteobacteria,Alteromonadales,Pseudoalteromonadaceae,Pseudoalteromonas,ASV1716
ASV1718,Proteobacteria,Alphaproteobacteria,ASV1718,ASV1718,ASV1718,ASV1718
ASV1719,Proteobacteria,Gammaproteobacteria,Alteromonadales,Shewanellaceae,Ferrimonas,ASV1719
ASV1720,Firmicutes,Clostridia,Clostridiales,Family_XII,Fusibacter,ASV1720
ASV1721,Actinobacteria,Actinobacteria,Micrococcales,Microbacteriaceae,Rhodoluna,ASV1721
ASV1722,Actinobacteria,Acidimicrobiia,IMCC26256,ASV1722,ASV1722,ASV1722
ASV1723,Proteobacteria,Alphaproteobacteria,Caulobacterales,Caulobacteraceae,Phenylobacterium,ASV1723
ASV1724,Acidobacteria,Thermoanaerobaculia,Thermoanaerobaculales,Thermoanaerobaculaceae,Subgroup_10,ASV1724
ASV1725,Actinobacteria,Actinobacteria,Corynebacteriales,Corynebacteriaceae,Corynebacterium_1,ASV1725
ASV1726,Actinobacteria,Actinobacteria,Micrococcales,Microbacteriaceae,Galbitalea,ASV1726
ASV1727,Actinobacteria,Actinobacteria,Micrococcales,Micrococcaceae,Micrococcus,ASV1727
ASV1728,Planctomycetes,Planctomycetacia,Pirellulales,Pirellulaceae,Blastopirellula,ASV1728
ASV1729,Chlamydiae,Chlamydiae,Chlamydiales,Parachlamydiaceae,Neochlamydia,ASV1729
ASV1730,Proteobacteria,Alphaproteobacteria,Rhodobacterales,Rhodobacteraceae,Palleronia,ASV1730
ASV1731,Spirochaetes,Spirochaetia,Spirochaetales,Spirochaetaceae,Spirochaeta_2,ASV1731
ASV1732,Proteobacteria,Alphaproteobacteria,Rhodobacterales,Rhodobacteraceae,Marinovum,ASV1732
ASV1733,Proteobacteria,Alphaproteobacteria,Rhodobacterales,Rhodobacteraceae,Pseudodonghicola,ASV1733
ASV1734,Proteobacteria,Gammaproteobacteria,Alteromonadales,Alteromonadaceae,Alteromonas,ASV1734
ASV1735,Proteobacteria,Gammaproteobacteria,ASV1735,ASV1735,ASV1735,ASV1735
ASV1737,Proteobacteria,Gammaproteobacteria,Nitrosococcales,Methylophagaceae,Methylophaga,ASV1737
ASV1738,Proteobacteria,Gammaproteobacteria,Betaproteobacteriales,Burkholderiaceae,Tibeticola,ASV1738
ASV1739,Proteobacteria,Gammaproteobacteria,ASV1739,ASV1739,ASV1739,ASV1739
ASV1740,Proteobacteria,Gammaproteobacteria,SAR86_clade,ASV1740,ASV1740,ASV1740
ASV1741,Firmicutes,Bacilli,Bacillales,Bacillaceae,Bacillus,ASV1741
ASV1742,Proteobacteria,Alphaproteobacteria,Sphingomonadales,Sphingomonadaceae,Sphingorhabdus,ASV1742
ASV1743,Bacteroidetes,Bacteroidia,ASV1743,ASV1743,ASV1743,ASV1743
ASV1744,Proteobacteria,Alphaproteobacteria,Rhizobiales,Rhizobiaceae,Roseitalea,ASV1744
ASV1745,Proteobacteria,ASV1745,ASV1745,ASV1745,ASV1745,ASV1745
ASV1746,Proteobacteria,Deltaproteobacteria,Bdellovibrionales,Bdellovibrionaceae,Bdellovibrio,ASV1746
ASV1747,Proteobacteria,Gammaproteobacteria,Oceanospirillales,Nitrincolaceae,Marinobacterium,ASV1747
ASV1748,Proteobacteria,Alphaproteobacteria,Rhodospirillales,Terasakiellaceae,ASV1748,ASV1748
ASV1749,Proteobacteria,Alphaproteobacteria,Rhodovibrionales,Kiloniellaceae,Tistlia,ASV1749
ASV1750,Proteobacteria,Alphaproteobacteria,Rickettsiales,Rickettsiaceae,ASV1750,ASV1750
ASV1751,Proteobacteria,ASV1751,ASV1751,ASV1751,ASV1751,ASV1751
ASV1752,Proteobacteria,Alphaproteobacteria,Rickettsiales,Mitochondria,ASV1752,ASV1752
ASV1753,Actinobacteria,Actinobacteria,Corynebacteriales,Corynebacteriaceae,Corynebacterium_1,ASV1753
ASV1754,Proteobacteria,Alphaproteobacteria,Rhodobacterales,Rhodobacteraceae,ASV1754,ASV1754
ASV1755,Proteobacteria,Alphaproteobacteria,Caulobacterales,Hyphomonadaceae,Ponticaulis,ASV1755
ASV1756,Proteobacteria,Alphaproteobacteria,Caulobacterales,Hyphomonadaceae,ASV1756,ASV1756
ASV1757,Bacteroidetes,Bacteroidia,Cytophagales,Cyclobacteriaceae,Persicobacter,ASV1757
ASV1758,Proteobacteria,Gammaproteobacteria,ASV1758,ASV1758,ASV1758,ASV1758
ASV1759,Bacteroidetes,Bacteroidia,Chitinophagales,Saprospiraceae,Saprospira,ASV1759
ASV1760,Proteobacteria,Gammaproteobacteria,Betaproteobacteriales,Burkholderiaceae,GKS98_freshwater_group,ASV1760
ASV1761,Proteobacteria,Gammaproteobacteria,Betaproteobacteriales,Burkholderiaceae,Undibacterium,ASV1761
ASV1762,Bacteroidetes,Bacteroidia,Sphingobacteriales,NS11-12_marine_group,ASV1762,ASV1762
ASV1763,Proteobacteria,Alphaproteobacteria,Caulobacterales,Parvularculaceae,ASV1763,ASV1763
ASV1764,Proteobacteria,Alphaproteobacteria,Rhizobiales,Rhizobiaceae,Aureimonas,ASV1764
ASV1765,Bacteroidetes,Bacteroidia,Flavobacteriales,Flavobacteriaceae,Mesoflavibacter,ASV1765
ASV1766,Bacteroidetes,Bacteroidia,Flavobacteriales,Flavobacteriaceae,Nonlabens,ASV1766
ASV1767,Proteobacteria,Gammaproteobacteria,Vibrionales,Vibrionaceae,Grimontia,ASV1767
ASV1768,Proteobacteria,Gammaproteobacteria,Vibrionales,Vibrionaceae,Catenococcus,ASV1768
ASV1769,Proteobacteria,Gammaproteobacteria,Vibrionales,Vibrionaceae,Vibrio,ASV1769
ASV1770,Proteobacteria,Gammaproteobacteria,Vibrionales,Vibrionaceae,ASV1770,ASV1770
ASV1771,Planctomycetes,Phycisphaerae,Phycisphaerales,Phycisphaeraceae,SM1A02,ASV1771
ASV1772,Patescibacteria,Saccharimonadia,Saccharimonadales,ASV1772,ASV1772,ASV1772
ASV1773,Proteobacteria,Gammaproteobacteria,Alteromonadales,Pseudoalteromonadaceae,Algicola,ASV1773
ASV1774,Proteobacteria,Gammaproteobacteria,Pasteurellales,Pasteurellaceae,Haemophilus,ASV1774
ASV1775,Bacteroidetes,Bacteroidia,Cytophagales,Spirosomaceae,Dyadobacter,ASV1775
ASV1776,Actinobacteria,Acidimicrobiia,Microtrichales,Ilumatobacteraceae,Ilumatobacter,ASV1776
ASV1777,Proteobacteria,Alphaproteobacteria,Rhodobacterales,Rhodobacteraceae,ASV1777,ASV1777
ASV1778,Proteobacteria,Alphaproteobacteria,Rhodobacterales,Rhodobacteraceae,Epibacterium,ASV1778
ASV1779,Proteobacteria,ASV1779,ASV1779,ASV1779,ASV1779,ASV1779
ASV1780,Actinobacteria,Actinobacteria,Micrococcales,Microbacteriaceae,Microbacterium,ASV1780
ASV1781,Proteobacteria,Alphaproteobacteria,Rickettsiales,Rickettsiaceae,ASV1781,ASV1781
ASV1782,Proteobacteria,Gammaproteobacteria,Betaproteobacteriales,Rhodocyclaceae,Zoogloea,ASV1782
ASV1783,Proteobacteria,Deltaproteobacteria,Bdellovibrionales,Bacteriovoracaceae,Halobacteriovorax,ASV1783
ASV1784,Proteobacteria,Deltaproteobacteria,Bdellovibrionales,Bacteriovoracaceae,Peredibacter,ASV1784
ASV1785,Proteobacteria,Alphaproteobacteria,Rickettsiales,Anaplasmataceae,ASV1785,ASV1785
ASV1786,Firmicutes,Bacilli,Bacillales,Bacillaceae,ASV1786,ASV1786
ASV1787,Firmicutes,Bacilli,Bacillales,Family_XII,Exiguobacterium,ASV1787
ASV1788,Proteobacteria,Alphaproteobacteria,ASV1788,ASV1788,ASV1788,ASV1788
ASV1789,Proteobacteria,Alphaproteobacteria,Sphingomonadales,Sphingomonadaceae,Hephaestia,ASV1789
ASV1790,Fusobacteria,Fusobacteriia,Fusobacteriales,Fusobacteriaceae,Propionigenium,ASV1790
ASV1791,Bacteroidetes,Bacteroidia,Flavobacteriales,Flavobacteriaceae,ASV1791,ASV1791
ASV1792,Proteobacteria,Gammaproteobacteria,Alteromonadales,Colwelliaceae,Thalassotalea,ASV1792
ASV1793,Proteobacteria,Gammaproteobacteria,Alteromonadales,Pseudoalteromonadaceae,Pseudoalteromonas,ASV1793
ASV1794,Proteobacteria,Gammaproteobacteria,Cellvibrionales,Cellvibrionaceae,ASV1794,ASV1794
ASV1795,Proteobacteria,Gammaproteobacteria,ASV1795,ASV1795,ASV1795,ASV1795
ASV1796,Proteobacteria,Gammaproteobacteria,Vibrionales,Vibrionaceae,ASV1796,ASV1796
ASV1797,Proteobacteria,Gammaproteobacteria,Vibrionales,Vibrionaceae,Photobacterium,ASV1797
ASV1798,Proteobacteria,Gammaproteobacteria,Vibrionales,Vibrionaceae,Aliivibrio,ASV1798
ASV1799,Proteobacteria,Alphaproteobacteria,Micavibrionales,Micavibrionaceae,ASV1799,ASV1799
ASV1800,Proteobacteria,Gammaproteobacteria,Francisellales,Francisellaceae,ASV1800,ASV1800
ASV1801,Proteobacteria,Gammaproteobacteria,ASV1801,ASV1801,ASV1801,ASV1801
ASV1802,Bacteroidetes,Ignavibacteria,OPB56,ASV1802,ASV1802,ASV1802
ASV1803,Actinobacteria,Actinobacteria,Corynebacteriales,Corynebacteriaceae,Corynebacterium_1,ASV1803
ASV1804,Chlamydiae,Chlamydiae,Chlamydiales,Simkaniaceae,ASV1804,ASV1804
ASV1805,Patescibacteria,Parcubacteria,Candidatus_Moranbacteria,ASV1805,ASV1805,ASV1805
ASV1806,Epsilonbacteraeota,Campylobacteria,Campylobacterales,Arcobacteraceae,Arcobacter,ASV1806
ASV1807,Proteobacteria,Gammaproteobacteria,Betaproteobacteriales,Rhodocyclaceae,Candidatus_Accumulibacter,ASV1807
ASV1808,Firmicutes,Clostridia,Clostridiales,Clostridiaceae_1,Clostridium_sensu_stricto_1,ASV1808
ASV1809,Firmicutes,Bacilli,Bacillales,Bacillaceae,Bacillus,ASV1809
ASV1810,Firmicutes,Bacilli,Lactobacillales,Carnobacteriaceae,Dolosigranulum,ASV1810
ASV1811,Proteobacteria,Gammaproteobacteria,Alteromonadales,Pseudoalteromonadaceae,Algicola,ASV1811
ASV1812,Proteobacteria,Gammaproteobacteria,Vibrionales,Vibrionaceae,ASV1812,ASV1812
ASV1813,Proteobacteria,Gammaproteobacteria,Vibrionales,Vibrionaceae,Catenococcus,ASV1813
ASV1814,Proteobacteria,Gammaproteobacteria,Vibrionales,Vibrionaceae,ASV1814,ASV1814
ASV1815,Actinobacteria,Actinobacteria,Micrococcales,Microbacteriaceae,Rhodoluna,ASV1815
ASV1816,Actinobacteria,Acidimicrobiia,Microtrichales,Iamiaceae,Iamia,ASV1816
ASV1817,Proteobacteria,Gammaproteobacteria,ASV1817,ASV1817,ASV1817,ASV1817
ASV1818,Bacteroidetes,Bacteroidia,Cytophagales,Cyclobacteriaceae,Nafulsella,ASV1818
ASV1819,Proteobacteria,Gammaproteobacteria,ASV1819,ASV1819,ASV1819,ASV1819
ASV1820,Planctomycetes,Planctomycetacia,Pirellulales,Pirellulaceae,Pir4_lineage,ASV1820
ASV1821,Proteobacteria,Alphaproteobacteria,Rhodobacterales,Rhodobacteraceae,Litoreibacter,ASV1821
ASV1822,Proteobacteria,Alphaproteobacteria,Rhodobacterales,Rhodobacteraceae,Marinovum,ASV1822
ASV1823,Proteobacteria,Gammaproteobacteria,Alteromonadales,Alteromonadaceae,Aestuariibacter,ASV1823
ASV1824,Bacteroidetes,Bacteroidia,Chitinophagales,Chitinophagaceae,Sediminibacterium,ASV1824
ASV1825,Epsilonbacteraeota,Campylobacteria,Campylobacterales,Arcobacteraceae,Arcobacter,ASV1825
ASV1827,Proteobacteria,Gammaproteobacteria,Betaproteobacteriales,Neisseriaceae,Neisseria,ASV1827
ASV1828,Patescibacteria,Gracilibacteria,Candidatus_Peregrinibacteria,ASV1828,ASV1828,ASV1828
ASV1829,Firmicutes,Clostridia,Clostridiales,Clostridiaceae_1,ASV1829,ASV1829
ASV1830,Proteobacteria,Gammaproteobacteria,ASV1830,ASV1830,ASV1830,ASV1830
ASV1831,Proteobacteria,Alphaproteobacteria,ASV1831,ASV1831,ASV1831,ASV1831
ASV1832,Firmicutes,Bacilli,Bacillales,Bacillaceae,Bacillus,ASV1832
ASV1833,Proteobacteria,Alphaproteobacteria,Sphingomonadales,Sphingomonadaceae,Rhizorhapis,ASV1833
ASV1834,Proteobacteria,Alphaproteobacteria,Sphingomonadales,Sphingomonadaceae,Erythrobacter,ASV1834
ASV1835,Proteobacteria,Alphaproteobacteria,Sphingomonadales,Sphingomonadaceae,Sphingorhabdus,ASV1835
ASV1836,Proteobacteria,ASV1836,ASV1836,ASV1836,ASV1836,ASV1836
ASV1837,Bacteroidetes,Bacteroidia,Flavobacteriales,Flavobacteriaceae,NS4_marine_group,ASV1837
ASV1838,Proteobacteria,Alphaproteobacteria,Rhizobiales,Hyphomicrobiaceae,Filomicrobium,ASV1838
ASV1839,Proteobacteria,Gammaproteobacteria,Cellvibrionales,ASV1839,ASV1839,ASV1839
ASV1840,Proteobacteria,Gammaproteobacteria,Alteromonadales,Colwelliaceae,ASV1840,ASV1840
ASV1841,Proteobacteria,Gammaproteobacteria,Alteromonadales,Idiomarinaceae,Idiomarina,ASV1841
ASV1842,Proteobacteria,Gammaproteobacteria,Cellvibrionales,Halieaceae,Parahaliea,ASV1842
ASV1843,Proteobacteria,Gammaproteobacteria,Vibrionales,Vibrionaceae,Photobacterium,ASV1843
ASV1844,Proteobacteria,Gammaproteobacteria,Vibrionales,Vibrionaceae,ASV1844,ASV1844
ASV1845,Proteobacteria,Gammaproteobacteria,Vibrionales,Vibrionaceae,Photobacterium,ASV1845
ASV1846,Bacteroidetes,Bacteroidia,Flavobacteriales,NS9_marine_group,ASV1846,ASV1846
ASV1847,Proteobacteria,Gammaproteobacteria,Enterobacteriales,Enterobacteriaceae,ASV1847,ASV1847
ASV1848,Proteobacteria,Deltaproteobacteria,Oligoflexales,0319-6G20,ASV1848,ASV1848
ASV1849,Cyanobacteria,Oxyphotobacteria,Chloroplast,ASV1849,ASV1849,ASV1849
ASV1850,Chloroflexi,Anaerolineae,Ardenticatenales,Ardenticatenaceae,ASV1850,ASV1850
ASV1851,Proteobacteria,Alphaproteobacteria,Rhodobacterales,Rhodobacteraceae,Ruegeria,ASV1851
ASV1852,Proteobacteria,Alphaproteobacteria,Rhodobacterales,Rhodobacteraceae,Marinovum,ASV1852
ASV1853,Epsilonbacteraeota,Campylobacteria,Campylobacterales,Arcobacteraceae,Arcobacter,ASV1853
ASV1854,Proteobacteria,Gammaproteobacteria,Betaproteobacteriales,Burkholderiaceae,Massilia,ASV1854
ASV1855,Proteobacteria,Alphaproteobacteria,ASV1855,ASV1855,ASV1855,ASV1855
ASV1856,Proteobacteria,Alphaproteobacteria,Rhodobacterales,Rhodobacteraceae,Albimonas,ASV1856
ASV1857,Firmicutes,Bacilli,Lactobacillales,Aerococcaceae,Facklamia,ASV1857
ASV1858,Proteobacteria,Alphaproteobacteria,ASV1858,ASV1858,ASV1858,ASV1858
ASV1859,Firmicutes,Clostridia,Clostridiales,Clostridiaceae_4,Paramaledivibacter,ASV1859
ASV1860,Bacteroidetes,Bacteroidia,Cytophagales,Hymenobacteraceae,Pontibacter,ASV1860
ASV1861,Proteobacteria,Deltaproteobacteria,Myxococcales,Polyangiaceae,ASV1861,ASV1861
ASV1862,Proteobacteria,Deltaproteobacteria,PB19,ASV1862,ASV1862,ASV1862
ASV1863,Proteobacteria,Gammaproteobacteria,Gammaproteobacteria_Incertae_Sedis,Unknown_Family,Sulfuriflexus,ASV1863
ASV1864,Proteobacteria,Deltaproteobacteria,Desulfobacterales,Desulfobulbaceae,ASV1864,ASV1864
ASV1865,Proteobacteria,Gammaproteobacteria,Alteromonadales,Colwelliaceae,Thalassotalea,ASV1865
ASV1866,Proteobacteria,Gammaproteobacteria,Alteromonadales,Marinobacteraceae,Marinobacter,ASV1866
ASV1867,Proteobacteria,Gammaproteobacteria,Cellvibrionales,BD2-7,ASV1867,ASV1867
ASV1868,Proteobacteria,Alphaproteobacteria,Micavibrionales,Micavibrionaceae,ASV1868,ASV1868
ASV1869,Proteobacteria,Gammaproteobacteria,ASV1869,ASV1869,ASV1869,ASV1869
ASV1870,Proteobacteria,Alphaproteobacteria,Rhizobiales,Beijerinckiaceae,Methylobacterium,ASV1870
ASV1871,Proteobacteria,Alphaproteobacteria,Reyranellales,Reyranellaceae,ASV1871,ASV1871
ASV1872,Proteobacteria,Alphaproteobacteria,Azospirillales,Azospirillaceae,Niveispirillum,ASV1872
ASV1873,Proteobacteria,Alphaproteobacteria,Rhodobacterales,Rhodobacteraceae,Loktanella,ASV1873
ASV1874,Proteobacteria,Alphaproteobacteria,Rhodobacterales,Rhodobacteraceae,Roseovarius,ASV1874
ASV1875,Proteobacteria,Alphaproteobacteria,Rhodobacterales,Rhodobacteraceae,Roseovarius,ASV1875
ASV1876,Proteobacteria,Alphaproteobacteria,Caulobacterales,Hyphomonadaceae,Henriciella,ASV1876
ASV1877,Proteobacteria,Alphaproteobacteria,Caulobacterales,Hyphomonadaceae,Hyphomonas,ASV1877
ASV1878,Proteobacteria,Alphaproteobacteria,Rhizobiales,Rhizobiaceae,Roseitalea,ASV1878
ASV1879,Proteobacteria,Gammaproteobacteria,Alteromonadales,Alteromonadaceae,ASV1879,ASV1879
ASV1880,Bacteroidetes,Bacteroidia,Chitinophagales,Saprospiraceae,ASV1880,ASV1880
ASV1881,Epsilonbacteraeota,Campylobacteria,Campylobacterales,Arcobacteraceae,Arcobacter,ASV1881
ASV1882,Proteobacteria,Gammaproteobacteria,Betaproteobacteriales,Burkholderiaceae,Burkholderia-Caballeronia-Paraburkholderia,ASV1882
ASV1883,Proteobacteria,Alphaproteobacteria,Rhizobiales,Xanthobacteraceae,Rhodopseudomonas,ASV1883
ASV1884,Proteobacteria,Alphaproteobacteria,Rhodobacterales,Rhodobacteraceae,Paracoccus,ASV1884
ASV1885,Proteobacteria,Alphaproteobacteria,Rhodobacterales,Rhodobacteraceae,ASV1885,ASV1885
ASV1886,Proteobacteria,Alphaproteobacteria,Rhodobacterales,Rhodobacteraceae,Pseudorhodobacter,ASV1886
ASV1887,Proteobacteria,Deltaproteobacteria,Bdellovibrionales,Bdellovibrionaceae,OM27_clade,ASV1887
ASV1888,Firmicutes,Clostridia,Clostridiales,Lachnospiraceae,ASV1888,ASV1888
ASV1889,Proteobacteria,Gammaproteobacteria,ASV1889,ASV1889,ASV1889,ASV1889
ASV1890,Proteobacteria,Alphaproteobacteria,Rhizobiales,Thermopetrobacteraceae,Thermopetrobacter,ASV1890
ASV1891,Firmicutes,Bacilli,Bacillales,Staphylococcaceae,Staphylococcus,ASV1891
ASV1892,Proteobacteria,Alphaproteobacteria,ASV1892,ASV1892,ASV1892,ASV1892
ASV1893,Proteobacteria,Alphaproteobacteria,ASV1893,ASV1893,ASV1893,ASV1893
ASV1894,Proteobacteria,Deltaproteobacteria,Desulfobacterales,Desulfobulbaceae,Desulfofustis,ASV1894
ASV1895,Proteobacteria,Gammaproteobacteria,Oceanospirillales,Nitrincolaceae,Marinobacterium,ASV1895
ASV1896,Proteobacteria,Gammaproteobacteria,Oceanospirillales,Alcanivoracaceae,Alcanivorax,ASV1896
ASV1897,Proteobacteria,Gammaproteobacteria,Vibrionales,Vibrionaceae,Catenococcus,ASV1897
ASV1898,Proteobacteria,Gammaproteobacteria,Vibrionales,Vibrionaceae,Catenococcus,ASV1898
ASV1899,Proteobacteria,Gammaproteobacteria,Vibrionales,Vibrionaceae,Catenococcus,ASV1899
ASV1900,Proteobacteria,Alphaproteobacteria,Rhodospirillales,Terasakiellaceae,ASV1900,ASV1900
ASV1901,Proteobacteria,Alphaproteobacteria,ASV1901,ASV1901,ASV1901,ASV1901
ASV1902,Actinobacteria,Actinobacteria,PeM15,ASV1902,ASV1902,ASV1902
ASV1903,Dependentiae,Babeliae,Babeliales,ASV1903,ASV1903,ASV1903
ASV1904,Proteobacteria,Alphaproteobacteria,Rickettsiales,ASV1904,ASV1904,ASV1904
ASV1905,Actinobacteria,Actinobacteria,Micrococcales,Dermacoccaceae,Dermacoccus,ASV1905
ASV1906,Chlamydiae,Chlamydiae,Chlamydiales,Simkaniaceae,ASV1906,ASV1906
ASV1907,Thaumarchaeota,Nitrososphaeria,Nitrosopumilales,Nitrosopumilaceae,ASV1907,ASV1907
ASV1908,Planctomycetes,Planctomycetacia,Planctomycetales,Rubinisphaeraceae,Planctomicrobium,ASV1908
ASV1909,Proteobacteria,Deltaproteobacteria,Bradymonadales,ASV1909,ASV1909,ASV1909
ASV1910,Proteobacteria,Gammaproteobacteria,Alteromonadales,Alteromonadaceae,Alteromonas,ASV1910
ASV1911,Proteobacteria,Alphaproteobacteria,Rhodobacterales,Rhodobacteraceae,Tabrizicola,ASV1911
ASV1912,Proteobacteria,Gammaproteobacteria,Ga0077536,ASV1912,ASV1912,ASV1912
ASV1913,Proteobacteria,Gammaproteobacteria,Betaproteobacteriales,Burkholderiaceae,Xylophilus,ASV1913
ASV1914,Firmicutes,Clostridia,Clostridiales,Family_XII,Fusibacter,ASV1914
ASV1915,Proteobacteria,Gammaproteobacteria,KI89A_clade,ASV1915,ASV1915,ASV1915
ASV1916,Firmicutes,Bacilli,Bacillales,Bacillaceae,Anaerobacillus,ASV1916
ASV1917,Proteobacteria,Alphaproteobacteria,Rhodobacterales,Rhodobacteraceae,Rubrimonas,ASV1917
ASV1918,Bacteroidetes,Bacteroidia,Cytophagales,Amoebophilaceae,Candidatus_Amoebophilus,ASV1918
ASV1919,Planctomycetes,Phycisphaerae,Phycisphaerales,Phycisphaeraceae,CL500-3,ASV1919
ASV1920,Proteobacteria,Alphaproteobacteria,Rhizobiales,Rhizobiaceae,Aureimonas,ASV1920
ASV1921,Bacteroidetes,Bacteroidia,Flavobacteriales,Flavobacteriaceae,Tenacibaculum,ASV1921
ASV1922,Proteobacteria,Gammaproteobacteria,Oceanospirillales,Nitrincolaceae,Marinobacterium,ASV1922
ASV1923,Proteobacteria,Gammaproteobacteria,Legionellales,Legionellaceae,Legionella,ASV1923
ASV1924,Proteobacteria,Gammaproteobacteria,Oceanospirillales,Halomonadaceae,Oceanospirillum,ASV1924
ASV1925,Proteobacteria,Gammaproteobacteria,Oceanospirillales,Nitrincolaceae,Marinobacterium,ASV1925
ASV1926,Proteobacteria,Gammaproteobacteria,Vibrionales,Vibrionaceae,Catenococcus,ASV1926
ASV1927,Actinobacteria,Acidimicrobiia,Actinomarinales,ASV1927,ASV1927,ASV1927
ASV1928,Proteobacteria,Deltaproteobacteria,ASV1928,ASV1928,ASV1928,ASV1928
ASV1929,Actinobacteria,Actinobacteria,Actinomycetales,Actinomycetaceae,ASV1929,ASV1929
ASV1930,Planctomycetes,Planctomycetacia,Pirellulales,Pirellulaceae,Blastopirellula,ASV1930
ASV1931,Proteobacteria,Deltaproteobacteria,Bradymonadales,ASV1931,ASV1931,ASV1931
ASV1932,Proteobacteria,Alphaproteobacteria,Rhodobacterales,Rhodobacteraceae,Marinovum,ASV1932
ASV1933,Proteobacteria,Alphaproteobacteria,Rhodobacterales,Rhodobacteraceae,ASV1933,ASV1933
ASV1934,Proteobacteria,Alphaproteobacteria,Rhodobacterales,Rhodobacteraceae,Nautella,ASV1934
ASV1935,Proteobacteria,Alphaproteobacteria,Caulobacterales,Hyphomonadaceae,ASV1935,ASV1935
ASV1936,Proteobacteria,Alphaproteobacteria,Rhizobiales,Rhizobiaceae,Roseitalea,ASV1936
ASV1937,Proteobacteria,ASV1937,ASV1937,ASV1937,ASV1937,ASV1937
ASV1938,Patescibacteria,Parcubacteria,Candidatus_Adlerbacteria,ASV1938,ASV1938,ASV1938
ASV1939,Proteobacteria,Alphaproteobacteria,ASV1939,ASV1939,ASV1939,ASV1939
ASV1940,Bacteroidetes,Bacteroidia,Chitinophagales,Saprospiraceae,ASV1940,ASV1940
ASV1941,Proteobacteria,Gammaproteobacteria,Betaproteobacteriales,Burkholderiaceae,Simplicispira,ASV1941
ASV1942,Firmicutes,Clostridia,Clostridiales,Lachnospiraceae,Vallitalea,ASV1942
ASV1943,Proteobacteria,Gammaproteobacteria,SZB50,ASV1943,ASV1943,ASV1943
ASV1944,Proteobacteria,Gammaproteobacteria,Steroidobacterales,Woeseiaceae,Woeseia,ASV1944
ASV1945,Proteobacteria,Alphaproteobacteria,Caulobacterales,Hyphomonadaceae,Maricaulis,ASV1945
ASV1946,Proteobacteria,Alphaproteobacteria,ASV1946,ASV1946,ASV1946,ASV1946
ASV1947,Firmicutes,Clostridia,Clostridiales,Family_XI,Anaerococcus,ASV1947
ASV1948,Proteobacteria,Alphaproteobacteria,Sphingomonadales,Sphingomonadaceae,Erythrobacter,ASV1948
ASV1949,Proteobacteria,Alphaproteobacteria,Caulobacterales,Caulobacteraceae,Brevundimonas,ASV1949
ASV1950,Proteobacteria,Alphaproteobacteria,Caulobacterales,Caulobacteraceae,Brevundimonas,ASV1950
ASV1951,Proteobacteria,Alphaproteobacteria,Caulobacterales,Hyphomonadaceae,Oceanicaulis,ASV1951
ASV1952,Gemmatimonadetes,Gemmatimonadetes,Gemmatimonadales,Gemmatimonadaceae,ASV1952,ASV1952
ASV1953,Proteobacteria,Gammaproteobacteria,Oceanospirillales,Endozoicomonadaceae,Endozoicomonas,ASV1953
ASV1954,Proteobacteria,Gammaproteobacteria,Vibrionales,Vibrionaceae,ASV1954,ASV1954
ASV1955,Proteobacteria,Gammaproteobacteria,ASV1955,ASV1955,ASV1955,ASV1955
ASV1956,Proteobacteria,Gammaproteobacteria,Vibrionales,Vibrionaceae,Vibrio,ASV1956
ASV1957,Proteobacteria,Deltaproteobacteria,Bradymonadales,ASV1957,ASV1957,ASV1957
ASV1958,Actinobacteria,Actinobacteria,Bifidobacteriales,Bifidobacteriaceae,Gardnerella,ASV1958
ASV1959,Actinobacteria,Actinobacteria,Micrococcales,Microbacteriaceae,Candidatus_Planktoluna,ASV1959
ASV1960,Proteobacteria,Alphaproteobacteria,SAR11_clade,Clade_II,ASV1960,ASV1960
ASV1961,Proteobacteria,Alphaproteobacteria,SAR11_clade,Clade_I,Clade_Ib,ASV1961
ASV1962,Actinobacteria,Actinobacteria,Micrococcales,Micrococcaceae,Glutamicibacter,ASV1962
ASV1963,Actinobacteria,Acidimicrobiia,Actinomarinales,ASV1963,ASV1963,ASV1963
ASV1964,Proteobacteria,Alphaproteobacteria,Rhodobacterales,Rhodobacteraceae,ASV1964,ASV1964
ASV1965,Proteobacteria,Alphaproteobacteria,Rhodobacterales,Rhodobacteraceae,Loktanella,ASV1965
ASV1966,Proteobacteria,Alphaproteobacteria,Rhodobacterales,Rhodobacteraceae,Silicimonas,ASV1966
ASV1967,Proteobacteria,Alphaproteobacteria,Caulobacterales,Hyphomonadaceae,ASV1967,ASV1967
ASV1968,Proteobacteria,Alphaproteobacteria,Rhizobiales,Rhizobiaceae,ASV1968,ASV1968
ASV1969,Proteobacteria,Alphaproteobacteria,Micavibrionales,ASV1969,ASV1969,ASV1969
ASV1970,Proteobacteria,Deltaproteobacteria,Desulfobacterales,Desulfobacteraceae,Sva0081_sediment_group,ASV1970
ASV1972,Proteobacteria,Gammaproteobacteria,Gammaproteobacteria_Incertae_Sedis,Unknown_Family,ASV1972,ASV1972
ASV1973,Proteobacteria,Gammaproteobacteria,Betaproteobacteriales,Burkholderiaceae,Pelomonas,ASV1973
ASV1974,Proteobacteria,Gammaproteobacteria,Betaproteobacteriales,Burkholderiaceae,Rugamonas,ASV1974
ASV1975,Proteobacteria,Alphaproteobacteria,Rhizobiales,Beijerinckiaceae,Microvirga,ASV1975
ASV1976,Proteobacteria,Alphaproteobacteria,Rhodobacterales,Rhodobacteraceae,ASV1976,ASV1976
ASV1977,Proteobacteria,Alphaproteobacteria,Rhodobacterales,Rhodobacteraceae,ASV1977,ASV1977
ASV1978,Proteobacteria,Alphaproteobacteria,Parvibaculales,Parvibaculaceae,Pyruvatibacter,ASV1978
ASV1979,Proteobacteria,Alphaproteobacteria,Sphingomonadales,Sphingomonadaceae,Novosphingobium,ASV1979
ASV1980,Proteobacteria,Alphaproteobacteria,Rhizobiales,Stappiaceae,Breoghania,ASV1980
ASV1981,Proteobacteria,Alphaproteobacteria,Rhizobiales,Rhizobiaceae,Roseitalea,ASV1981
ASV1982,Proteobacteria,Gammaproteobacteria,Vibrionales,Vibrionaceae,Vibrio,ASV1982
ASV1983,Proteobacteria,Gammaproteobacteria,Vibrionales,Vibrionaceae,ASV1983,ASV1983
ASV1984,Proteobacteria,Alphaproteobacteria,Thalassobaculales,ASV1984,ASV1984,ASV1984
ASV1985,Proteobacteria,Alphaproteobacteria,Rickettsiales,SM2D12,ASV1985,ASV1985
ASV1986,ASV1986,ASV1986,ASV1986,ASV1986,ASV1986,ASV1986
ASV1987,Firmicutes,Bacilli,Lactobacillales,Carnobacteriaceae,Desemzia,ASV1987
ASV1988,Actinobacteria,Actinobacteria,Corynebacteriales,Corynebacteriaceae,Corynebacterium_1,ASV1988
ASV1989,Actinobacteria,Actinobacteria,Micrococcales,Micrococcaceae,Kocuria,ASV1989
ASV1990,Actinobacteria,Actinobacteria,Micrococcales,Micrococcaceae,Kocuria,ASV1990
ASV1991,Planctomycetes,OM190,ASV1991,ASV1991,ASV1991,ASV1991
ASV1992,Proteobacteria,Alphaproteobacteria,Rhodobacterales,Rhodobacteraceae,ASV1992,ASV1992
ASV1993,Proteobacteria,Alphaproteobacteria,Rhodobacterales,Rhodobacteraceae,ASV1993,ASV1993
ASV1994,Proteobacteria,Alphaproteobacteria,Rhodobacterales,Rhodobacteraceae,Pseudodonghicola,ASV1994
ASV1995,Proteobacteria,Alphaproteobacteria,Rhodobacterales,Rhodobacteraceae,Pseudodonghicola,ASV1995
ASV1996,Proteobacteria,Gammaproteobacteria,Alteromonadales,Alteromonadaceae,ASV1996,ASV1996
ASV1997,Proteobacteria,Gammaproteobacteria,Alteromonadales,Alteromonadaceae,ASV1997,ASV1997
ASV1998,Acidobacteria,Acidobacteriia,Solibacterales,Solibacteraceae_(Subgroup_3),Bryobacter,ASV1998
ASV1999,Proteobacteria,Gammaproteobacteria,Betaproteobacteriales,Burkholderiaceae,Delftia,ASV1999
ASV2000,Proteobacteria,Gammaproteobacteria,Betaproteobacteriales,Burkholderiaceae,Pelomonas,ASV2000
ASV2001,Proteobacteria,Gammaproteobacteria,Betaproteobacteriales,Burkholderiaceae,Variovorax,ASV2001
ASV2002,Proteobacteria,Gammaproteobacteria,Betaproteobacteriales,Burkholderiaceae,Duganella,ASV2002
ASV2003,Chloroflexi,Dehalococcoidia,SAR202_clade,ASV2003,ASV2003,ASV2003
ASV2004,Dependentiae,Babeliae,Babeliales,Vermiphilaceae,ASV2004,ASV2004
ASV2005,Proteobacteria,Alphaproteobacteria,Caulobacterales,Hyphomonadaceae,Hyphobacterium,ASV2005
ASV2006,Proteobacteria,Alphaproteobacteria,Dongiales,Dongiaceae,Dongia,ASV2006
ASV2007,Proteobacteria,Deltaproteobacteria,Myxococcales,Blfdi19,ASV2007,ASV2007
ASV2008,Proteobacteria,Alphaproteobacteria,Rhodospirillales,Thalassospiraceae,Thalassospira,ASV2008
ASV2009,Proteobacteria,Alphaproteobacteria,Rhizobiales,Hyphomicrobiaceae,Filomicrobium,ASV2009
ASV2010,Bacteroidetes,Bacteroidia,Flavobacteriales,Flavobacteriaceae,Flavicella,ASV2010
ASV2011,Proteobacteria,Gammaproteobacteria,Oceanospirillales,Halomonadaceae,Halomonas,ASV2011
ASV2012,Proteobacteria,Gammaproteobacteria,Enterobacteriales,Enterobacteriaceae,ASV2012,ASV2012
ASV2013,Proteobacteria,Gammaproteobacteria,Alteromonadales,Pseudoalteromonadaceae,Pseudoalteromonas,ASV2013
ASV2014,Proteobacteria,Gammaproteobacteria,Vibrionales,Vibrionaceae,Vibrio,ASV2014
ASV2015,Proteobacteria,Gammaproteobacteria,Vibrionales,Vibrionaceae,Catenococcus,ASV2015
ASV2016,Proteobacteria,Alphaproteobacteria,ASV2016,ASV2016,ASV2016,ASV2016
ASV2017,Proteobacteria,ASV2017,ASV2017,ASV2017,ASV2017,ASV2017
ASV2018,Proteobacteria,Gammaproteobacteria,Betaproteobacteriales,Nitrosomonadaceae,Nitrosomonas,ASV2018
ASV2019,Verrucomicrobia,Verrucomicrobiae,Pedosphaerales,Pedosphaeraceae,Pedosphaera,ASV2019
ASV2020,Planctomycetes,Planctomycetacia,Pirellulales,Pirellulaceae,ASV2020,ASV2020
ASV2021,Proteobacteria,Deltaproteobacteria,Bradymonadales,ASV2021,ASV2021,ASV2021
ASV2022,Proteobacteria,Alphaproteobacteria,Caulobacterales,Hyphomonadaceae,Henriciella,ASV2022
ASV2023,Proteobacteria,Alphaproteobacteria,ASV2023,ASV2023,ASV2023,ASV2023
ASV2024,Proteobacteria,Alphaproteobacteria,Rhizobiales,Rhizobiaceae,Pseudahrensia,ASV2024
ASV2025,Actinobacteria,Actinobacteria,Propionibacteriales,Nocardioidaceae,Nocardioides,ASV2025
ASV2026,Actinobacteria,Actinobacteria,Micrococcales,Microbacteriaceae,Microbacterium,ASV2026
ASV2027,Proteobacteria,Gammaproteobacteria,ASV2027,ASV2027,ASV2027,ASV2027
ASV2028,Bacteroidetes,Ignavibacteria,OPB56,ASV2028,ASV2028,ASV2028
ASV2029,Proteobacteria,Gammaproteobacteria,Betaproteobacteriales,Neisseriaceae,ASV2029,ASV2029
ASV2030,Proteobacteria,Alphaproteobacteria,Tistrellales,Geminicoccaceae,Candidatus_Alysiosphaera,ASV2030
ASV2031,Proteobacteria,Alphaproteobacteria,Rhodobacterales,Rhodobacteraceae,Paracoccus,ASV2031
ASV2032,Proteobacteria,Alphaproteobacteria,Rhodobacterales,Rhodobacteraceae,ASV2032,ASV2032
ASV2033,Proteobacteria,Alphaproteobacteria,Parvibaculales,PS1_clade,ASV2033,ASV2033
ASV2034,Proteobacteria,Gammaproteobacteria,AT-s2-59,ASV2034,ASV2034,ASV2034
ASV2035,Proteobacteria,Gammaproteobacteria,Methylococcales,Methylococcaceae,ASV2035,ASV2035
ASV2036,Proteobacteria,Alphaproteobacteria,Caulobacterales,Parvularculaceae,Parvularcula,ASV2036
ASV2037,Proteobacteria,Deltaproteobacteria,Myxococcales,Sandaracinaceae,Sandaracinus,ASV2037
ASV2038,Proteobacteria,Deltaproteobacteria,Myxococcales,Haliangiaceae,Haliangium,ASV2038
ASV2039,Firmicutes,Clostridia,Clostridiales,Clostridiaceae_4,Paramaledivibacter,ASV2039
ASV2040,Proteobacteria,Alphaproteobacteria,Rhodospirillales,Magnetospiraceae,ASV2040,ASV2040
ASV2041,Proteobacteria,Alphaproteobacteria,Sphingomonadales,Sphingomonadaceae,Erythrobacter,ASV2041
ASV2042,Proteobacteria,Alphaproteobacteria,Sphingomonadales,Sphingomonadaceae,Polymorphobacter,ASV2042
ASV2043,Proteobacteria,Alphaproteobacteria,Rhizobiales,Stappiaceae,Roseibium,ASV2043
ASV2044,Bacteroidetes,Bacteroidia,Flavobacteriales,Flavobacteriaceae,Tenacibaculum,ASV2044
ASV2045,Proteobacteria,Gammaproteobacteria,Alteromonadales,Colwelliaceae,Thalassotalea,ASV2045
ASV2046,Proteobacteria,Gammaproteobacteria,Vibrionales,Vibrionaceae,Catenococcus,ASV2046
ASV2047,Proteobacteria,Gammaproteobacteria,ASV2047,ASV2047,ASV2047,ASV2047
ASV2048,Bacteroidetes,Bacteroidia,Cytophagales,Flammeovirgaceae,Flammeovirga,ASV2048
ASV2049,Bacteroidetes,Bacteroidia,Cytophagales,ASV2049,ASV2049,ASV2049
ASV2050,Proteobacteria,Deltaproteobacteria,Bdellovibrionales,Bacteriovoracaceae,Halobacteriovorax,ASV2050
ASV2051,Proteobacteria,Deltaproteobacteria,Bradymonadales,ASV2051,ASV2051,ASV2051
ASV2052,Actinobacteria,Actinobacteria,Bifidobacteriales,Bifidobacteriaceae,Gardnerella,ASV2052
ASV2054,Actinobacteria,Actinobacteria,Corynebacteriales,Mycobacteriaceae,Mycobacterium,ASV2054
ASV2055,Proteobacteria,Gammaproteobacteria,Coxiellales,Coxiellaceae,Coxiella,ASV2055
ASV2056,Proteobacteria,Gammaproteobacteria,Legionellales,Legionellaceae,Legionella,ASV2056
ASV2057,Proteobacteria,Alphaproteobacteria,SAR11_clade,Clade_II,ASV2057,ASV2057
ASV2058,Planctomycetes,Planctomycetacia,Pirellulales,Pirellulaceae,Pir4_lineage,ASV2058
ASV2059,Cyanobacteria,Oxyphotobacteria,Chloroplast,ASV2059,ASV2059,ASV2059
ASV2060,Chlamydiae,Chlamydiae,Chlamydiales,Parachlamydiaceae,ASV2060,ASV2060
ASV2061,ASV2061,ASV2061,ASV2061,ASV2061,ASV2061,ASV2061
ASV2062,Patescibacteria,Gracilibacteria,Absconditabacteriales_(SR1),ASV2062,ASV2062,ASV2062
ASV2063,Proteobacteria,Alphaproteobacteria,Rhodobacterales,Rhodobacteraceae,ASV2063,ASV2063
ASV2064,Proteobacteria,Alphaproteobacteria,Rhodobacterales,Rhodobacteraceae,ASV2064,ASV2064
ASV2065,Bacteroidetes,Bacteroidia,Flavobacteriales,Flavobacteriaceae,ASV2065,ASV2065
ASV2066,Proteobacteria,Alphaproteobacteria,Rhizobiales,Rhizobiaceae,ASV2066,ASV2066
ASV2067,Proteobacteria,Alphaproteobacteria,Rhizobiales,Rhizobiaceae,ASV2067,ASV2067
ASV2068,Proteobacteria,Deltaproteobacteria,Bradymonadales,ASV2068,ASV2068,ASV2068
ASV2069,Bacteroidetes,Bacteroidia,Bacteroidales,Dysgonomonadaceae,Proteiniphilum,ASV2069
ASV2070,Proteobacteria,Gammaproteobacteria,Betaproteobacteriales,Burkholderiaceae,Limnohabitans,ASV2070
ASV2071,Proteobacteria,Deltaproteobacteria,Bdellovibrionales,Bacteriovoracaceae,Peredibacter,ASV2071
ASV2072,Proteobacteria,Alphaproteobacteria,Rhodobacterales,Rhodobacteraceae,ASV2072,ASV2072
ASV2073,Proteobacteria,Alphaproteobacteria,Rhodobacterales,Rhodobacteraceae,Thioclava,ASV2073
ASV2074,Firmicutes,Clostridia,Clostridiales,Family_XII,ASV2074,ASV2074
ASV2075,Proteobacteria,Gammaproteobacteria,SAR86_clade,ASV2075,ASV2075,ASV2075
ASV2076,Proteobacteria,Gammaproteobacteria,Arenicellales,Arenicellaceae,HTCC5015,ASV2076
ASV2077,Proteobacteria,Deltaproteobacteria,Bdellovibrionales,Bacteriovoracaceae,Peredibacter,ASV2077
ASV2078,Firmicutes,Bacilli,Bacillales,Paenibacillaceae,Aneurinibacillus,ASV2078
ASV2079,Proteobacteria,Alphaproteobacteria,Kordiimonadales,Kordiimonadaceae,Kordiimonas,ASV2079
ASV2080,Proteobacteria,Alphaproteobacteria,Sphingomonadales,Sphingomonadaceae,Sphingorhabdus,ASV2080
ASV2081,Proteobacteria,Deltaproteobacteria,Oligoflexales,Oligoflexaceae,ASV2081,ASV2081
ASV2082,Bacteroidetes,Bacteroidia,Flavobacteriales,Flavobacteriaceae,ASV2082,ASV2082
ASV2083,Patescibacteria,Saccharimonadia,Saccharimonadales,Saccharimonadaceae,ASV2083,ASV2083
ASV2084,Firmicutes,Clostridia,Clostridiales,Clostridiaceae_1,Clostridium_sensu_stricto_1,ASV2084
ASV2085,Proteobacteria,Alphaproteobacteria,Rhizobiales,ASV2085,ASV2085,ASV2085
ASV2086,Proteobacteria,Alphaproteobacteria,Rhizobiales,Rhizobiaceae,ASV2086,ASV2086
ASV2087,Proteobacteria,Alphaproteobacteria,Reyranellales,Reyranellaceae,Reyranella,ASV2087
ASV2088,Bacteroidetes,Bacteroidia,Flavobacteriales,Flavobacteriaceae,ASV2088,ASV2088
ASV2089,Bacteroidetes,Bacteroidia,Flavobacteriales,Flavobacteriaceae,Nonlabens,ASV2089
ASV2090,Bacteroidetes,Bacteroidia,Flavobacteriales,Flavobacteriaceae,ASV2090,ASV2090
ASV2091,Proteobacteria,Gammaproteobacteria,Oceanospirillales,Halomonadaceae,Oceanospirillum,ASV2091
ASV2092,Proteobacteria,Gammaproteobacteria,Vibrionales,Vibrionaceae,Catenococcus,ASV2092
ASV2093,Bacteroidetes,Bacteroidia,Flavobacteriales,Flavobacteriaceae,ASV2093,ASV2093
ASV2094,Proteobacteria,Gammaproteobacteria,Vibrionales,Vibrionaceae,Catenococcus,ASV2094
ASV2095,Proteobacteria,Alphaproteobacteria,Puniceispirillales,SAR116_clade,ASV2095,ASV2095
ASV2096,Proteobacteria,Deltaproteobacteria,Bradymonadales,ASV2096,ASV2096,ASV2096
ASV2097,Actinobacteria,Actinobacteria,PeM15,ASV2097,ASV2097,ASV2097
ASV2098,Bacteroidetes,Bacteroidia,Flavobacteriales,Crocinitomicaceae,Fluviicola,ASV2098
ASV2099,Patescibacteria,Saccharimonadia,Saccharimonadales,ASV2099,ASV2099,ASV2099
ASV2100,Proteobacteria,Gammaproteobacteria,Alteromonadales,Marinobacteraceae,Marinobacter,ASV2100
ASV2101,Proteobacteria,Gammaproteobacteria,Pseudomonadales,Moraxellaceae,ASV2101,ASV2101
ASV2102,Bacteroidetes,Bacteroidia,Sphingobacteriales,env.OPS_17,ASV2102,ASV2102
ASV2103,Acidobacteria,Acidobacteriia,Subgroup_2,ASV2103,ASV2103,ASV2103
ASV2104,Planctomycetes,OM190,ASV2104,ASV2104,ASV2104,ASV2104
ASV2105,Proteobacteria,Alphaproteobacteria,Rickettsiales,Mitochondria,ASV2105,ASV2105
ASV2106,Proteobacteria,Alphaproteobacteria,Rhodobacterales,Rhodobacteraceae,Pseudodonghicola,ASV2106
ASV2107,Proteobacteria,Gammaproteobacteria,Alteromonadales,Alteromonadaceae,Alteromonas,ASV2107
ASV2108,Proteobacteria,Gammaproteobacteria,Alteromonadales,Alteromonadaceae,Aestuariibacter,ASV2108
ASV2109,Proteobacteria,Gammaproteobacteria,Alteromonadales,Alteromonadaceae,ASV2109,ASV2109
ASV2110,Bacteroidetes,Bacteroidia,Bacteroidales,Tannerellaceae,Macellibacteroides,ASV2110
ASV2111,Proteobacteria,Deltaproteobacteria,Desulfarculales,Desulfarculaceae,ASV2111,ASV2111
ASV2112,Proteobacteria,Alphaproteobacteria,Micavibrionales,Micavibrionaceae,ASV2112,ASV2112
ASV2113,Bacteroidetes,Bacteroidia,ASV2113,ASV2113,ASV2113,ASV2113
ASV2114,Proteobacteria,Deltaproteobacteria,SAR324_clade(Marine_group_B),ASV2114,ASV2114,ASV2114
ASV2115,Proteobacteria,Gammaproteobacteria,Betaproteobacteriales,Burkholderiaceae,Polynucleobacter,ASV2115
ASV2116,Proteobacteria,Gammaproteobacteria,Betaproteobacteriales,Burkholderiaceae,Ideonella,ASV2116
ASV2117,Patescibacteria,ABY1,Candidatus_Magasanikbacteria,ASV2117,ASV2117,ASV2117
ASV2118,Firmicutes,Clostridia,Clostridiales,Family_XII,Fusibacter,ASV2118
ASV2119,Proteobacteria,Alphaproteobacteria,Rhizobiales,Beijerinckiaceae,Methylobacterium,ASV2119
ASV2120,Proteobacteria,Gammaproteobacteria,ASV2120,ASV2120,ASV2120,ASV2120
ASV2121,Proteobacteria,Alphaproteobacteria,Caulobacterales,Hyphomonadaceae,Maricaulis,ASV2121
ASV2122,Proteobacteria,Deltaproteobacteria,Myxococcales,Haliangiaceae,Haliangium,ASV2122
ASV2123,Dependentiae,Babeliae,Babeliales,ASV2123,ASV2123,ASV2123
ASV2124,Proteobacteria,Alphaproteobacteria,Rhizobiales,Rhizobiaceae,ASV2124,ASV2124
ASV2125,Bacteroidetes,Bacteroidia,Flavobacteriales,Flavobacteriaceae,ASV2125,ASV2125
ASV2126,Bacteroidetes,Bacteroidia,Flavobacteriales,Flavobacteriaceae,Flavobacterium,ASV2126
ASV2127,Proteobacteria,Gammaproteobacteria,ASV2127,ASV2127,ASV2127,ASV2127
ASV2128,Proteobacteria,Gammaproteobacteria,Arenicellales,Arenicellaceae,Arenicella,ASV2128
ASV2129,ASV2129,ASV2129,ASV2129,ASV2129,ASV2129,ASV2129
ASV2130,Proteobacteria,Gammaproteobacteria,Oceanospirillales,Endozoicomonadaceae,Endozoicomonas,ASV2130
ASV2131,Proteobacteria,Gammaproteobacteria,ASV2131,ASV2131,ASV2131,ASV2131
ASV2132,Proteobacteria,Alphaproteobacteria,Thalassobaculales,ASV2132,ASV2132,ASV2132
ASV2133,Proteobacteria,Deltaproteobacteria,Myxococcales,Nannocystaceae,Nannocystis,ASV2133
ASV2134,Spirochaetes,Spirochaetia,Spirochaetales,Spirochaetaceae,Alkalispirochaeta,ASV2134
ASV2135,Chlamydiae,Chlamydiae,Chlamydiales,cvE6,ASV2135,ASV2135
ASV2136,Actinobacteria,Actinobacteria,Micrococcales,Micrococcaceae,Arthrobacter,ASV2136
ASV2137,ASV2137,ASV2137,ASV2137,ASV2137,ASV2137,ASV2137
ASV2138,Proteobacteria,Alphaproteobacteria,Rhodobacterales,Rhodobacteraceae,ASV2138,ASV2138
ASV2139,Proteobacteria,Alphaproteobacteria,Rhodobacterales,Rhodobacteraceae,Silicimonas,ASV2139
ASV2140,Proteobacteria,Alphaproteobacteria,Rhodobacterales,Rhodobacteraceae,ASV2140,ASV2140
ASV2141,Proteobacteria,Alphaproteobacteria,Caulobacterales,Hyphomonadaceae,Maricaulis,ASV2141
ASV2142,Proteobacteria,Gammaproteobacteria,Alteromonadales,Alteromonadaceae,ASV2142,ASV2142
ASV2143,Actinobacteria,Actinobacteria,Propionibacteriales,Nocardioidaceae,Nocardioides,ASV2143
ASV2144,Chloroflexi,Dehalococcoidia,SAR202_clade,ASV2144,ASV2144,ASV2144
ASV2145,Bacteroidetes,Bacteroidia,Chitinophagales,Chitinophagaceae,Sediminibacterium,ASV2145
ASV2146,Proteobacteria,Gammaproteobacteria,Betaproteobacteriales,Burkholderiaceae,Aquabacterium,ASV2146
ASV2147,Proteobacteria,Alphaproteobacteria,Rhodobacterales,Rhodobacteraceae,Paracoccus,ASV2147
ASV2148,Planctomycetes,OM190,ASV2148,ASV2148,ASV2148,ASV2148
ASV2149,Proteobacteria,Alphaproteobacteria,Caulobacterales,Parvularculaceae,ASV2149,ASV2149
ASV2150,Proteobacteria,Alphaproteobacteria,Caulobacterales,Parvularculaceae,ASV2150,ASV2150
ASV2151,Firmicutes,Bacilli,Bacillales,Bacillaceae,Sediminibacillus,ASV2151
ASV2152,Proteobacteria,Alphaproteobacteria,Sphingomonadales,Sphingomonadaceae,ASV2152,ASV2152
ASV2153,Dependentiae,Babeliae,Babeliales,ASV2153,ASV2153,ASV2153
ASV2154,Bacteroidetes,Bacteroidia,Cytophagales,Cyclobacteriaceae,ASV2154,ASV2154
ASV2155,Actinobacteria,Thermoleophilia,Gaiellales,ASV2155,ASV2155,ASV2155
ASV2156,Gemmatimonadetes,BD2-11_terrestrial_group,ASV2156,ASV2156,ASV2156,ASV2156
ASV2157,Bacteroidetes,Bacteroidia,Flavobacteriales,Flavobacteriaceae,ASV2157,ASV2157
ASV2158,Proteobacteria,Gammaproteobacteria,Cellvibrionales,Halieaceae,Pseudohaliea,ASV2158
ASV2159,Proteobacteria,Gammaproteobacteria,Alteromonadales,Pseudoalteromonadaceae,Psychrosphaera,ASV2159
ASV2160,Proteobacteria,Gammaproteobacteria,Cellvibrionales,Halieaceae,Luminiphilus,ASV2160
ASV2161,Proteobacteria,Gammaproteobacteria,Oceanospirillales,Endozoicomonadaceae,Endozoicomonas,ASV2161
ASV2162,Proteobacteria,Alphaproteobacteria,Rhodobacterales,Rhodobacteraceae,Oceanobacterium,ASV2162
ASV2163,Proteobacteria,Gammaproteobacteria,ASV2163,ASV2163,ASV2163,ASV2163
ASV2164,Bacteroidetes,Bacteroidia,Flavobacteriales,Flavobacteriaceae,ASV2164,ASV2164
ASV2165,Proteobacteria,Gammaproteobacteria,Vibrionales,Vibrionaceae,Catenococcus,ASV2165
ASV2166,Proteobacteria,Gammaproteobacteria,Vibrionales,Vibrionaceae,ASV2166,ASV2166
ASV2167,Proteobacteria,Gammaproteobacteria,Vibrionales,Vibrionaceae,ASV2167,ASV2167
ASV2168,Proteobacteria,Alphaproteobacteria,Puniceispirillales,SAR116_clade,Candidatus_Puniceispirillum,ASV2168
ASV2169,Proteobacteria,Alphaproteobacteria,Micavibrionales,Micavibrionaceae,ASV2169,ASV2169
ASV2170,Proteobacteria,Deltaproteobacteria,Desulfarculales,Desulfarculaceae,ASV2170,ASV2170
ASV2171,Actinobacteria,Actinobacteria,Propionibacteriales,Propionibacteriaceae,Cutibacterium,ASV2171
ASV2172,Proteobacteria,Deltaproteobacteria,Bdellovibrionales,Bdellovibrionaceae,Bdellovibrio,ASV2172
ASV2173,Actinobacteria,Acidimicrobiia,Microtrichales,Microtrichaceae,Sva0996_marine_group,ASV2173
ASV2174,Planctomycetes,Phycisphaerae,Phycisphaerales,AKAU3564_sediment_group,ASV2174,ASV2174
ASV2175,Proteobacteria,Alphaproteobacteria,Rhodobacterales,Rhodobacteraceae,ASV2175,ASV2175
ASV2176,Proteobacteria,Gammaproteobacteria,Alteromonadales,Alteromonadaceae,Aestuariibacter,ASV2176
ASV2177,Proteobacteria,Gammaproteobacteria,ASV2177,ASV2177,ASV2177,ASV2177
ASV2178,Bacteroidetes,Bacteroidia,Chitinophagales,Saprospiraceae,Saprospira,ASV2178
ASV2179,Proteobacteria,Gammaproteobacteria,Betaproteobacteriales,Burkholderiaceae,Massilia,ASV2179
ASV2180,Proteobacteria,ASV2180,ASV2180,ASV2180,ASV2180,ASV2180
ASV2181,Proteobacteria,Alphaproteobacteria,Rhodobacterales,Rhodobacteraceae,ASV2181,ASV2181
ASV2182,Proteobacteria,Alphaproteobacteria,Rhodobacterales,Rhodobacteraceae,ASV2182,ASV2182
ASV2183,Proteobacteria,Alphaproteobacteria,Rhodobacterales,Rhodobacteraceae,ASV2183,ASV2183
ASV2184,Proteobacteria,Gammaproteobacteria,ASV2184,ASV2184,ASV2184,ASV2184
ASV2185,Proteobacteria,Alphaproteobacteria,Caulobacterales,Hyphomonadaceae,Maricaulis,ASV2185
ASV2186,Firmicutes,Bacilli,Bacillales,Bacillaceae,ASV2186,ASV2186
ASV2187,Proteobacteria,Alphaproteobacteria,Thalassobaculales,Oceanibaculaceae,Oceanibaculum,ASV2187
ASV2188,Firmicutes,Clostridia,Clostridiales,Peptostreptococcaceae,ASV2188,ASV2188
ASV2189,Firmicutes,Bacilli,Lactobacillales,Streptococcaceae,Lactococcus,ASV2189
ASV2190,Bacteroidetes,Bacteroidia,Cytophagales,Cyclobacteriaceae,ASV2190,ASV2190
ASV2191,Proteobacteria,Alphaproteobacteria,Rhizobiales,Stappiaceae,Labrenzia,ASV2191
ASV2192,Firmicutes,Clostridia,Clostridiales,Clostridiales_vadinBB60_group,ASV2192,ASV2192
ASV2193,Proteobacteria,Alphaproteobacteria,Kordiimonadales,Temperatibacteraceae,Temperatibacter,ASV2193
ASV2194,Proteobacteria,Deltaproteobacteria,Desulfobacterales,Desulfobulbaceae,Desulforhopalus,ASV2194
ASV2195,Proteobacteria,Gammaproteobacteria,Vibrionales,Vibrionaceae,Catenococcus,ASV2195
ASV2196,Proteobacteria,Gammaproteobacteria,Vibrionales,Vibrionaceae,ASV2196,ASV2196
ASV2197,Proteobacteria,Alphaproteobacteria,ASV2197,ASV2197,ASV2197,ASV2197
ASV2198,Actinobacteria,Actinobacteria,Micrococcales,Microbacteriaceae,Rhodoluna,ASV2198
ASV2199,Actinobacteria,Acidimicrobiia,Actinomarinales,ASV2199,ASV2199,ASV2199
ASV2200,Proteobacteria,Alphaproteobacteria,Rickettsiales,SM2D12,ASV2200,ASV2200
ASV2201,Proteobacteria,Gammaproteobacteria,Legionellales,Legionellaceae,ASV2201,ASV2201
ASV2202,Actinobacteria,Actinobacteria,Micrococcales,Micrococcaceae,Rothia,ASV2202
ASV2203,Proteobacteria,Alphaproteobacteria,Rickettsiales,Mitochondria,ASV2203,ASV2203
ASV2204,Planctomycetes,Planctomycetacia,Pirellulales,Pirellulaceae,Rhodopirellula,ASV2204
ASV2205,Proteobacteria,Alphaproteobacteria,Rhodobacterales,Rhodobacteraceae,ASV2205,ASV2205
ASV2206,Proteobacteria,Alphaproteobacteria,Caulobacterales,Hyphomonadaceae,ASV2206,ASV2206
ASV2207,Actinobacteria,Acidimicrobiia,Microtrichales,Microtrichaceae,Sva0996_marine_group,ASV2207
ASV2208,Patescibacteria,Gracilibacteria,JGI_0000069-P22,ASV2208,ASV2208,ASV2208
ASV2209,Epsilonbacteraeota,Campylobacteria,Campylobacterales,Campylobacteraceae,Campylobacter,ASV2209
ASV2210,Proteobacteria,Gammaproteobacteria,Betaproteobacteriales,Burkholderiaceae,Pseudorhodoferax,ASV2210
ASV2211,Proteobacteria,Gammaproteobacteria,Betaproteobacteriales,Chitinibacteraceae,Deefgea,ASV2211
ASV2212,Proteobacteria,Deltaproteobacteria,Bdellovibrionales,Bdellovibrionaceae,Bdellovibrio,ASV2212
ASV2213,Proteobacteria,Alphaproteobacteria,Rhodobacterales,Rhodobacteraceae,ASV2213,ASV2213
ASV2214,Proteobacteria,Deltaproteobacteria,Bdellovibrionales,Bdellovibrionaceae,OM27_clade,ASV2214
ASV2215,Proteobacteria,Alphaproteobacteria,Rhizobiales,Rhizobiaceae,ASV2215,ASV2215
ASV2216,Proteobacteria,Gammaproteobacteria,Thiohalorhabdales,Thiohalorhabdaceae,ASV2216,ASV2216
ASV2217,Proteobacteria,Alphaproteobacteria,Rhodobacterales,Rhodobacteraceae,Amaricoccus,ASV2217
ASV2218,Proteobacteria,Deltaproteobacteria,Bdellovibrionales,Bacteriovoracaceae,Halobacteriovorax,ASV2218
ASV2219,Proteobacteria,Deltaproteobacteria,Bdellovibrionales,Bacteriovoracaceae,Peredibacter,ASV2219
ASV2220,Firmicutes,Bacilli,Bacillales,Paenibacillaceae,Ammoniphilus,ASV2220
ASV2221,Firmicutes,Bacilli,Bacillales,Planococcaceae,Planomicrobium,ASV2221
ASV2222,Proteobacteria,Alphaproteobacteria,Rhodobacterales,Rhodobacteraceae,ASV2222,ASV2222
ASV2223,Proteobacteria,Deltaproteobacteria,Myxococcales,P3OB-42,ASV2223,ASV2223
ASV2224,Cyanobacteria,Sericytochromatia,ASV2224,ASV2224,ASV2224,ASV2224
ASV2225,Bacteroidetes,Bacteroidia,Flavobacteriales,Flavobacteriaceae,NS5_marine_group,ASV2225
ASV2226,Proteobacteria,Gammaproteobacteria,Oceanospirillales,Nitrincolaceae,Neptuniibacter,ASV2226
ASV2227,Proteobacteria,Gammaproteobacteria,ASV2227,ASV2227,ASV2227,ASV2227
ASV2228,Proteobacteria,Alphaproteobacteria,Micavibrionales,Micavibrionaceae,ASV2228,ASV2228
ASV2229,Proteobacteria,Alphaproteobacteria,Micavibrionales,Micavibrionaceae,ASV2229,ASV2229
ASV2230,Proteobacteria,Gammaproteobacteria,Coxiellales,Coxiellaceae,Coxiella,ASV2230
ASV2231,Bacteroidetes,Bacteroidia,Flavobacteriales,Flavobacteriaceae,Aureivirga,ASV2231
ASV2232,Proteobacteria,Gammaproteobacteria,Alteromonadales,Marinobacteraceae,Marinobacter,ASV2232
ASV2233,Proteobacteria,Gammaproteobacteria,Cellvibrionales,Halieaceae,Parahaliea,ASV2233
ASV2234,Proteobacteria,Deltaproteobacteria,Bdellovibrionales,Bdellovibrionaceae,OM27_clade,ASV2234
ASV2235,Actinobacteria,Actinobacteria,Micrococcales,Micrococcaceae,Kocuria,ASV2235
ASV2236,Proteobacteria,Gammaproteobacteria,ASV2236,ASV2236,ASV2236,ASV2236
ASV2237,Planctomycetes,Planctomycetacia,ASV2237,ASV2237,ASV2237,ASV2237
ASV2238,Proteobacteria,Alphaproteobacteria,Rhodobacterales,Rhodobacteraceae,Aestuariivita,ASV2238
ASV2239,Proteobacteria,Alphaproteobacteria,Rhodobacterales,Rhodobacteraceae,ASV2239,ASV2239
ASV2240,Proteobacteria,Alphaproteobacteria,Rhodobacterales,Rhodobacteraceae,ASV2240,ASV2240
ASV2241,Proteobacteria,Gammaproteobacteria,Alteromonadales,Alteromonadaceae,ASV2241,ASV2241
ASV2242,Proteobacteria,Gammaproteobacteria,Alteromonadales,Alteromonadaceae,Aestuariibacter,ASV2242
ASV2243,Proteobacteria,Gammaproteobacteria,Alteromonadales,Alteromonadaceae,Aestuariibacter,ASV2243
ASV2244,Actinobacteria,Actinobacteria,Propionibacteriales,Nocardioidaceae,Nocardioides,ASV2244
ASV2245,Proteobacteria,Gammaproteobacteria,ASV2245,ASV2245,ASV2245,ASV2245
ASV2246,Bacteroidetes,Bacteroidia,Flavobacteriales,Flavobacteriaceae,Mesonia,ASV2246
ASV2247,Proteobacteria,Alphaproteobacteria,Rickettsiales,Rickettsiaceae,ASV2247,ASV2247
ASV2248,Acidobacteria,Acidobacteriia,Solibacterales,Solibacteraceae_(Subgroup_3),Paludibaculum,ASV2248
ASV2249,Proteobacteria,Alphaproteobacteria,Rhizobiales,Beijerinckiaceae,Methylocella,ASV2249
ASV2250,Proteobacteria,Gammaproteobacteria,Betaproteobacteriales,Rhodocyclaceae,C39,ASV2250
ASV2251,Bacteroidetes,Bacteroidia,Chitinophagales,Chitinophagaceae,Terrimonas,ASV2251
ASV2252,Bacteroidetes,Bacteroidia,Bacteroidales,ASV2252,ASV2252,ASV2252
ASV2253,Firmicutes,Clostridia,Clostridiales,Clostridiaceae_1,Clostridium_sensu_stricto_1,ASV2253
ASV2254,Proteobacteria,Alphaproteobacteria,Rhodobacterales,Rhodobacteraceae,ASV2254,ASV2254
ASV2255,Proteobacteria,Alphaproteobacteria,Rhodobacterales,Rhodobacteraceae,ASV2255,ASV2255
ASV2256,Proteobacteria,Alphaproteobacteria,Rhodobacterales,Rhodobacteraceae,Thioclava,ASV2256
ASV2257,Proteobacteria,Alphaproteobacteria,ASV2257,ASV2257,ASV2257,ASV2257
ASV2258,Proteobacteria,Alphaproteobacteria,Rhizobiales,Rhizobiaceae,Ochrobactrum,ASV2258
ASV2259,Proteobacteria,Deltaproteobacteria,Myxococcales,Sandaracinaceae,ASV2259,ASV2259
ASV2260,Proteobacteria,Alphaproteobacteria,Caulobacterales,Parvularculaceae,Parvularcula,ASV2260
ASV2261,Firmicutes,Bacilli,Bacillales,Bacillaceae,Bacillus,ASV2261
ASV2262,Firmicutes,Clostridia,Clostridiales,Clostridiaceae_4,Paramaledivibacter,ASV2262
ASV2263,Firmicutes,Bacilli,Lactobacillales,Streptococcaceae,Streptococcus,ASV2263
ASV2264,Firmicutes,Clostridia,Clostridiales,Ruminococcaceae,Ruminococcus_2,ASV2264
ASV2265,Patescibacteria,Saccharimonadia,Saccharimonadales,ASV2265,ASV2265,ASV2265
ASV2266,Bacteroidetes,Bacteroidia,Flavobacteriales,Flavobacteriaceae,ASV2266,ASV2266
ASV2267,Bacteroidetes,Bacteroidia,Flavobacteriales,Flavobacteriaceae,ASV2267,ASV2267
ASV2268,Proteobacteria,Gammaproteobacteria,Cellvibrionales,Cellvibrionaceae,Marinagarivorans,ASV2268
ASV2269,Proteobacteria,Gammaproteobacteria,Cellvibrionales,Cellvibrionaceae,Pseudomaricurvus,ASV2269
ASV2270,Proteobacteria,ASV2270,ASV2270,ASV2270,ASV2270,ASV2270
ASV2271,Proteobacteria,Gammaproteobacteria,Vibrionales,Vibrionaceae,ASV2271,ASV2271
ASV2272,Proteobacteria,Deltaproteobacteria,Bdellovibrionales,Bacteriovoracaceae,Halobacteriovorax,ASV2272
ASV2273,Proteobacteria,Deltaproteobacteria,Bradymonadales,ASV2273,ASV2273,ASV2273
ASV2274,Proteobacteria,Deltaproteobacteria,NB1-j,ASV2274,ASV2274,ASV2274
ASV2275,Actinobacteria,Actinobacteria,Micrococcales,Microbacteriaceae,Aurantimicrobium,ASV2275
ASV2276,Spirochaetes,Leptospirae,Leptospirales,Leptospiraceae,Turneriella,ASV2276
ASV2277,Proteobacteria,Alphaproteobacteria,Rhizobiales,Devosiaceae,Devosia,ASV2277
ASV2278,Patescibacteria,Saccharimonadia,Saccharimonadales,ASV2278,ASV2278,ASV2278
ASV2279,Proteobacteria,Gammaproteobacteria,Alteromonadales,Pseudoalteromonadaceae,Algicola,ASV2279
ASV2280,Proteobacteria,Alphaproteobacteria,Rhodovibrionales,Kiloniellaceae,Pelagibius,ASV2280
ASV2281,Proteobacteria,Alphaproteobacteria,Puniceispirillales,EF100-94H03,ASV2281,ASV2281
ASV2282,Proteobacteria,Alphaproteobacteria,SAR11_clade,Clade_III,ASV2282,ASV2282
ASV2283,Firmicutes,Bacilli,Lactobacillales,Lactobacillaceae,Lactobacillus,ASV2283
ASV2284,Actinobacteria,Actinobacteria,Micrococcales,Micrococcaceae,Micrococcus,ASV2284
ASV2285,Bacteroidetes,Bacteroidia,Bacteroidales,Prevotellaceae,Prevotella_9,ASV2285
ASV2286,Patescibacteria,Parcubacteria,Candidatus_Kaiserbacteria,ASV2286,ASV2286,ASV2286
ASV2287,Chlamydiae,Chlamydiae,Chlamydiales,ASV2287,ASV2287,ASV2287
ASV2288,Chlamydiae,Chlamydiae,Chlamydiales,Chlamydiaceae,ASV2288,ASV2288
ASV2289,Bacteroidetes,Bacteroidia,Flavobacteriales,Flavobacteriaceae,Gramella,ASV2289
ASV2290,Proteobacteria,Alphaproteobacteria,Rhodobacterales,Rhodobacteraceae,Cribrihabitans,ASV2290
ASV2291,Proteobacteria,Alphaproteobacteria,Rhodobacterales,Rhodobacteraceae,ASV2291,ASV2291
ASV2292,Proteobacteria,Alphaproteobacteria,Rhodobacterales,Rhodobacteraceae,Loktanella,ASV2292
ASV2293,Proteobacteria,Alphaproteobacteria,Rhodobacterales,Rhodobacteraceae,Actibacterium,ASV2293
ASV2294,Proteobacteria,Alphaproteobacteria,Rhodobacterales,Rhodobacteraceae,Ruegeria,ASV2294
ASV2295,Proteobacteria,Alphaproteobacteria,Rhizobiales,Rhizobiaceae,ASV2295,ASV2295
ASV2296,Firmicutes,Clostridia,Clostridiales,Ruminococcaceae,Ruminococcaceae_UCG-014,ASV2296
ASV2297,Patescibacteria,Parcubacteria,Candidatus_Adlerbacteria,ASV2297,ASV2297,ASV2297
ASV2298,Proteobacteria,Alphaproteobacteria,Rickettsiales,ASV2298,ASV2298,ASV2298
ASV2299,Bacteroidetes,Bacteroidia,Chitinophagales,Chitinophagaceae,ASV2299,ASV2299
ASV2300,Chloroflexi,Dehalococcoidia,SAR202_clade,ASV2300,ASV2300,ASV2300
ASV2301,Epsilonbacteraeota,Campylobacteria,Campylobacterales,Arcobacteraceae,Arcobacter,ASV2301
ASV2302,Proteobacteria,Gammaproteobacteria,Betaproteobacteriales,Burkholderiaceae,Rhizobacter,ASV2302
ASV2303,Proteobacteria,Gammaproteobacteria,Betaproteobacteriales,Burkholderiaceae,Tepidimonas,ASV2303
ASV2304,Proteobacteria,Gammaproteobacteria,Betaproteobacteriales,Methylophilaceae,Candidatus_Methylopumilus,ASV2304
ASV2305,Proteobacteria,Alphaproteobacteria,Micavibrionales,Micavibrionaceae,ASV2305,ASV2305
ASV2306,Proteobacteria,Alphaproteobacteria,Rhodobacterales,Rhodobacteraceae,Pseudooctadecabacter,ASV2306
ASV2307,Proteobacteria,Alphaproteobacteria,Rhizobiales,Xanthobacteraceae,Rhodopseudomonas,ASV2307
ASV2308,Proteobacteria,Alphaproteobacteria,Rhizobiales,Rhizobiaceae,ASV2308,ASV2308
ASV2309,Proteobacteria,Alphaproteobacteria,Sneathiellales,Sneathiellaceae,Sneathiella,ASV2309
ASV2310,Bacteroidetes,Bacteroidia,Cytophagales,Flammeovirgaceae,Flammeovirga,ASV2310
ASV2311,Proteobacteria,Alphaproteobacteria,Caulobacterales,Parvularculaceae,Parvularcula,ASV2311
ASV2312,Firmicutes,Bacilli,Bacillales,Bacillaceae,Bacillus,ASV2312
ASV2313,Firmicutes,Bacilli,Bacillales,Bacillaceae,Bacillus,ASV2313
ASV2314,Proteobacteria,Alphaproteobacteria,Sphingomonadales,Sphingomonadaceae,Sphingomonas,ASV2314
ASV2315,Bacteroidetes,Rhodothermia,Balneolales,Balneolaceae,Balneola,ASV2315
ASV2316,Proteobacteria,Alphaproteobacteria,Rhizobiales,Rhizobiaceae,ASV2316,ASV2316
ASV2317,Proteobacteria,Alphaproteobacteria,Rhizobiales,Rhizobiaceae,Mesorhizobium,ASV2317
ASV2318,Bacteroidetes,Bacteroidia,Flavobacteriales,Flavobacteriaceae,NS5_marine_group,ASV2318
ASV2319,Proteobacteria,Alphaproteobacteria,Kordiimonadales,Kordiimonadaceae,Kordiimonas,ASV2319
ASV2320,Proteobacteria,Deltaproteobacteria,Desulfovibrionales,Desulfovibrionaceae,Desulfovibrio,ASV2320
ASV2321,Proteobacteria,Deltaproteobacteria,Myxococcales,bacteriap25,ASV2321,ASV2321
ASV2322,Proteobacteria,Alphaproteobacteria,Parvibaculales,ASV2322,ASV2322,ASV2322
ASV2323,Proteobacteria,Deltaproteobacteria,Myxococcales,Polyangiaceae,Pajaroellobacter,ASV2323
ASV2324,Proteobacteria,Gammaproteobacteria,Pseudomonadales,Pseudomonadaceae,Pseudomonas,ASV2324
ASV2325,Proteobacteria,Gammaproteobacteria,Ectothiorhodospirales,Thioalkalispiraceae,Thioprofundum,ASV2325
ASV2326,Proteobacteria,Gammaproteobacteria,Cellvibrionales,Halieaceae,Halioglobus,ASV2326
ASV2327,Bacteroidetes,Bacteroidia,Flavobacteriales,Flavobacteriaceae,Planktosalinus,ASV2327
ASV2328,Proteobacteria,Alphaproteobacteria,Micavibrionales,ASV2328,ASV2328,ASV2328
ASV2329,Actinobacteria,Actinobacteria,Frankiales,Frankiaceae,Jatrophihabitans,ASV2329
ASV2330,Proteobacteria,Gammaproteobacteria,Enterobacteriales,Enterobacteriaceae,ASV2330,ASV2330
ASV2331,Actinobacteria,Actinobacteria,Streptosporangiales,Streptosporangiaceae,Nonomuraea,ASV2331
ASV2332,Bacteroidetes,Bacteroidia,Cytophagales,Cyclobacteriaceae,Roseivirga,ASV2332
ASV2333,Actinobacteria,Actinobacteria,Micrococcales,Dermabacteraceae,Brachybacterium,ASV2333
ASV2334,Actinobacteria,Actinobacteria,Micrococcales,Brevibacteriaceae,Brevibacterium,ASV2334
ASV2335,Acidobacteria,Blastocatellia_(Subgroup_4),Blastocatellales,Blastocatellaceae,Blastocatella,ASV2335
ASV2336,Proteobacteria,Deltaproteobacteria,SAR324_clade(Marine_group_B),ASV2336,ASV2336,ASV2336
ASV2337,Proteobacteria,Alphaproteobacteria,Rhodobacterales,Rhodobacteraceae,ASV2337,ASV2337
ASV2338,Proteobacteria,Alphaproteobacteria,Rhodobacterales,Rhodobacteraceae,Roseovarius,ASV2338
ASV2339,Proteobacteria,Gammaproteobacteria,Gammaproteobacteria_Incertae_Sedis,Unknown_Family,Marinicella,ASV2339
ASV2340,Bacteroidetes,Bacteroidia,Chitinophagales,Saprospiraceae,Saprospira,ASV2340
ASV2341,Epsilonbacteraeota,Campylobacteria,Campylobacterales,Arcobacteraceae,Arcobacter,ASV2341
ASV2342,Proteobacteria,Gammaproteobacteria,Betaproteobacteriales,Methylophilaceae,ASV2342,ASV2342
ASV2343,Planctomycetes,Phycisphaerae,Phycisphaerales,Phycisphaeraceae,SM1A02,ASV2343
ASV2344,Proteobacteria,Alphaproteobacteria,Rhodobacterales,Rhodobacteraceae,Actibacterium,ASV2344
ASV2345,Proteobacteria,Alphaproteobacteria,Rhodobacterales,Rhodobacteraceae,ASV2345,ASV2345
ASV2346,Proteobacteria,Alphaproteobacteria,Rhizobiales,Rhizobiaceae,ASV2346,ASV2346
ASV2347,Proteobacteria,Deltaproteobacteria,Bdellovibrionales,Bdellovibrionaceae,OM27_clade,ASV2347
ASV2348,Firmicutes,Clostridia,Clostridiales,Lachnospiraceae,ASV2348,ASV2348
ASV2349,Proteobacteria,Alphaproteobacteria,Rhodobacterales,Rhodobacteraceae,ASV2349,ASV2349
ASV2350,Proteobacteria,Alphaproteobacteria,Rhodobacterales,Rhodobacteraceae,ASV2350,ASV2350
ASV2351,Proteobacteria,Alphaproteobacteria,Caulobacterales,Hyphomonadaceae,Maricaulis,ASV2351
ASV2352,Proteobacteria,Alphaproteobacteria,Caulobacterales,Parvularculaceae,ASV2352,ASV2352
ASV2353,Proteobacteria,Alphaproteobacteria,Rhodobacterales,Rhodobacteraceae,Amaricoccus,ASV2353
ASV2354,Proteobacteria,Deltaproteobacteria,Myxococcales,Haliangiaceae,Haliangium,ASV2354
ASV2355,Proteobacteria,Alphaproteobacteria,ASV2355,ASV2355,ASV2355,ASV2355
ASV2356,Bacteroidetes,Bacteroidia,Flavobacteriales,Flavobacteriaceae,Aureivirga,ASV2356
ASV2357,Proteobacteria,Alphaproteobacteria,Sphingomonadales,Sphingomonadaceae,Sphingomonas,ASV2357
ASV2359,Proteobacteria,Alphaproteobacteria,Rhizobiales,Rhizobiaceae,Roseitalea,ASV2359
ASV2360,Proteobacteria,Alphaproteobacteria,Rhizobiales,Stappiaceae,Labrenzia,ASV2360
ASV2361,Proteobacteria,Alphaproteobacteria,ASV2361,ASV2361,ASV2361,ASV2361
ASV2362,Bacteroidetes,Bacteroidia,Flavobacteriales,Flavobacteriaceae,Nonlabens,ASV2362
ASV2363,Proteobacteria,Alphaproteobacteria,Rhodospirillales,ASV2363,ASV2363,ASV2363
ASV2364,Proteobacteria,Gammaproteobacteria,Pseudomonadales,Pseudomonadaceae,Thiopseudomonas,ASV2364
ASV2365,Proteobacteria,Gammaproteobacteria,Oceanospirillales,Halomonadaceae,Oceanospirillum,ASV2365
ASV2366,Proteobacteria,Gammaproteobacteria,Cellvibrionales,Halieaceae,ASV2366,ASV2366
ASV2367,Proteobacteria,Gammaproteobacteria,Oceanospirillales,Nitrincolaceae,Amphritea,ASV2367
ASV2368,Proteobacteria,Gammaproteobacteria,Cellvibrionales,Cellvibrionaceae,ASV2368,ASV2368
ASV2369,Proteobacteria,Gammaproteobacteria,Alteromonadales,ASV2369,ASV2369,ASV2369
ASV2370,Proteobacteria,Gammaproteobacteria,Alteromonadales,Alteromonadaceae,ASV2370,ASV2370
ASV2371,Proteobacteria,Gammaproteobacteria,Oceanospirillales,Endozoicomonadaceae,Endozoicomonas,ASV2371
ASV2372,Proteobacteria,Gammaproteobacteria,Cellvibrionales,ASV2372,ASV2372,ASV2372
ASV2373,Proteobacteria,Alphaproteobacteria,Rhodospirillales,Terasakiellaceae,ASV2373,ASV2373
ASV2374,Proteobacteria,Alphaproteobacteria,Puniceispirillales,SAR116_clade,ASV2374,ASV2374
ASV2375,Proteobacteria,Alphaproteobacteria,Micavibrionales,Micavibrionaceae,ASV2375,ASV2375
ASV2376,Proteobacteria,Deltaproteobacteria,Bradymonadales,ASV2376,ASV2376,ASV2376
ASV2377,Actinobacteria,Actinobacteria,Corynebacteriales,Nocardiaceae,Rhodococcus,ASV2377
ASV2378,Actinobacteria,Acidimicrobiia,Actinomarinales,ASV2378,ASV2378,ASV2378
ASV2379,Actinobacteria,Acidimicrobiia,ASV2379,ASV2379,ASV2379,ASV2379
ASV2380,Proteobacteria,Gammaproteobacteria,Coxiellales,Coxiellaceae,Coxiella,ASV2380
ASV2381,Actinobacteria,Actinobacteria,Corynebacteriales,Dietziaceae,Dietzia,ASV2381
ASV2382,Actinobacteria,Actinobacteria,Micrococcales,Micrococcaceae,Arthrobacter,ASV2382
ASV2383,Actinobacteria,Actinobacteria,Micrococcales,Micrococcaceae,Arthrobacter,ASV2383
ASV2384,Actinobacteria,Actinobacteria,Micrococcales,Micrococcaceae,Glutamicibacter,ASV2384
ASV2385,Planctomycetes,Planctomycetacia,Pirellulales,Pirellulaceae,ASV2385,ASV2385
ASV2386,Planctomycetes,Planctomycetacia,Pirellulales,Pirellulaceae,Rhodopirellula,ASV2386
ASV2387,Planctomycetes,Planctomycetacia,Pirellulales,Pirellulaceae,Rhodopirellula,ASV2387
ASV2388,Chlamydiae,Chlamydiae,Chlamydiales,Simkaniaceae,Candidatus_Rhabdochlamydia,ASV2388
ASV2389,Proteobacteria,Alphaproteobacteria,Rhodobacterales,Rhodobacteraceae,Silicimonas,ASV2389
ASV2390,Proteobacteria,Alphaproteobacteria,Rhodobacterales,Rhodobacteraceae,Dinoroseobacter,ASV2390
ASV2391,Proteobacteria,Alphaproteobacteria,Rhodobacterales,Rhodobacteraceae,Celeribacter,ASV2391
ASV2392,Proteobacteria,Alphaproteobacteria,Rhodobacterales,Rhodobacteraceae,Ruegeria,ASV2392
ASV2393,Proteobacteria,Alphaproteobacteria,Rhodobacterales,Rhodobacteraceae,Pseudooceanicola,ASV2393
ASV2394,Proteobacteria,Deltaproteobacteria,Myxococcales,Eel-36e1D6,ASV2394,ASV2394
ASV2395,Proteobacteria,Gammaproteobacteria,Alteromonadales,Alteromonadaceae,Aestuariibacter,ASV2395
ASV2396,Proteobacteria,Gammaproteobacteria,Alteromonadales,Alteromonadaceae,ASV2396,ASV2396
ASV2397,Proteobacteria,Gammaproteobacteria,Alteromonadales,Alteromonadaceae,ASV2397,ASV2397
ASV2398,Actinobacteria,Acidimicrobiia,Microtrichales,Microtrichaceae,IMCC26207,ASV2398
ASV2399,Actinobacteria,Actinobacteria,Propionibacteriales,Nocardioidaceae,Nocardioides,ASV2399
ASV2400,Proteobacteria,Gammaproteobacteria,Betaproteobacteriales,Burkholderiaceae,Pusillimonas,ASV2400
ASV2401,Proteobacteria,Gammaproteobacteria,Nitrosococcales,Methylophagaceae,Methylophaga,ASV2401
ASV2402,Proteobacteria,Gammaproteobacteria,Betaproteobacteriales,Rhodocyclaceae,Zoogloea,ASV2402
ASV2403,Proteobacteria,Gammaproteobacteria,Betaproteobacteriales,Burkholderiaceae,Hydrogenophaga,ASV2403
ASV2404,Proteobacteria,Alphaproteobacteria,ASV2404,ASV2404,ASV2404,ASV2404
ASV2405,Firmicutes,Clostridia,Clostridiales,Family_XII,Fusibacter,ASV2405
ASV2406,Proteobacteria,Gammaproteobacteria,KI89A_clade,ASV2406,ASV2406,ASV2406
ASV2407,Armatimonadetes,Armatimonadia,Armatimonadales,ASV2407,ASV2407,ASV2407
ASV2408,ASV2408,ASV2408,ASV2408,ASV2408,ASV2408,ASV2408
ASV2409,Proteobacteria,Alphaproteobacteria,Sphingomonadales,Sphingomonadaceae,Novosphingobium,ASV2409
ASV2410,ASV2410,ASV2410,ASV2410,ASV2410,ASV2410,ASV2410
ASV2411,Proteobacteria,Alphaproteobacteria,Rhizobiales,Stappiaceae,Labrenzia,ASV2411
ASV2412,Proteobacteria,Alphaproteobacteria,Rhizobiales,Rhizobiaceae,Roseitalea,ASV2412
ASV2413,Bacteroidetes,Bacteroidia,Flavobacteriales,Flavobacteriaceae,NS5_marine_group,ASV2413
ASV2414,Proteobacteria,Deltaproteobacteria,Oligoflexales,0319-6G20,ASV2414,ASV2414
ASV2415,Proteobacteria,Deltaproteobacteria,Desulfuromonadales,Desulfuromonadaceae,Desulfuromusa,ASV2415
ASV2416,Proteobacteria,Alphaproteobacteria,Dstr-E11,ASV2416,ASV2416,ASV2416
ASV2417,Proteobacteria,Gammaproteobacteria,Alteromonadales,Colwelliaceae,ASV2417,ASV2417
ASV2418,Proteobacteria,Gammaproteobacteria,Alteromonadales,Colwelliaceae,Thalassotalea,ASV2418
ASV2419,Proteobacteria,Gammaproteobacteria,Chromatiales,Chromatiaceae,ASV2419,ASV2419
ASV2420,Proteobacteria,Gammaproteobacteria,Chromatiales,Chromatiaceae,Thiohalocapsa,ASV2420
ASV2421,Proteobacteria,Gammaproteobacteria,Vibrionales,Vibrionaceae,ASV2421,ASV2421
ASV2422,Proteobacteria,Gammaproteobacteria,ASV2422,ASV2422,ASV2422,ASV2422
ASV2423,Bacteroidetes,Bacteroidia,Flavobacteriales,Flavobacteriaceae,ASV2423,ASV2423
ASV2424,Proteobacteria,Alphaproteobacteria,ASV2424,ASV2424,ASV2424,ASV2424
ASV2425,Proteobacteria,Deltaproteobacteria,Bdellovibrionales,Bacteriovoracaceae,ASV2425,ASV2425
ASV2426,Proteobacteria,ASV2426,ASV2426,ASV2426,ASV2426,ASV2426
ASV2427,Bacteroidetes,Bacteroidia,Flavobacteriales,Cryomorphaceae,ASV2427,ASV2427
ASV2429,Bacteroidetes,Bacteroidia,Cytophagales,Cyclobacteriaceae,Fabibacter,ASV2429
ASV2430,Actinobacteria,Actinobacteria,Micrococcales,Bogoriellaceae,Georgenia,ASV2430
ASV2431,Bacteroidetes,Bacteroidia,Flavobacteriales,Flavobacteriaceae,Maritimimonas,ASV2431
ASV2432,Planctomycetes,Planctomycetacia,Pirellulales,Pirellulaceae,Blastopirellula,ASV2432
ASV2433,Planctomycetes,Planctomycetacia,Pirellulales,Pirellulaceae,Pir4_lineage,ASV2433
ASV2434,Planctomycetes,Planctomycetacia,Pirellulales,Pirellulaceae,Pir4_lineage,ASV2434
ASV2435,Proteobacteria,Alphaproteobacteria,Rhodobacterales,Rhodobacteraceae,ASV2435,ASV2435
ASV2436,Proteobacteria,Alphaproteobacteria,Rhodobacterales,Rhodobacteraceae,ASV2436,ASV2436
ASV2437,Proteobacteria,Alphaproteobacteria,Rhodobacterales,Rhodobacteraceae,Roseobacter_clade_NAC11-7_lineage,ASV2437
ASV2438,Proteobacteria,Alphaproteobacteria,Rhodobacterales,Rhodobacteraceae,Aliiroseovarius,ASV2438
ASV2439,Proteobacteria,Alphaproteobacteria,Rhizobiales,Stappiaceae,ASV2439,ASV2439
ASV2440,Proteobacteria,Gammaproteobacteria,Alteromonadales,Alteromonadaceae,XY-R5,ASV2440
ASV2441,Proteobacteria,Gammaproteobacteria,Alteromonadales,Alteromonadaceae,Aestuariibacter,ASV2441
ASV2442,Proteobacteria,Gammaproteobacteria,Alteromonadales,Alteromonadaceae,Aestuariibacter,ASV2442
ASV2443,Dependentiae,Babeliae,Babeliales,Vermiphilaceae,ASV2443,ASV2443
ASV2444,Proteobacteria,Deltaproteobacteria,Bdellovibrionales,Bdellovibrionaceae,Bdellovibrio,ASV2444
ASV2445,Actinobacteria,Actinobacteria,Micrococcales,Microbacteriaceae,Mycetocola,ASV2445
ASV2446,Proteobacteria,Gammaproteobacteria,Nitrosococcales,Nitrosococcaceae,AqS1,ASV2446
ASV2447,Bacteroidetes,Bacteroidia,Chitinophagales,ASV2447,ASV2447,ASV2447
ASV2448,Dadabacteria,Dadabacteriia,Dadabacteriales,ASV2448,ASV2448,ASV2448
ASV2449,Proteobacteria,Gammaproteobacteria,Betaproteobacteriales,Burkholderiaceae,AAP99,ASV2449
ASV2450,Proteobacteria,Gammaproteobacteria,Betaproteobacteriales,Burkholderiaceae,Massilia,ASV2450
ASV2451,Proteobacteria,Alphaproteobacteria,Rhodobacterales,Rhodobacteraceae,Rubellimicrobium,ASV2451
ASV2452,Proteobacteria,Alphaproteobacteria,Rhizobiales,Xanthobacteraceae,Afipia,ASV2452
ASV2453,Proteobacteria,Alphaproteobacteria,ASV2453,ASV2453,ASV2453,ASV2453
ASV2454,Proteobacteria,Alphaproteobacteria,Rhizobiales,Stappiaceae,Pseudovibrio,ASV2454
ASV2455,Proteobacteria,Gammaproteobacteria,AT-s2-59,ASV2455,ASV2455,ASV2455
ASV2456,Proteobacteria,Gammaproteobacteria,Coxiellales,Coxiellaceae,Coxiella,ASV2456
ASV2457,Proteobacteria,Alphaproteobacteria,Caulobacterales,Parvularculaceae,ASV2457,ASV2457
ASV2458,ASV2458,ASV2458,ASV2458,ASV2458,ASV2458,ASV2458
ASV2459,Proteobacteria,Alphaproteobacteria,ASV2459,ASV2459,ASV2459,ASV2459
ASV2460,Proteobacteria,Alphaproteobacteria,Rhodobacterales,Rhodobacteraceae,ASV2460,ASV2460
ASV2461,Proteobacteria,Alphaproteobacteria,Sphingomonadales,Sphingomonadaceae,Sphingorhabdus,ASV2461
ASV2462,Proteobacteria,Alphaproteobacteria,Rhizobiales,Rhizobiaceae,ASV2462,ASV2462
ASV2463,Gemmatimonadetes,Gemmatimonadetes,Gemmatimonadales,Gemmatimonadaceae,ASV2463,ASV2463
ASV2464,Proteobacteria,Gammaproteobacteria,Alteromonadales,Pseudoalteromonadaceae,Algicola,ASV2464
ASV2465,Proteobacteria,Gammaproteobacteria,Cellvibrionales,Halieaceae,ASV2465,ASV2465
ASV2466,Proteobacteria,Gammaproteobacteria,Cellvibrionales,Cellvibrionaceae,Aestuariicella,ASV2466
ASV2467,Proteobacteria,Gammaproteobacteria,Vibrionales,Vibrionaceae,Photobacterium,ASV2467
ASV2468,Proteobacteria,ASV2468,ASV2468,ASV2468,ASV2468,ASV2468
ASV2469,Proteobacteria,Gammaproteobacteria,ASV2469,ASV2469,ASV2469,ASV2469
ASV2470,Proteobacteria,Gammaproteobacteria,Vibrionales,Vibrionaceae,Catenococcus,ASV2470
ASV2471,Spirochaetes,Spirochaetia,Spirochaetales,Spirochaetaceae,Spirochaeta_2,ASV2471
ASV2472,Spirochaetes,Spirochaetia,Spirochaetales,Spirochaetaceae,Alkalispirochaeta,ASV2472
ASV2473,Proteobacteria,Alphaproteobacteria,Micavibrionales,Micavibrionaceae,ASV2473,ASV2473
ASV2474,Actinobacteria,Acidimicrobiia,Microtrichales,Microtrichaceae,Sva0996_marine_group,ASV2474
ASV2475,Actinobacteria,Actinobacteria,Frankiales,Geodermatophilaceae,Blastococcus,ASV2475
ASV2476,Proteobacteria,Alphaproteobacteria,Rhizobiales,Methyloligellaceae,Methyloceanibacter,ASV2476
ASV2477,Proteobacteria,Gammaproteobacteria,I3A,ASV2477,ASV2477,ASV2477
ASV2478,ASV2478,ASV2478,ASV2478,ASV2478,ASV2478,ASV2478
ASV2479,Proteobacteria,Alphaproteobacteria,Rickettsiales,Mitochondria,ASV2479,ASV2479
ASV2480,Proteobacteria,Deltaproteobacteria,Myxococcales,Nannocystaceae,ASV2480,ASV2480
ASV2481,Proteobacteria,Gammaproteobacteria,Pseudomonadales,Moraxellaceae,Acinetobacter,ASV2481
ASV2482,Actinobacteria,Actinobacteria,Corynebacteriales,Corynebacteriaceae,Corynebacterium_1,ASV2482
ASV2483,Actinobacteria,Actinobacteria,Corynebacteriales,Dietziaceae,Dietzia,ASV2483
ASV2484,Actinobacteria,Actinobacteria,Micrococcales,Micrococcaceae,Micrococcus,ASV2484
ASV2485,Proteobacteria,Deltaproteobacteria,Oligoflexales,0319-6G20,ASV2485,ASV2485
ASV2486,Planctomycetes,Planctomycetacia,Pirellulales,Pirellulaceae,Pir4_lineage,ASV2486
ASV2487,Planctomycetes,Planctomycetacia,Pirellulales,Pirellulaceae,Pir4_lineage,ASV2487
ASV2488,Planctomycetes,Planctomycetacia,Pirellulales,Pirellulaceae,Pir4_lineage,ASV2488
ASV2489,Planctomycetes,Planctomycetacia,Isosphaerales,Isosphaeraceae,ASV2489,ASV2489
ASV2490,Chlamydiae,Chlamydiae,Chlamydiales,Simkaniaceae,Ga0074140,ASV2490
ASV2491,Spirochaetes,Spirochaetia,Spirochaetales,Spirochaetaceae,Spirochaeta_2,ASV2491
ASV2492,Proteobacteria,Gammaproteobacteria,Oceanospirillales,Endozoicomonadaceae,Endozoicomonas,ASV2492
ASV2493,Proteobacteria,Gammaproteobacteria,ASV2493,ASV2493,ASV2493,ASV2493
ASV2494,Proteobacteria,Alphaproteobacteria,Rhodobacterales,Rhodobacteraceae,Cribrihabitans,ASV2494
ASV2495,Bacteroidetes,Bacteroidia,Flavobacteriales,Flavobacteriaceae,ASV2495,ASV2495
ASV2496,Proteobacteria,Alphaproteobacteria,Rhodobacterales,Rhodobacteraceae,ASV2496,ASV2496
ASV2497,Proteobacteria,Alphaproteobacteria,Rhodobacterales,Rhodobacteraceae,ASV2497,ASV2497
ASV2498,Proteobacteria,Alphaproteobacteria,Rhodobacterales,Rhodobacteraceae,Aliiroseovarius,ASV2498
ASV2499,Proteobacteria,Alphaproteobacteria,Rhodobacterales,Rhodobacteraceae,ASV2499,ASV2499
ASV2500,Proteobacteria,Alphaproteobacteria,Caulobacterales,Hyphomonadaceae,ASV2500,ASV2500
ASV2501,Bacteroidetes,Bacteroidia,Cytophagales,Flammeovirgaceae,Sediminitomix,ASV2501
ASV2502,Proteobacteria,Deltaproteobacteria,Bdellovibrionales,Bdellovibrionaceae,Bdellovibrio,ASV2502
ASV2503,Proteobacteria,ASV2503,ASV2503,ASV2503,ASV2503,ASV2503
ASV2504,Proteobacteria,Gammaproteobacteria,Alteromonadales,Alteromonadaceae,ASV2504,ASV2504
ASV2505,Proteobacteria,Deltaproteobacteria,Desulfarculales,Desulfarculaceae,ASV2505,ASV2505
ASV2506,Proteobacteria,Gammaproteobacteria,Betaproteobacteriales,Neisseriaceae,ASV2506,ASV2506
ASV2507,Proteobacteria,Gammaproteobacteria,Gammaproteobacteria_Incertae_Sedis,Unknown_Family,ASV2507,ASV2507
ASV2508,Proteobacteria,Gammaproteobacteria,Gammaproteobacteria_Incertae_Sedis,Unknown_Family,Marinicella,ASV2508
ASV2509,Bacteroidetes,Bacteroidia,Chitinophagales,Saprospiraceae,Saprospira,ASV2509
ASV2510,Bacteroidetes,Bacteroidia,Chitinophagales,Saprospiraceae,Saprospira,ASV2510
ASV2511,Bacteroidetes,Bacteroidia,Chitinophagales,Saprospiraceae,ASV2511,ASV2511
ASV2512,Bacteroidetes,Bacteroidia,Chitinophagales,Saprospiraceae,ASV2512,ASV2512
ASV2513,Proteobacteria,Deltaproteobacteria,SAR324_clade(Marine_group_B),ASV2513,ASV2513,ASV2513
ASV2514,Bacteroidetes,Bacteroidia,Chitinophagales,Chitinophagaceae,Sediminibacterium,ASV2514
ASV2515,Proteobacteria,Gammaproteobacteria,Gammaproteobacteria_Incertae_Sedis,Unknown_Family,ASV2515,ASV2515
ASV2516,Proteobacteria,Gammaproteobacteria,Betaproteobacteriales,Burkholderiaceae,Duganella,ASV2516
ASV2517,Patescibacteria,Parcubacteria,Candidatus_Nomurabacteria,ASV2517,ASV2517,ASV2517
ASV2518,Proteobacteria,Gammaproteobacteria,ASV2518,ASV2518,ASV2518,ASV2518
ASV2519,Firmicutes,Clostridia,Clostridiales,Family_XII,Fusibacter,ASV2519
ASV2520,Proteobacteria,Deltaproteobacteria,Bdellovibrionales,Bdellovibrionaceae,OM27_clade,ASV2520
ASV2521,Proteobacteria,Gammaproteobacteria,ASV2521,ASV2521,ASV2521,ASV2521
ASV2522,Proteobacteria,Gammaproteobacteria,Steroidobacterales,ASV2522,ASV2522,ASV2522
ASV2523,Proteobacteria,Alphaproteobacteria,Caulobacterales,Parvularculaceae,Parvularcula,ASV2523
ASV2524,Firmicutes,Clostridia,Clostridiales,Peptostreptococcaceae,Romboutsia,ASV2524
ASV2525,Proteobacteria,Deltaproteobacteria,Bdellovibrionales,Bacteriovoracaceae,Peredibacter,ASV2525
ASV2526,ASV2526,ASV2526,ASV2526,ASV2526,ASV2526,ASV2526
ASV2527,Firmicutes,Bacilli,Bacillales,Bacillaceae,Bacillus,ASV2527
ASV2528,Proteobacteria,Alphaproteobacteria,Rickettsiales,AB1,ASV2528,ASV2528
ASV2529,Proteobacteria,Alphaproteobacteria,ASV2529,ASV2529,ASV2529,ASV2529
ASV2530,Proteobacteria,Alphaproteobacteria,Sphingomonadales,Sphingomonadaceae,Sphingorhabdus,ASV2530
ASV2531,Proteobacteria,Alphaproteobacteria,Sphingomonadales,Sphingomonadaceae,Sphingorhabdus,ASV2531
ASV2532,Proteobacteria,Alphaproteobacteria,Sphingomonadales,Sphingomonadaceae,Sphingopyxis,ASV2532
ASV2533,Dependentiae,Babeliae,Babeliales,Vermiphilaceae,ASV2533,ASV2533
ASV2534,ASV2534,ASV2534,ASV2534,ASV2534,ASV2534,ASV2534
ASV2535,Planctomycetes,Phycisphaerae,Phycisphaerales,Phycisphaeraceae,SM1A02,ASV2535
ASV2536,Proteobacteria,Alphaproteobacteria,Rhizobiales,Rhizobiaceae,Roseitalea,ASV2536
ASV2537,Firmicutes,Clostridia,Clostridiales,Family_XII,ASV2537,ASV2537
ASV2538,Proteobacteria,Alphaproteobacteria,ASV2538,ASV2538,ASV2538,ASV2538
ASV2539,Proteobacteria,Alphaproteobacteria,ASV2539,ASV2539,ASV2539,ASV2539
ASV2540,Proteobacteria,Deltaproteobacteria,Myxococcales,bacteriap25,ASV2540,ASV2540
ASV2541,Proteobacteria,Gammaproteobacteria,Legionellales,Legionellaceae,Legionella,ASV2541
ASV2542,Proteobacteria,Gammaproteobacteria,Alteromonadales,Colwelliaceae,Thalassotalea,ASV2542
ASV2543,Proteobacteria,Gammaproteobacteria,Oceanospirillales,Halomonadaceae,Halomonas,ASV2543
ASV2544,Proteobacteria,Gammaproteobacteria,Cellvibrionales,Halieaceae,Halioglobus,ASV2544
ASV2545,Proteobacteria,Gammaproteobacteria,Cellvibrionales,Cellvibrionaceae,Pseudoteredinibacter,ASV2545
ASV2546,Proteobacteria,Gammaproteobacteria,Oceanospirillales,Nitrincolaceae,Neptuniibacter,ASV2546
ASV2547,Proteobacteria,Gammaproteobacteria,ASV2547,ASV2547,ASV2547,ASV2547
ASV2548,Bacteroidetes,Bacteroidia,Flavobacteriales,Flavobacteriaceae,ASV2548,ASV2548
ASV2549,Proteobacteria,Gammaproteobacteria,Vibrionales,Vibrionaceae,ASV2549,ASV2549
ASV2550,Proteobacteria,Gammaproteobacteria,Vibrionales,Vibrionaceae,ASV2550,ASV2550
ASV2551,Proteobacteria,Gammaproteobacteria,Vibrionales,Vibrionaceae,Catenococcus,ASV2551
ASV2552,Proteobacteria,Deltaproteobacteria,Bradymonadales,ASV2552,ASV2552,ASV2552
ASV2553,Proteobacteria,Alphaproteobacteria,ASV2553,ASV2553,ASV2553,ASV2553
ASV2554,Dependentiae,Babeliae,Babeliales,ASV2554,ASV2554,ASV2554
ASV2555,Proteobacteria,Gammaproteobacteria,Legionellales,Legionellaceae,Legionella,ASV2555
ASV2556,Proteobacteria,Gammaproteobacteria,Legionellales,Legionellaceae,Legionella,ASV2556
ASV2557,Proteobacteria,Alphaproteobacteria,SAR11_clade,Clade_II,ASV2557,ASV2557
ASV2558,Proteobacteria,Alphaproteobacteria,SAR11_clade,Clade_I,Clade_Ia,ASV2558
ASV2559,Actinobacteria,Actinobacteria,Corynebacteriales,Corynebacteriaceae,Corynebacterium_1,ASV2559
ASV2560,Bacteroidetes,Bacteroidia,Cytophagales,Amoebophilaceae,Candidatus_Amoebophilus,ASV2560
ASV2561,Planctomycetes,Planctomycetacia,Pirellulales,Pirellulaceae,ASV2561,ASV2561
ASV2562,Chlamydiae,Chlamydiae,Chlamydiales,Simkaniaceae,ASV2562,ASV2562
ASV2563,Planctomycetes,Planctomycetacia,Pirellulales,Pirellulaceae,ASV2563,ASV2563
ASV2564,ASV2564,ASV2564,ASV2564,ASV2564,ASV2564,ASV2564
ASV2565,Proteobacteria,Alphaproteobacteria,Rhodobacterales,Rhodobacteraceae,Leisingera,ASV2565
ASV2566,Proteobacteria,Alphaproteobacteria,Rhodobacterales,Rhodobacteraceae,ASV2566,ASV2566
ASV2567,Proteobacteria,Alphaproteobacteria,Rhodobacterales,Rhodobacteraceae,Tropicimonas,ASV2567
ASV2568,Proteobacteria,Alphaproteobacteria,Rhodobacterales,Rhodobacteraceae,Tropicibacter,ASV2568
ASV2569,Proteobacteria,Alphaproteobacteria,Rhodobacterales,Rhodobacteraceae,ASV2569,ASV2569
ASV2570,Proteobacteria,Alphaproteobacteria,Rhodobacterales,Rhodobacteraceae,ASV2570,ASV2570
ASV2571,Proteobacteria,Alphaproteobacteria,Rhodobacterales,Rhodobacteraceae,ASV2571,ASV2571
ASV2572,Proteobacteria,Gammaproteobacteria,Alteromonadales,Alteromonadaceae,ASV2572,ASV2572
ASV2573,Proteobacteria,Gammaproteobacteria,Alteromonadales,Alteromonadaceae,Salinimonas,ASV2573
ASV2574,Proteobacteria,Gammaproteobacteria,Alteromonadales,Alteromonadaceae,ASV2574,ASV2574
ASV2575,Proteobacteria,Gammaproteobacteria,ASV2575,ASV2575,ASV2575,ASV2575
ASV2576,Epsilonbacteraeota,Campylobacteria,Campylobacterales,Thiovulaceae,Sulfuricurvum,ASV2576
ASV2577,Proteobacteria,Alphaproteobacteria,Rickettsiales,Midichloriaceae,Candidatus_Jidaibacter,ASV2577
ASV2578,Proteobacteria,Gammaproteobacteria,Nitrosococcales,Methylophagaceae,Methylophaga,ASV2578
ASV2579,Proteobacteria,Gammaproteobacteria,Betaproteobacteriales,Burkholderiaceae,Leptothrix,ASV2579
ASV2580,Proteobacteria,Gammaproteobacteria,Betaproteobacteriales,Burkholderiaceae,Inhella,ASV2580
ASV2581,Proteobacteria,Gammaproteobacteria,Betaproteobacteriales,Burkholderiaceae,Hydrogenophaga,ASV2581
ASV2582,Proteobacteria,Gammaproteobacteria,Betaproteobacteriales,Burkholderiaceae,Collimonas,ASV2582
ASV2583,Proteobacteria,Alphaproteobacteria,Rhodobacterales,Rhodobacteraceae,ASV2583,ASV2583
ASV2584,Proteobacteria,Alphaproteobacteria,Rhodobacterales,Rhodobacteraceae,Tabrizicola,ASV2584
ASV2585,Proteobacteria,Alphaproteobacteria,Rhodobacterales,Rhodobacteraceae,Tabrizicola,ASV2585
ASV2586,Proteobacteria,Alphaproteobacteria,Caulobacterales,Parvularculaceae,ASV2586,ASV2586
ASV2587,Firmicutes,Bacilli,Bacillales,Bacillaceae,Bacillus,ASV2587
ASV2588,Firmicutes,Bacilli,Bacillales,Staphylococcaceae,Staphylococcus,ASV2588
ASV2589,Proteobacteria,Alphaproteobacteria,ASV2589,ASV2589,ASV2589,ASV2589
ASV2590,Firmicutes,Clostridia,Clostridiales,Clostridiaceae_4,Paramaledivibacter,ASV2590
ASV2591,Firmicutes,Bacilli,Lactobacillales,Streptococcaceae,Streptococcus,ASV2591
ASV2592,Proteobacteria,Alphaproteobacteria,Sphingomonadales,Sphingomonadaceae,Sphingomonas,ASV2592
ASV2593,Bacteroidetes,Bacteroidia,Flavobacteriales,Flavobacteriaceae,Tenacibaculum,ASV2593
ASV2594,Firmicutes,Clostridia,Clostridiales,Clostridiaceae_1,Clostridium_sensu_stricto_1,ASV2594
ASV2595,Proteobacteria,Deltaproteobacteria,Bdellovibrionales,Bdellovibrionaceae,Bdellovibrio,ASV2595
ASV2596,Proteobacteria,Gammaproteobacteria,Oceanospirillales,Nitrincolaceae,Marinobacterium,ASV2596
ASV2597,Proteobacteria,Gammaproteobacteria,Oceanospirillales,Oleiphilaceae,Oleiphilus,ASV2597
ASV2598,Proteobacteria,Gammaproteobacteria,Cellvibrionales,Halieaceae,Halioglobus,ASV2598
ASV2599,Proteobacteria,Gammaproteobacteria,Cellvibrionales,Halieaceae,Pseudohaliea,ASV2599
ASV2600,Actinobacteria,Actinobacteria,ASV2600,ASV2600,ASV2600,ASV2600
ASV2601,Proteobacteria,Gammaproteobacteria,Vibrionales,Vibrionaceae,Catenococcus,ASV2601
ASV2602,Proteobacteria,Gammaproteobacteria,Vibrionales,Vibrionaceae,ASV2602,ASV2602
ASV2603,Proteobacteria,Gammaproteobacteria,Vibrionales,Vibrionaceae,Catenococcus,ASV2603
ASV2604,Proteobacteria,Gammaproteobacteria,Vibrionales,Vibrionaceae,ASV2604,ASV2604
ASV2605,Bacteroidetes,Bacteroidia,Flavobacteriales,Flavobacteriaceae,ASV2605,ASV2605
ASV2606,Proteobacteria,Gammaproteobacteria,Vibrionales,Vibrionaceae,Photobacterium,ASV2606
ASV2607,Proteobacteria,Gammaproteobacteria,Vibrionales,Vibrionaceae,ASV2607,ASV2607
ASV2608,Proteobacteria,Alphaproteobacteria,Micavibrionales,Micavibrionaceae,ASV2608,ASV2608
ASV2609,Actinobacteria,Acidimicrobiia,Microtrichales,ASV2609,ASV2609,ASV2609
ASV2610,Patescibacteria,Saccharimonadia,Saccharimonadales,ASV2610,ASV2610,ASV2610
ASV2611,ASV2611,ASV2611,ASV2611,ASV2611,ASV2611,ASV2611
ASV2612,Proteobacteria,Deltaproteobacteria,Oligoflexales,0319-6G20,ASV2612,ASV2612
ASV2613,Proteobacteria,Gammaproteobacteria,ASV2613,ASV2613,ASV2613,ASV2613
ASV2614,Proteobacteria,Gammaproteobacteria,Enterobacteriales,Enterobacteriaceae,Klebsiella,ASV2614
ASV2615,Proteobacteria,Gammaproteobacteria,ASV2615,ASV2615,ASV2615,ASV2615
ASV2616,Proteobacteria,Gammaproteobacteria,ASV2616,ASV2616,ASV2616,ASV2616
ASV2617,Proteobacteria,Alphaproteobacteria,Rickettsiales,Mitochondria,ASV2617,ASV2617
ASV2618,Actinobacteria,Actinobacteria,Corynebacteriales,Corynebacteriaceae,Corynebacterium_1,ASV2618
ASV2619,Actinobacteria,Actinobacteria,Micrococcales,Dermabacteraceae,Dermabacter,ASV2619
ASV2620,Chlamydiae,Chlamydiae,Chlamydiales,cvE6,ASV2620,ASV2620
ASV2621,Planctomycetes,Planctomycetacia,Pirellulales,Pirellulaceae,Pirellula,ASV2621
ASV2622,Planctomycetes,Planctomycetacia,Pirellulales,Pirellulaceae,Pir4_lineage,ASV2622
ASV2623,Planctomycetes,Planctomycetacia,Pirellulales,Pirellulaceae,Pir4_lineage,ASV2623
ASV2624,Chlamydiae,Chlamydiae,Chlamydiales,ASV2624,ASV2624,ASV2624
ASV2625,Planctomycetes,Planctomycetacia,Pirellulales,Pirellulaceae,Pir4_lineage,ASV2625
ASV2626,Planctomycetes,Planctomycetacia,ASV2626,ASV2626,ASV2626,ASV2626
ASV2627,Proteobacteria,Alphaproteobacteria,Rickettsiales,Mitochondria,ASV2627,ASV2627
ASV2628,Bacteroidetes,Bacteroidia,Flavobacteriales,Flavobacteriaceae,Mesonia,ASV2628
ASV2629,Proteobacteria,Gammaproteobacteria,Oceanospirillales,Endozoicomonadaceae,Endozoicomonas,ASV2629
ASV2630,Proteobacteria,Gammaproteobacteria,Vibrionales,Vibrionaceae,Catenococcus,ASV2630
ASV2631,ASV2631,ASV2631,ASV2631,ASV2631,ASV2631,ASV2631
ASV2632,Proteobacteria,Alphaproteobacteria,Rhodobacterales,Rhodobacteraceae,Marinibacterium,ASV2632
ASV2633,Proteobacteria,Alphaproteobacteria,Rhodobacterales,Rhodobacteraceae,Silicimonas,ASV2633
ASV2634,Proteobacteria,Alphaproteobacteria,Rhodobacterales,Rhodobacteraceae,ASV2634,ASV2634
ASV2635,Proteobacteria,Alphaproteobacteria,Rhodobacterales,Rhodobacteraceae,ASV2635,ASV2635
ASV2636,Bacteroidetes,Bacteroidia,Flavobacteriales,Flavobacteriaceae,Aureivirga,ASV2636
ASV2637,Proteobacteria,Alphaproteobacteria,Caulobacterales,Hyphomonadaceae,ASV2637,ASV2637
ASV2638,Proteobacteria,Alphaproteobacteria,Rhizobiales,Rhizobiaceae,ASV2638,ASV2638
ASV2639,Proteobacteria,Gammaproteobacteria,Alteromonadales,Alteromonadaceae,Agaribacter,ASV2639
ASV2640,Proteobacteria,Gammaproteobacteria,Alteromonadales,Alteromonadaceae,ASV2640,ASV2640
ASV2641,Actinobacteria,Actinobacteria,Micrococcales,Microbacteriaceae,Microbacterium,ASV2641
ASV2642,Bacteroidetes,Bacteroidia,Bacteroidales,Tannerellaceae,Macellibacteroides,ASV2642
ASV2643,Bacteroidetes,Bacteroidia,ASV2643,ASV2643,ASV2643,ASV2643
ASV2644,Bacteroidetes,Bacteroidia,Chitinophagales,Saprospiraceae,Saprospira,ASV2644
ASV2645,Proteobacteria,Gammaproteobacteria,Betaproteobacteriales,Rhodocyclaceae,Ferribacterium,ASV2645
ASV2646,Proteobacteria,Gammaproteobacteria,Betaproteobacteriales,Burkholderiaceae,Limnohabitans,ASV2646
ASV2647,Proteobacteria,Gammaproteobacteria,Gammaproteobacteria_Incertae_Sedis,Unknown_Family,ASV2647,ASV2647
ASV2648,Bacteroidetes,Bacteroidia,Chitinophagales,Saprospiraceae,Lewinella,ASV2648
ASV2649,Proteobacteria,Gammaproteobacteria,Nitrosococcales,Nitrosococcaceae,SZB85,ASV2649
ASV2650,Proteobacteria,Gammaproteobacteria,ASV2650,ASV2650,ASV2650,ASV2650
ASV2651,Proteobacteria,Alphaproteobacteria,Sphingomonadales,Sphingomonadaceae,Parasphingopyxis,ASV2651
ASV2652,Proteobacteria,Deltaproteobacteria,Myxococcales,P3OB-42,ASV2652,ASV2652
ASV2653,Proteobacteria,Deltaproteobacteria,Myxococcales,Sandaracinaceae,ASV2653,ASV2653
ASV2654,Proteobacteria,Deltaproteobacteria,Bdellovibrionales,Bacteriovoracaceae,Peredibacter,ASV2654
ASV2655,Firmicutes,Bacilli,Bacillales,Bacillaceae,Bacillus,ASV2655
ASV2656,Firmicutes,Bacilli,Bacillales,Staphylococcaceae,Staphylococcus,ASV2656
ASV2657,Firmicutes,Bacilli,Bacillales,Planococcaceae,Planococcus,ASV2657
ASV2658,Proteobacteria,Alphaproteobacteria,Rickettsiales,Rickettsiaceae,Candidatus_Megaira,ASV2658
ASV2659,Proteobacteria,Alphaproteobacteria,Rhodospirillales,Rhodopirillaceae,Defluviicoccus,ASV2659
ASV2660,Proteobacteria,Alphaproteobacteria,ASV2660,ASV2660,ASV2660,ASV2660
ASV2661,Firmicutes,Bacilli,Lactobacillales,Streptococcaceae,Streptococcus,ASV2661
ASV2662,Proteobacteria,Alphaproteobacteria,Rhodobacterales,Rhodobacteraceae,ASV2662,ASV2662
ASV2663,Proteobacteria,Alphaproteobacteria,Rhodospirillales,Terasakiellaceae,Terasakiella,ASV2663
ASV2664,Proteobacteria,Alphaproteobacteria,Sphingomonadales,Sphingomonadaceae,Polymorphobacter,ASV2664
ASV2665,Bacteroidetes,Bacteroidia,Bacteroidales,Marinifilaceae,Marinifilum,ASV2665
ASV2666,Proteobacteria,Alphaproteobacteria,Rhizobiales,Rhizobiaceae,ASV2666,ASV2666
ASV2667,Proteobacteria,Alphaproteobacteria,ASV2667,ASV2667,ASV2667,ASV2667
ASV2668,Actinobacteria,Thermoleophilia,Solirubrobacterales,67-14,ASV2668,ASV2668
ASV2669,Bacteroidetes,Bacteroidia,Flavobacteriales,Flavobacteriaceae,NS5_marine_group,ASV2669
ASV2670,Bacteroidetes,Bacteroidia,Flavobacteriales,Flavobacteriaceae,Nonlabens,ASV2670
ASV2671,Proteobacteria,Gammaproteobacteria,Oceanospirillales,Nitrincolaceae,Neptuniibacter,ASV2671
ASV2672,Proteobacteria,Gammaproteobacteria,Cellvibrionales,Halieaceae,OM60(NOR5)_clade,ASV2672
ASV2673,Proteobacteria,Gammaproteobacteria,Oceanospirillales,Saccharospirillaceae,Litoribrevibacter,ASV2673
ASV2674,Proteobacteria,Gammaproteobacteria,Oceanospirillales,Endozoicomonadaceae,Endozoicomonas,ASV2674
ASV2675,Bacteroidetes,Bacteroidia,Flavobacteriales,Flavobacteriaceae,Aureivirga,ASV2675
ASV2676,Bacteroidetes,Bacteroidia,Flavobacteriales,Flavobacteriaceae,Gilvibacter,ASV2676
ASV2677,Proteobacteria,Gammaproteobacteria,Vibrionales,Vibrionaceae,ASV2677,ASV2677
ASV2678,Proteobacteria,Gammaproteobacteria,Vibrionales,Vibrionaceae,ASV2678,ASV2678
ASV2679,Proteobacteria,Alphaproteobacteria,ASV2679,ASV2679,ASV2679,ASV2679
ASV2680,Proteobacteria,ASV2680,ASV2680,ASV2680,ASV2680,ASV2680
ASV2681,Actinobacteria,Actinobacteria,Corynebacteriales,Mycobacteriaceae,Mycobacterium,ASV2681
ASV2682,Actinobacteria,Actinobacteria,Micrococcales,Microbacteriaceae,Rhodoluna,ASV2682
ASV2683,Actinobacteria,Acidimicrobiia,Microtrichales,Ilumatobacteraceae,Ilumatobacter,ASV2683
ASV2684,Proteobacteria,Alphaproteobacteria,Micavibrionales,Micavibrionaceae,ASV2684,ASV2684
ASV2685,Proteobacteria,Gammaproteobacteria,Francisellales,Francisellaceae,ASV2685,ASV2685
ASV2686,Proteobacteria,Gammaproteobacteria,Cellvibrionales,ASV2686,ASV2686,ASV2686
ASV2687,Proteobacteria,Gammaproteobacteria,Betaproteobacteriales,Burkholderiaceae,Janthinobacterium,ASV2687
ASV2688,Actinobacteria,Actinobacteria,Micrococcales,Micrococcaceae,Micrococcus,ASV2688
ASV2689,Actinobacteria,Actinobacteria,Micrococcales,Micrococcaceae,Kocuria,ASV2689
ASV2690,Chlamydiae,Chlamydiae,Chlamydiales,ASV2690,ASV2690,ASV2690
ASV2691,Proteobacteria,Deltaproteobacteria,Myxococcales,P3OB-42,ASV2691,ASV2691
ASV2692,Actinobacteria,Acidimicrobiia,Actinomarinales,Actinomarinaceae,Candidatus_Actinomarina,ASV2692
ASV2693,Bacteroidetes,Bacteroidia,Flavobacteriales,Flavobacteriaceae,Mesonia,ASV2693
ASV2694,Bacteroidetes,Bacteroidia,Flavobacteriales,Flavobacteriaceae,Mesonia,ASV2694
ASV2695,Proteobacteria,Gammaproteobacteria,EPR3968-O8a-Bc78,ASV2695,ASV2695,ASV2695
ASV2696,Proteobacteria,Alphaproteobacteria,Rhodobacterales,Rhodobacteraceae,Loktanella,ASV2696
ASV2697,Proteobacteria,Alphaproteobacteria,Rhodobacterales,Rhodobacteraceae,ASV2697,ASV2697
ASV2698,Proteobacteria,Alphaproteobacteria,Rhodobacterales,Rhodobacteraceae,ASV2698,ASV2698
ASV2699,Proteobacteria,Alphaproteobacteria,Caulobacterales,Hyphomonadaceae,ASV2699,ASV2699
ASV2700,Proteobacteria,Gammaproteobacteria,Alteromonadales,Alteromonadaceae,ASV2700,ASV2700
ASV2701,Actinobacteria,Actinobacteria,Micrococcales,Microbacteriaceae,Microbacterium,ASV2701
ASV2702,Patescibacteria,Parcubacteria,Candidatus_Kaiserbacteria,ASV2702,ASV2702,ASV2702
ASV2703,Patescibacteria,Parcubacteria,Candidatus_Adlerbacteria,ASV2703,ASV2703,ASV2703
ASV2704,Bacteroidetes,Bacteroidia,Chitinophagales,Saprospiraceae,ASV2704,ASV2704
ASV2705,Bacteroidetes,Bacteroidia,Chitinophagales,Chitinophagaceae,Ferruginibacter,ASV2705
ASV2706,Bacteroidetes,Bacteroidia,Chitinophagales,Chitinophagaceae,Ferruginibacter,ASV2706
ASV2707,Proteobacteria,Gammaproteobacteria,Gammaproteobacteria_Incertae_Sedis,Unknown_Family,ASV2707,ASV2707
ASV2708,Proteobacteria,Gammaproteobacteria,Gammaproteobacteria_Incertae_Sedis,Unknown_Family,ASV2708,ASV2708
ASV2709,Proteobacteria,Gammaproteobacteria,Betaproteobacteriales,Chitinibacteraceae,Andreprevotia,ASV2709
ASV2710,Proteobacteria,Gammaproteobacteria,Betaproteobacteriales,Methylophilaceae,Methylotenera,ASV2710
ASV2711,Proteobacteria,Deltaproteobacteria,Bdellovibrionales,Bacteriovoracaceae,Peredibacter,ASV2711
ASV2712,Firmicutes,Clostridia,Clostridiales,Clostridiaceae_1,Clostridium_sensu_stricto_13,ASV2712
ASV2713,Proteobacteria,Alphaproteobacteria,Thalassobaculales,Nisaeaceae,Nisaea,ASV2713
ASV2714,Proteobacteria,Alphaproteobacteria,Rhizobiales,Hyphomicrobiaceae,Filomicrobium,ASV2714
ASV2715,Proteobacteria,Alphaproteobacteria,Puniceispirillales,SAR116_clade,ASV2715,ASV2715
ASV2716,Proteobacteria,Gammaproteobacteria,Steroidobacterales,Woeseiaceae,Woeseia,ASV2716
ASV2717,Proteobacteria,Alphaproteobacteria,Caulobacterales,Parvularculaceae,ASV2717,ASV2717
ASV2718,Firmicutes,Clostridia,Clostridiales,Peptostreptococcaceae,Paraclostridium,ASV2718
ASV2719,Proteobacteria,Alphaproteobacteria,Rickettsiales,ASV2719,ASV2719,ASV2719
ASV2720,Firmicutes,Bacilli,Bacillales,Bacillaceae,Bacillus,ASV2720
ASV2721,Firmicutes,Bacilli,Lactobacillales,Carnobacteriaceae,Atopostipes,ASV2721
ASV2722,Proteobacteria,Alphaproteobacteria,Sphingomonadales,Sphingomonadaceae,Novosphingobium,ASV2722
ASV2723,Proteobacteria,Alphaproteobacteria,Sphingomonadales,Sphingomonadaceae,Sphingomonas,ASV2723
ASV2724,Proteobacteria,Alphaproteobacteria,Sphingomonadales,Sphingomonadaceae,Rhizorhapis,ASV2724
ASV2725,Proteobacteria,Deltaproteobacteria,Myxococcales,ASV2725,ASV2725,ASV2725
ASV2726,Proteobacteria,Alphaproteobacteria,Rhizobiales,Stappiaceae,Labrenzia,ASV2726
ASV2727,Proteobacteria,Alphaproteobacteria,Rhizobiales,Stappiaceae,Roseibium,ASV2727
ASV2728,Proteobacteria,Alphaproteobacteria,Rhizobiales,Stappiaceae,Roseibium,ASV2728
ASV2729,Bacteroidetes,Bacteroidia,Flavobacteriales,Flavobacteriaceae,NS4_marine_group,ASV2729
ASV2730,Patescibacteria,Saccharimonadia,Saccharimonadales,ASV2730,ASV2730,ASV2730
ASV2731,Patescibacteria,Saccharimonadia,Saccharimonadales,ASV2731,ASV2731,ASV2731
ASV2732,Patescibacteria,Saccharimonadia,Saccharimonadales,ASV2732,ASV2732,ASV2732
ASV2733,Proteobacteria,Deltaproteobacteria,ASV2733,ASV2733,ASV2733,ASV2733
ASV2734,Proteobacteria,Deltaproteobacteria,PB19,ASV2734,ASV2734,ASV2734
ASV2735,Bacteroidetes,Bacteroidia,Flavobacteriales,Flavobacteriaceae,ASV2735,ASV2735
ASV2736,Proteobacteria,Gammaproteobacteria,Alteromonadales,Colwelliaceae,Colwellia,ASV2736
ASV2737,Proteobacteria,Gammaproteobacteria,Alteromonadales,Colwelliaceae,ASV2737,ASV2737
ASV2738,Proteobacteria,Gammaproteobacteria,Oceanospirillales,Halomonadaceae,Oceanospirillum,ASV2738
ASV2739,Proteobacteria,Gammaproteobacteria,Oceanospirillales,Halomonadaceae,Aidingimonas,ASV2739
ASV2740,Proteobacteria,Gammaproteobacteria,Alteromonadales,Pseudoalteromonadaceae,Algicola,ASV2740
ASV2741,Proteobacteria,Gammaproteobacteria,Cellvibrionales,ASV2741,ASV2741,ASV2741
ASV2742,Proteobacteria,Gammaproteobacteria,Cellvibrionales,Halieaceae,Pseudohaliea,ASV2742
ASV2743,Proteobacteria,Gammaproteobacteria,Oceanospirillales,Oleiphilaceae,Oleiphilus,ASV2743
ASV2744,Patescibacteria,CPR2,ASV2744,ASV2744,ASV2744,ASV2744
ASV2745,Proteobacteria,Gammaproteobacteria,Oceanospirillales,Alcanivoracaceae,Alcanivorax,ASV2745
ASV2746,Proteobacteria,Gammaproteobacteria,Oceanospirillales,Nitrincolaceae,Marinobacterium,ASV2746
ASV2747,Proteobacteria,Gammaproteobacteria,Alteromonadales,Pseudoalteromonadaceae,Algicola,ASV2747
ASV2748,Proteobacteria,Gammaproteobacteria,Vibrionales,Vibrionaceae,ASV2748,ASV2748
ASV2749,Proteobacteria,Gammaproteobacteria,Vibrionales,Vibrionaceae,ASV2749,ASV2749
ASV2750,Bacteroidetes,Bacteroidia,Flavobacteriales,Flavobacteriaceae,ASV2750,ASV2750
ASV2751,Proteobacteria,Gammaproteobacteria,Vibrionales,Vibrionaceae,Photobacterium,ASV2751
ASV2752,Proteobacteria,Alphaproteobacteria,ASV2752,ASV2752,ASV2752,ASV2752
ASV2753,Proteobacteria,Deltaproteobacteria,Bdellovibrionales,Bacteriovoracaceae,Peredibacter,ASV2753
ASV2754,Proteobacteria,Alphaproteobacteria,Micavibrionales,Micavibrionaceae,ASV2754,ASV2754
ASV2755,Proteobacteria,Deltaproteobacteria,Bradymonadales,ASV2755,ASV2755,ASV2755
ASV2756,Actinobacteria,Actinobacteria,Micrococcales,Microbacteriaceae,Rhodoluna,ASV2756
ASV2757,Proteobacteria,Gammaproteobacteria,ASV2757,ASV2757,ASV2757,ASV2757
ASV2758,Proteobacteria,Gammaproteobacteria,Salinisphaerales,Salinisphaeraceae,Salinisphaera,ASV2758
ASV2759,Proteobacteria,Alphaproteobacteria,ASV2759,ASV2759,ASV2759,ASV2759
ASV2760,Proteobacteria,Alphaproteobacteria,ASV2760,ASV2760,ASV2760,ASV2760
ASV2761,Proteobacteria,Deltaproteobacteria,ASV2761,ASV2761,ASV2761,ASV2761
ASV2762,Proteobacteria,Gammaproteobacteria,Oceanospirillales,Alcanivoracaceae,Alcanivorax,ASV2762
ASV2763,Proteobacteria,Gammaproteobacteria,Vibrionales,Vibrionaceae,Enterovibrio,ASV2763
ASV2764,Firmicutes,Bacilli,Bacillales,Bacillaceae,Marinococcus,ASV2764
ASV2765,Actinobacteria,Actinobacteria,ASV2765,ASV2765,ASV2765,ASV2765
ASV2766,Actinobacteria,Actinobacteria,Corynebacteriales,Corynebacteriaceae,Lawsonella,ASV2766
ASV2767,Actinobacteria,Actinobacteria,Micrococcales,Dermabacteraceae,Dermabacter,ASV2767
ASV2768,Proteobacteria,Gammaproteobacteria,Oceanospirillales,Pseudohongiellaceae,Pseudohongiella,ASV2768
ASV2769,Planctomycetes,Planctomycetacia,Pirellulales,Pirellulaceae,Pir4_lineage,ASV2769
ASV2770,Actinobacteria,Acidimicrobiia,Actinomarinales,Actinomarinaceae,Candidatus_Actinomarina,ASV2770
ASV2771,Chlamydiae,Chlamydiae,Chlamydiales,ASV2771,ASV2771,ASV2771
ASV2772,Proteobacteria,Alphaproteobacteria,ASV2772,ASV2772,ASV2772,ASV2772
ASV2773,Proteobacteria,Alphaproteobacteria,Rhodobacterales,Rhodobacteraceae,Pseudodonghicola,ASV2773
ASV2774,Proteobacteria,Alphaproteobacteria,Rhodobacterales,Rhodobacteraceae,ASV2774,ASV2774
ASV2775,Proteobacteria,Alphaproteobacteria,ASV2775,ASV2775,ASV2775,ASV2775
ASV2776,Proteobacteria,Alphaproteobacteria,Caulobacterales,Hyphomonadaceae,ASV2776,ASV2776
ASV2777,Proteobacteria,Gammaproteobacteria,Alteromonadales,Alteromonadaceae,Salinimonas,ASV2777
ASV2778,Proteobacteria,Gammaproteobacteria,Alteromonadales,Alteromonadaceae,ASV2778,ASV2778
ASV2779,Proteobacteria,Gammaproteobacteria,Alteromonadales,Alteromonadaceae,ASV2779,ASV2779
ASV2780,Proteobacteria,Gammaproteobacteria,Alteromonadales,Alteromonadaceae,ASV2780,ASV2780
ASV2781,Proteobacteria,Gammaproteobacteria,Alteromonadales,Alteromonadaceae,ASV2781,ASV2781
ASV2782,Chloroflexi,Ktedonobacteria,C0119,ASV2782,ASV2782,ASV2782
ASV2783,Proteobacteria,Gammaproteobacteria,Gammaproteobacteria_Incertae_Sedis,Unknown_Family,Acidibacter,ASV2783
ASV2784,Proteobacteria,Gammaproteobacteria,Betaproteobacteriales,Hydrogenophilaceae,Tepidiphilus,ASV2784
ASV2785,Proteobacteria,Gammaproteobacteria,Gammaproteobacteria_Incertae_Sedis,Unknown_Family,Marinicella,ASV2785
ASV2786,Proteobacteria,Gammaproteobacteria,Xanthomonadales,Xanthomonadaceae,Arenimonas,ASV2786
ASV2787,Bacteroidetes,Bacteroidia,Chitinophagales,Saprospiraceae,ASV2787,ASV2787
ASV2788,Dadabacteria,Dadabacteriia,Dadabacteriales,ASV2788,ASV2788,ASV2788
ASV2789,Bacteroidetes,Ignavibacteria,OPB56,ASV2789,ASV2789,ASV2789
ASV2790,Proteobacteria,Gammaproteobacteria,Betaproteobacteriales,Burkholderiaceae,Kinneretia,ASV2790
ASV2791,Proteobacteria,Gammaproteobacteria,Betaproteobacteriales,Burkholderiaceae,Pelomonas,ASV2791
ASV2792,Proteobacteria,Gammaproteobacteria,Betaproteobacteriales,Burkholderiaceae,ASV2792,ASV2792
ASV2793,Proteobacteria,Gammaproteobacteria,Betaproteobacteriales,Burkholderiaceae,Janthinobacterium,ASV2793
ASV2794,Patescibacteria,ABY1,Candidatus_Magasanikbacteria,ASV2794,ASV2794,ASV2794
ASV2795,Proteobacteria,Gammaproteobacteria,ASV2795,ASV2795,ASV2795,ASV2795
ASV2796,Proteobacteria,Alphaproteobacteria,Rhodobacterales,Rhodobacteraceae,Roseibacterium,ASV2796
ASV2797,Proteobacteria,Alphaproteobacteria,Rhizobiales,Xanthobacteraceae,Rhodopseudomonas,ASV2797
ASV2798,Proteobacteria,Alphaproteobacteria,Rhodobacterales,Rhodobacteraceae,Pseudorhodobacter,ASV2798
ASV2799,Proteobacteria,Deltaproteobacteria,Bdellovibrionales,Bdellovibrionaceae,OM27_clade,ASV2799
ASV2800,Proteobacteria,Gammaproteobacteria,Thiohalorhabdales,Thiohalorhabdaceae,ASV2800,ASV2800
ASV2801,Proteobacteria,Gammaproteobacteria,Coxiellales,Coxiellaceae,Coxiella,ASV2801
ASV2802,Proteobacteria,Gammaproteobacteria,Coxiellales,Coxiellaceae,Coxiella,ASV2802
ASV2803,Proteobacteria,Alphaproteobacteria,Rhodobacterales,Rhodobacteraceae,ASV2803,ASV2803
ASV2804,Proteobacteria,Alphaproteobacteria,Caulobacterales,Hyphomonadaceae,Maricaulis,ASV2804
ASV2805,Proteobacteria,Deltaproteobacteria,Myxococcales,P3OB-42,ASV2805,ASV2805
ASV2806,Firmicutes,Bacilli,Bacillales,Bacillaceae,Bacillus,ASV2806
ASV2807,Firmicutes,Bacilli,Bacillales,Bacillaceae,Bacillus,ASV2807
ASV2808,Proteobacteria,Alphaproteobacteria,Rickettsiales,Rickettsiaceae,Candidatus_Megaira,ASV2808
ASV2809,Firmicutes,Bacilli,Lactobacillales,Streptococcaceae,Streptococcus,ASV2809
ASV2810,Firmicutes,Bacilli,Bacillales,Alicyclobacillaceae,Tumebacillus,ASV2810
ASV2811,Proteobacteria,Alphaproteobacteria,Sphingomonadales,Sphingomonadaceae,Sphingomonas,ASV2811
ASV2812,Proteobacteria,Alphaproteobacteria,Sphingomonadales,Sphingomonadaceae,ASV2812,ASV2812
ASV2813,Chlamydiae,Chlamydiae,Chlamydiales,Simkaniaceae,ASV2813,ASV2813
ASV2814,Proteobacteria,Alphaproteobacteria,Rhizobiales,Stappiaceae,Labrenzia,ASV2814
ASV2815,Bacteroidetes,Bacteroidia,Flavobacteriales,Flavobacteriaceae,NS5_marine_group,ASV2815
ASV2816,Cyanobacteria,Sericytochromatia,ASV2816,ASV2816,ASV2816,ASV2816
ASV2817,Proteobacteria,Deltaproteobacteria,Desulfovibrionales,Desulfovibrionaceae,Desulfovibrio,ASV2817
ASV2818,Proteobacteria,Deltaproteobacteria,Oligoflexales,0319-6G20,ASV2818,ASV2818
ASV2819,Proteobacteria,Alphaproteobacteria,Kordiimonadales,Kordiimonadaceae,Kordiimonas,ASV2819
ASV2820,Proteobacteria,Gammaproteobacteria,Legionellales,Legionellaceae,Legionella,ASV2820
ASV2821,Proteobacteria,Gammaproteobacteria,Alteromonadales,ASV2821,ASV2821,ASV2821
ASV2822,Proteobacteria,Alphaproteobacteria,Rhodospirillales,Terasakiellaceae,ASV2822,ASV2822
ASV2823,Proteobacteria,Gammaproteobacteria,Arenicellales,Arenicellaceae,ASV2823,ASV2823
ASV2824,Proteobacteria,Gammaproteobacteria,Cellvibrionales,Cellvibrionaceae,ASV2824,ASV2824
ASV2825,Proteobacteria,Gammaproteobacteria,Pseudomonadales,Moraxellaceae,Enhydrobacter,ASV2825
ASV2826,Proteobacteria,Gammaproteobacteria,Oceanospirillales,Endozoicomonadaceae,Endozoicomonas,ASV2826
ASV2827,ASV2827,ASV2827,ASV2827,ASV2827,ASV2827,ASV2827
ASV2828,Proteobacteria,Gammaproteobacteria,Vibrionales,Vibrionaceae,Catenococcus,ASV2828
ASV2829,Proteobacteria,Gammaproteobacteria,Vibrionales,Vibrionaceae,Catenococcus,ASV2829
ASV2830,Proteobacteria,Gammaproteobacteria,Vibrionales,Vibrionaceae,ASV2830,ASV2830
ASV2831,Proteobacteria,Alphaproteobacteria,Acetobacterales,Acetobacteraceae,Roseomonas,ASV2831
ASV2832,Proteobacteria,Alphaproteobacteria,ASV2832,ASV2832,ASV2832,ASV2832
ASV2833,Proteobacteria,Alphaproteobacteria,Micavibrionales,ASV2833,ASV2833,ASV2833
ASV2834,Proteobacteria,Deltaproteobacteria,Bradymonadales,ASV2834,ASV2834,ASV2834
ASV2835,Proteobacteria,Gammaproteobacteria,ASV2835,ASV2835,ASV2835,ASV2835
ASV2836,Actinobacteria,Acidimicrobiia,Microtrichales,Ilumatobacteraceae,Ilumatobacter,ASV2836
ASV2837,Proteobacteria,Gammaproteobacteria,Francisellales,Francisellaceae,ASV2837,ASV2837
ASV2838,Firmicutes,Bacilli,Bacillales,Family_X,Thermicanus,ASV2838
ASV2839,Bacteroidetes,Bacteroidia,Bacteroidales,Rikenellaceae,Rikenellaceae_RC9_gut_group,ASV2839
ASV2840,Bacteroidetes,Bacteroidia,Cytophagales,Cyclobacteriaceae,Fulvivirga,ASV2840
ASV2841,Proteobacteria,Alphaproteobacteria,SAR11_clade,Clade_II,ASV2841,ASV2841
ASV2842,Proteobacteria,Alphaproteobacteria,SAR11_clade,Clade_II,ASV2842,ASV2842
ASV2843,Proteobacteria,Alphaproteobacteria,SAR11_clade,Clade_II,ASV2843,ASV2843
ASV2844,Actinobacteria,Actinobacteria,Micrococcales,Microbacteriaceae,Yonghaparkia,ASV2844
ASV2845,Actinobacteria,Actinobacteria,Micrococcales,Dermabacteraceae,Brachybacterium,ASV2845
ASV2846,Actinobacteria,Actinobacteria,Micrococcales,Micrococcaceae,Glutamicibacter,ASV2846
ASV2847,Actinobacteria,Acidimicrobiia,Actinomarinales,Actinomarinaceae,Candidatus_Actinomarina,ASV2847
ASV2848,Chlamydiae,Chlamydiae,Chlamydiales,ASV2848,ASV2848,ASV2848
ASV2849,Firmicutes,Negativicutes,Selenomonadales,Veillonellaceae,Veillonella,ASV2849
ASV2850,Chlamydiae,Chlamydiae,Chlamydiales,Parachlamydiaceae,Neochlamydia,ASV2850
ASV2851,Chlamydiae,Chlamydiae,Chlamydiales,Simkaniaceae,ASV2851,ASV2851
ASV2852,Proteobacteria,Alphaproteobacteria,Rhodobacterales,Rhodobacteraceae,ASV2852,ASV2852
ASV2853,Proteobacteria,Alphaproteobacteria,Rhodobacterales,Rhodobacteraceae,Jannaschia,ASV2853
ASV2854,Proteobacteria,Alphaproteobacteria,Rhodobacterales,Rhodobacteraceae,Marinibacterium,ASV2854
ASV2855,Proteobacteria,Alphaproteobacteria,Caulobacterales,Hyphomonadaceae,ASV2855,ASV2855
ASV2856,Proteobacteria,Alphaproteobacteria,Rhizobiales,Rhizobiaceae,ASV2856,ASV2856
ASV2857,Proteobacteria,Gammaproteobacteria,Alteromonadales,Alteromonadaceae,Agaribacter,ASV2857
ASV2858,Proteobacteria,Gammaproteobacteria,Alteromonadales,Alteromonadaceae,XY-R5,ASV2858
ASV2859,Firmicutes,Clostridia,Clostridiales,Christensenellaceae,Christensenellaceae_R-7_group,ASV2859
ASV2860,Actinobacteria,Actinobacteria,Micrococcales,Microbacteriaceae,Microbacterium,ASV2860
ASV2861,Chloroflexi,Anaerolineae,Caldilineales,Caldilineaceae,ASV2861,ASV2861
ASV2862,Epsilonbacteraeota,Campylobacteria,Campylobacterales,Rs-M59_termite_group,ASV2862,ASV2862
ASV2863,Proteobacteria,Alphaproteobacteria,ASV2863,ASV2863,ASV2863,ASV2863
ASV2864,Bacteroidetes,Bacteroidia,Chitinophagales,Saprospiraceae,ASV2864,ASV2864
ASV2865,Proteobacteria,Gammaproteobacteria,Gammaproteobacteria_Incertae_Sedis,Unknown_Family,ASV2865,ASV2865
ASV2866,Proteobacteria,Gammaproteobacteria,Gammaproteobacteria_Incertae_Sedis,Unknown_Family,ASV2866,ASV2866
ASV2867,Proteobacteria,Gammaproteobacteria,Betaproteobacteriales,Burkholderiaceae,Ralstonia,ASV2867
ASV2868,Proteobacteria,Gammaproteobacteria,Betaproteobacteriales,Burkholderiaceae,ASV2868,ASV2868
ASV2869,Proteobacteria,Gammaproteobacteria,Betaproteobacteriales,Burkholderiaceae,Paucibacter,ASV2869
ASV2870,Bacteroidetes,Bacteroidia,Chitinophagales,Chitinophagaceae,ASV2870,ASV2870
ASV2871,Proteobacteria,Gammaproteobacteria,Pseudomonadales,Pseudomonadaceae,Thiopseudomonas,ASV2871
ASV2872,ASV2872,ASV2872,ASV2872,ASV2872,ASV2872,ASV2872
ASV2873,Proteobacteria,Alphaproteobacteria,Sphingomonadales,Sphingomonadaceae,Sphingomonas,ASV2873
ASV2874,Firmicutes,Clostridia,Clostridiales,Family_XII,Fusibacter,ASV2874
ASV2875,Proteobacteria,Alphaproteobacteria,Rhodobacterales,Rhodobacteraceae,HIMB11,ASV2875
ASV2876,Proteobacteria,Deltaproteobacteria,Bdellovibrionales,Bdellovibrionaceae,OM27_clade,ASV2876
ASV2877,Proteobacteria,Alphaproteobacteria,Rhizobiales,Rhizobiaceae,Allorhizobium-Neorhizobium-Pararhizobium-Rhizobium,ASV2877
ASV2878,Proteobacteria,Alphaproteobacteria,Rhizobiales,Rhizobiaceae,ASV2878,ASV2878
ASV2879,Proteobacteria,Gammaproteobacteria,ASV2879,ASV2879,ASV2879,ASV2879
ASV2880,Proteobacteria,Alphaproteobacteria,Caulobacterales,Hyphomonadaceae,Maricaulis,ASV2880
ASV2881,Proteobacteria,Alphaproteobacteria,Caulobacterales,Parvularculaceae,Parvularcula,ASV2881
ASV2882,Proteobacteria,Deltaproteobacteria,Bdellovibrionales,Bacteriovoracaceae,Peredibacter,ASV2882
ASV2883,Firmicutes,Bacilli,Bacillales,Bacillaceae,Bacillus,ASV2883
ASV2884,Firmicutes,Bacilli,Bacillales,Staphylococcaceae,ASV2884,ASV2884
ASV2885,Proteobacteria,Deltaproteobacteria,Bdellovibrionales,Bdellovibrionaceae,OM27_clade,ASV2885
ASV2886,Proteobacteria,Deltaproteobacteria,Myxococcales,Haliangiaceae,Haliangium,ASV2886
ASV2887,Armatimonadetes,Armatimonadia,Armatimonadales,Armatimonadaceae,Armatimonas,ASV2887
ASV2888,Proteobacteria,Gammaproteobacteria,ASV2888,ASV2888,ASV2888,ASV2888
ASV2889,Proteobacteria,Alphaproteobacteria,Sphingomonadales,Sphingomonadaceae,Rhizorhapis,ASV2889
ASV2890,Proteobacteria,Alphaproteobacteria,Rhizobiales,Rhizobiaceae,Fulvimarina,ASV2890
ASV2891,Proteobacteria,Alphaproteobacteria,Rhizobiales,Stappiaceae,Stappia,ASV2891
ASV2892,Bacteroidetes,Bacteroidia,Flavobacteriales,Flavobacteriaceae,NS5_marine_group,ASV2892
ASV2893,Bacteroidetes,Bacteroidia,Flavobacteriales,Flavobacteriaceae,Lutaonella,ASV2893
ASV2894,Halanaerobiaeota,Halanaerobiia,Halanaerobiales,Halobacteroidaceae,ASV2894,ASV2894
ASV2895,Proteobacteria,Gammaproteobacteria,Alteromonadales,Colwelliaceae,Thalassotalea,ASV2895
ASV2896,Proteobacteria,Gammaproteobacteria,Oceanospirillales,Halomonadaceae,Oceanospirillum,ASV2896
ASV2897,Proteobacteria,Gammaproteobacteria,Oceanospirillales,Nitrincolaceae,ASV2897,ASV2897
ASV2898,Proteobacteria,Gammaproteobacteria,Oceanospirillales,Marinomonadaceae,Marinomonas,ASV2898
ASV2899,Proteobacteria,Gammaproteobacteria,Oceanospirillales,ASV2899,ASV2899,ASV2899
ASV2900,Proteobacteria,ASV2900,ASV2900,ASV2900,ASV2900,ASV2900
ASV2901,Bacteroidetes,Bacteroidia,Bacteroidales,Marinilabiliaceae,Saccharicrinis,ASV2901
ASV2902,Proteobacteria,Gammaproteobacteria,Vibrionales,Vibrionaceae,ASV2902,ASV2902
ASV2903,Proteobacteria,Gammaproteobacteria,Vibrionales,Vibrionaceae,ASV2903,ASV2903
ASV2904,Proteobacteria,Alphaproteobacteria,Puniceispirillales,SAR116_clade,Candidatus_Puniceispirillum,ASV2904
ASV2905,Proteobacteria,Alphaproteobacteria,Puniceispirillales,SAR116_clade,ASV2905,ASV2905
ASV2906,Proteobacteria,Alphaproteobacteria,Rhodovibrionales,Kiloniellaceae,Kiloniella,ASV2906
ASV2907,Proteobacteria,Alphaproteobacteria,Micavibrionales,ASV2907,ASV2907,ASV2907
ASV2908,Proteobacteria,Alphaproteobacteria,ASV2908,ASV2908,ASV2908,ASV2908
ASV2909,Gemmatimonadetes,PAUC43f_marine_benthic_group,ASV2909,ASV2909,ASV2909,ASV2909
ASV2910,Actinobacteria,Actinobacteria,Micrococcales,Microbacteriaceae,Rhodoluna,ASV2910
ASV2911,Proteobacteria,Deltaproteobacteria,Bdellovibrionales,Bacteriovoracaceae,Bacteriovorax,ASV2911
ASV2912,Firmicutes,Clostridia,Clostridiales,Ruminococcaceae,Anaerobacterium,ASV2912
ASV2913,Firmicutes,Clostridia,Clostridiales,Lachnospiraceae,Vallitalea,ASV2913
ASV2914,Proteobacteria,Alphaproteobacteria,Puniceispirillales,EF100-94H03,ASV2914,ASV2914
ASV2915,Proteobacteria,Alphaproteobacteria,SAR11_clade,Clade_III,ASV2915,ASV2915
ASV2916,Proteobacteria,Alphaproteobacteria,Rickettsiales,Mitochondria,ASV2916,ASV2916
ASV2917,Actinobacteria,Acidimicrobiia,Microtrichales,Ilumatobacteraceae,Ilumatobacter,ASV2917
ASV2918,Proteobacteria,Deltaproteobacteria,ASV2918,ASV2918,ASV2918,ASV2918
ASV2919,Proteobacteria,Deltaproteobacteria,Oligoflexales,0319-6G20,ASV2919,ASV2919
ASV2920,Proteobacteria,Deltaproteobacteria,PB19,ASV2920,ASV2920,ASV2920
ASV2921,Planctomycetes,OM190,ASV2921,ASV2921,ASV2921,ASV2921
ASV2922,Verrucomicrobia,Verrucomicrobiae,Pedosphaerales,Pedosphaeraceae,ASV2922,ASV2922
ASV2923,Planctomycetes,Planctomycetacia,Pirellulales,Pirellulaceae,Rhodopirellula,ASV2923
ASV2924,Planctomycetes,Planctomycetacia,Pirellulales,Pirellulaceae,Pir4_lineage,ASV2924
ASV2925,Chlamydiae,Chlamydiae,Chlamydiales,ASV2925,ASV2925,ASV2925
ASV2926,Proteobacteria,Alphaproteobacteria,Rickettsiales,Mitochondria,ASV2926,ASV2926
ASV2927,Bacteroidetes,Bacteroidia,Flavobacteriales,Flavobacteriaceae,Psychroflexus,ASV2927
ASV2928,Bacteroidetes,Bacteroidia,Flavobacteriales,Flavobacteriaceae,Psychroflexus,ASV2928
ASV2929,Acidobacteria,Holophagae,Acanthopleuribacterales,Acanthopleuribacteraceae,Acanthopleuribacter,ASV2929
ASV2930,Proteobacteria,Alphaproteobacteria,Rhodobacterales,Rhodobacteraceae,ASV2930,ASV2930
ASV2931,Proteobacteria,Alphaproteobacteria,Rhodobacterales,Rhodobacteraceae,Marivita,ASV2931
ASV2932,Proteobacteria,Alphaproteobacteria,Rhodobacterales,Rhodobacteraceae,ASV2932,ASV2932
ASV2933,Proteobacteria,Alphaproteobacteria,Rhodobacterales,Rhodobacteraceae,ASV2933,ASV2933
ASV2934,Proteobacteria,Alphaproteobacteria,Caulobacterales,Hyphomonadaceae,Ponticaulis,ASV2934
ASV2935,Proteobacteria,Alphaproteobacteria,Caulobacterales,Hyphomonadaceae,ASV2935,ASV2935
ASV2936,Proteobacteria,Alphaproteobacteria,Micavibrionales,ASV2936,ASV2936,ASV2936
ASV2937,Proteobacteria,Deltaproteobacteria,Bradymonadales,ASV2937,ASV2937,ASV2937
ASV2938,Bacteroidetes,Bacteroidia,Flavobacteriales,Flavobacteriaceae,ASV2938,ASV2938
ASV2939,Proteobacteria,Gammaproteobacteria,Alteromonadales,Alteromonadaceae,ASV2939,ASV2939
ASV2940,Actinobacteria,Actinobacteria,Propionibacteriales,Nocardioidaceae,Nocardioides,ASV2940
ASV2941,Acidobacteria,Thermoanaerobaculia,Thermoanaerobaculales,Thermoanaerobaculaceae,Subgroup_10,ASV2941
ASV2942,Acidobacteria,Thermoanaerobaculia,Thermoanaerobaculales,Thermoanaerobaculaceae,Subgroup_10,ASV2942
ASV2943,Actinobacteria,Actinobacteria,Micrococcales,Microbacteriaceae,Microbacterium,ASV2943
ASV2944,Proteobacteria,Gammaproteobacteria,ASV2944,ASV2944,ASV2944,ASV2944
ASV2945,Proteobacteria,Gammaproteobacteria,Gammaproteobacteria_Incertae_Sedis,Unknown_Family,Acidibacter,ASV2945
ASV2946,ASV2946,ASV2946,ASV2946,ASV2946,ASV2946,ASV2946
ASV2947,Bacteroidetes,Ignavibacteria,OPB56,ASV2947,ASV2947,ASV2947
ASV2948,Bacteroidetes,Bacteroidia,Chitinophagales,Saprospiraceae,ASV2948,ASV2948
ASV2949,Bacteroidetes,Bacteroidia,Chitinophagales,Saprospiraceae,Saprospira,ASV2949
ASV2950,Proteobacteria,Gammaproteobacteria,Betaproteobacteriales,Burkholderiaceae,Duganella,ASV2950
ASV2951,Proteobacteria,Gammaproteobacteria,Betaproteobacteriales,Burkholderiaceae,Massilia,ASV2951
ASV2952,Proteobacteria,Gammaproteobacteria,Betaproteobacteriales,Neisseriaceae,ASV2952,ASV2952
ASV2953,Proteobacteria,Alphaproteobacteria,Tistrellales,Geminicoccaceae,Candidatus_Alysiosphaera,ASV2953
ASV2954,Bacteroidetes,Bacteroidia,Chitinophagales,Saprospiraceae,ASV2954,ASV2954
ASV2955,Chloroflexi,Dehalococcoidia,SAR202_clade,ASV2955,ASV2955,ASV2955
ASV2956,Proteobacteria,Deltaproteobacteria,Bdellovibrionales,Bdellovibrionaceae,Bdellovibrio,ASV2956
ASV2957,Proteobacteria,Alphaproteobacteria,Rhodobacterales,Rhodobacteraceae,Tropicimonas,ASV2957
ASV2958,Proteobacteria,Alphaproteobacteria,Rhodobacterales,Rhodobacteraceae,ASV2958,ASV2958
ASV2959,Proteobacteria,Alphaproteobacteria,Rhodobacterales,Rhodobacteraceae,Actibacterium,ASV2959
ASV2960,Proteobacteria,Alphaproteobacteria,Rhizobiales,Xanthobacteraceae,Rhodopseudomonas,ASV2960
ASV2961,Proteobacteria,Alphaproteobacteria,Rhodobacterales,Rhodobacteraceae,Halovulum,ASV2961
ASV2962,Proteobacteria,Alphaproteobacteria,Thalassobaculales,Nisaeaceae,Nisaea,ASV2962
ASV2963,Firmicutes,Clostridia,Clostridiales,Lachnospiraceae,ASV2963,ASV2963
ASV2964,Proteobacteria,Gammaproteobacteria,Steroidobacterales,Woeseiaceae,Woeseia,ASV2964
ASV2965,Proteobacteria,Gammaproteobacteria,Nitrosococcales,Nitrosococcaceae,SZB85,ASV2965
ASV2966,Proteobacteria,Gammaproteobacteria,Nitrosococcales,Nitrosococcaceae,SZB85,ASV2966
ASV2967,Proteobacteria,Deltaproteobacteria,Bdellovibrionales,Bacteriovoracaceae,Peredibacter,ASV2967
ASV2968,Proteobacteria,Gammaproteobacteria,ASV2968,ASV2968,ASV2968,ASV2968
ASV2969,Proteobacteria,Gammaproteobacteria,Ectothiorhodospirales,Ectothiorhodospiraceae,ASV2969,ASV2969
ASV2970,Proteobacteria,Gammaproteobacteria,ASV2970,ASV2970,ASV2970,ASV2970
ASV2971,Proteobacteria,Gammaproteobacteria,Salinisphaerales,Algiphilaceae,Algiphilus,ASV2971
ASV2972,Proteobacteria,Alphaproteobacteria,Parvibaculales,ASV2972,ASV2972,ASV2972
ASV2973,Proteobacteria,Deltaproteobacteria,Bdellovibrionales,Bacteriovoracaceae,Peredibacter,ASV2973
ASV2974,Proteobacteria,Alphaproteobacteria,Rickettsiales,Anaplasmataceae,ASV2974,ASV2974
ASV2975,Firmicutes,Bacilli,Bacillales,Bacillaceae,Bacillus,ASV2975
ASV2976,Firmicutes,Bacilli,ASV2976,ASV2976,ASV2976,ASV2976
ASV2977,Proteobacteria,Alphaproteobacteria,ASV2977,ASV2977,ASV2977,ASV2977
ASV2978,Firmicutes,Bacilli,Lactobacillales,Carnobacteriaceae,Atopostipes,ASV2978
ASV2979,Proteobacteria,Alphaproteobacteria,Rhodospirillales,Thalassospiraceae,Thalassospira,ASV2979
ASV2980,Proteobacteria,Alphaproteobacteria,Rhodospirillales,Magnetospiraceae,ASV2980,ASV2980
ASV2981,Proteobacteria,Alphaproteobacteria,Sphingomonadales,Sphingomonadaceae,ASV2981,ASV2981
ASV2982,ASV2982,ASV2982,ASV2982,ASV2982,ASV2982,ASV2982
ASV2983,Proteobacteria,Alphaproteobacteria,Rhizobiales,Stappiaceae,Labrenzia,ASV2983
ASV2984,Bacteroidetes,Bacteroidia,Flavobacteriales,Flavobacteriaceae,ASV2984,ASV2984
ASV2985,Bacteroidetes,Bacteroidia,Flavobacteriales,Flavobacteriaceae,Tenacibaculum,ASV2985
ASV2986,Bacteroidetes,Bacteroidia,Flavobacteriales,Flavobacteriaceae,Marixanthomonas,ASV2986
ASV2987,Actinobacteria,Acidimicrobiia,Actinomarinales,ASV2987,ASV2987,ASV2987
ASV2988,Proteobacteria,Deltaproteobacteria,Desulfovibrionales,Desulfovibrionaceae,Desulfovibrio,ASV2988
ASV2989,Proteobacteria,Deltaproteobacteria,Desulfovibrionales,Desulfovibrionaceae,Desulfovibrio,ASV2989
ASV2990,Proteobacteria,Alphaproteobacteria,Caulobacterales,Hyphomonadaceae,Hyphobacterium,ASV2990
ASV2991,Proteobacteria,Deltaproteobacteria,PB19,ASV2991,ASV2991,ASV2991
ASV2992,Proteobacteria,Alphaproteobacteria,Micavibrionales,Micavibrionaceae,ASV2992,ASV2992
ASV2993,Proteobacteria,Gammaproteobacteria,Cellvibrionales,Halieaceae,Halioglobus,ASV2993
ASV2994,Proteobacteria,Gammaproteobacteria,Arenicellales,Arenicellaceae,Arenicella,ASV2994
ASV2995,Proteobacteria,Gammaproteobacteria,Alteromonadales,Colwelliaceae,Thalassotalea,ASV2995
ASV2996,Proteobacteria,Deltaproteobacteria,Desulfobacterales,Desulfobulbaceae,ASV2996,ASV2996
ASV2997,Proteobacteria,Gammaproteobacteria,Enterobacteriales,Enterobacteriaceae,ASV2997,ASV2997
ASV2998,Proteobacteria,Gammaproteobacteria,Cellvibrionales,Cellvibrionaceae,Cellvibrio,ASV2998
ASV2999,Proteobacteria,Gammaproteobacteria,Oceanospirillales,Nitrincolaceae,Neptuniibacter,ASV2999
ASV3000,Proteobacteria,Gammaproteobacteria,Pseudomonadales,Moraxellaceae,Enhydrobacter,ASV3000
ASV3001,Proteobacteria,Gammaproteobacteria,Cellvibrionales,Halieaceae,OM60(NOR5)_clade,ASV3001
ASV3002,Proteobacteria,Gammaproteobacteria,Alteromonadales,Pseudoalteromonadaceae,Pseudoalteromonas,ASV3002
ASV3003,Bacteroidetes,Bacteroidia,Flavobacteriales,Flavobacteriaceae,ASV3003,ASV3003
ASV3004,Proteobacteria,Gammaproteobacteria,ASV3004,ASV3004,ASV3004,ASV3004
ASV3005,Proteobacteria,Alphaproteobacteria,ASV3005,ASV3005,ASV3005,ASV3005
ASV3006,Proteobacteria,Alphaproteobacteria,Rhodovibrionales,ASV3006,ASV3006,ASV3006
ASV3007,Proteobacteria,Deltaproteobacteria,NB1-j,ASV3007,ASV3007,ASV3007
ASV3008,Actinobacteria,Actinobacteria,Micrococcales,Microbacteriaceae,ASV3008,ASV3008
ASV3009,Actinobacteria,Actinobacteria,Micrococcales,Intrasporangiaceae,Serinicoccus,ASV3009
ASV3010,Firmicutes,Clostridia,Clostridiales,Ruminococcaceae,ASV3010,ASV3010
ASV3011,Acidobacteria,Thermoanaerobaculia,Thermoanaerobaculales,Thermoanaerobaculaceae,Subgroup_10,ASV3011
ASV3012,Proteobacteria,Alphaproteobacteria,Paracaedibacterales,Paracaedibacteraceae,ASV3012,ASV3012
ASV3013,Proteobacteria,Alphaproteobacteria,Rickettsiales,SM2D12,ASV3013,ASV3013
ASV3014,Bacteroidetes,Bacteroidia,Cytophagales,Cyclobacteriaceae,Algoriphagus,ASV3014
ASV3015,Proteobacteria,Deltaproteobacteria,ASV3015,ASV3015,ASV3015,ASV3015
ASV3016,Proteobacteria,Alphaproteobacteria,SAR11_clade,Clade_II,ASV3016,ASV3016
ASV3017,Proteobacteria,Alphaproteobacteria,SAR11_clade,Clade_II,ASV3017,ASV3017
ASV3018,Actinobacteria,Actinobacteria,Corynebacteriales,Corynebacteriaceae,Corynebacterium_1,ASV3018
ASV3020,Proteobacteria,Deltaproteobacteria,Oligoflexales,Oligoflexaceae,Oligoflexus,ASV3020
ASV3021,Cyanobacteria,Oxyphotobacteria,Chloroplast,ASV3021,ASV3021,ASV3021
ASV3022,Planctomycetes,Planctomycetacia,Pirellulales,Pirellulaceae,ASV3022,ASV3022
ASV3023,Verrucomicrobia,Verrucomicrobiae,Verrucomicrobiales,DEV007,ASV3023,ASV3023
ASV3024,Verrucomicrobia,Verrucomicrobiae,Pedosphaerales,Pedosphaeraceae,ASV3024,ASV3024
ASV3025,Chlamydiae,Chlamydiae,Chlamydiales,Simkaniaceae,ASV3025,ASV3025
ASV3026,Chlamydiae,Chlamydiae,Chlamydiales,Simkaniaceae,ASV3026,ASV3026
ASV3027,Chlamydiae,Chlamydiae,Chlamydiales,Simkaniaceae,ASV3027,ASV3027
ASV3028,Bacteroidetes,Bacteroidia,Flavobacteriales,Flavobacteriaceae,Gramella,ASV3028
ASV3029,Proteobacteria,Alphaproteobacteria,Rhodobacterales,Rhodobacteraceae,ASV3029,ASV3029
ASV3030,Proteobacteria,Alphaproteobacteria,Rhodobacterales,Rhodobacteraceae,Loktanella,ASV3030
ASV3031,Proteobacteria,Alphaproteobacteria,Rhodobacterales,Rhodobacteraceae,Pontivivens,ASV3031
ASV3032,Firmicutes,Bacilli,Lactobacillales,Lactobacillaceae,Lactobacillus,ASV3032
ASV3033,Proteobacteria,Alphaproteobacteria,Caulobacterales,Hyphomonadaceae,ASV3033,ASV3033
ASV3034,Proteobacteria,Alphaproteobacteria,Caulobacterales,Hyphomonadaceae,ASV3034,ASV3034
ASV3035,Proteobacteria,Gammaproteobacteria,Alteromonadales,Alteromonadaceae,Aestuariibacter,ASV3035
ASV3036,Acidobacteria,Thermoanaerobaculia,Thermoanaerobaculales,Thermoanaerobaculaceae,Subgroup_10,ASV3036
ASV3038,Actinobacteria,Actinobacteria,Micrococcales,Microbacteriaceae,Microbacterium,ASV3038
ASV3039,Proteobacteria,Gammaproteobacteria,Betaproteobacteriales,ASV3039,ASV3039,ASV3039
ASV3040,Proteobacteria,Gammaproteobacteria,ASV3040,ASV3040,ASV3040,ASV3040
ASV3041,Proteobacteria,Gammaproteobacteria,ASV3041,ASV3041,ASV3041,ASV3041
ASV3042,Bacteroidetes,Bacteroidia,ASV3042,ASV3042,ASV3042,ASV3042
ASV3043,Bacteroidetes,Bacteroidia,Chitinophagales,ASV3043,ASV3043,ASV3043
ASV3044,Proteobacteria,Gammaproteobacteria,Betaproteobacteriales,Neisseriaceae,ASV3044,ASV3044
ASV3045,Proteobacteria,ASV3045,ASV3045,ASV3045,ASV3045,ASV3045
ASV3046,Acidobacteria,Acidobacteriia,Solibacterales,Solibacteraceae_(Subgroup_3),PAUC26f,ASV3046
ASV3047,Proteobacteria,Gammaproteobacteria,Xanthomonadales,Xanthomonadaceae,Lysobacter,ASV3047
ASV3048,Proteobacteria,Gammaproteobacteria,Xanthomonadales,Xanthomonadaceae,Vulcaniibacterium,ASV3048
ASV3049,Bacteroidetes,Bacteroidia,Bacteroidales,Marinilabiliaceae,Carboxylicivirga,ASV3049
ASV3050,Bacteroidetes,Bacteroidia,Chitinophagales,Saprospiraceae,ASV3050,ASV3050
ASV3051,Epsilonbacteraeota,Campylobacteria,Campylobacterales,Arcobacteraceae,Arcobacter,ASV3051
ASV3052,Proteobacteria,Gammaproteobacteria,Betaproteobacteriales,Burkholderiaceae,Burkholderia-Caballeronia-Paraburkholderia,ASV3052
ASV3053,Proteobacteria,Gammaproteobacteria,Betaproteobacteriales,Burkholderiaceae,Rhodoferax,ASV3053
ASV3054,Proteobacteria,Gammaproteobacteria,Betaproteobacteriales,Burkholderiaceae,Massilia,ASV3054
ASV3055,Bacteroidetes,Bacteroidia,Chitinophagales,ASV3055,ASV3055,ASV3055
ASV3056,Proteobacteria,Deltaproteobacteria,Bdellovibrionales,Bdellovibrionaceae,Bdellovibrio,ASV3056
ASV3057,Proteobacteria,Alphaproteobacteria,Sphingomonadales,Sphingomonadaceae,Sphingomonas,ASV3057
ASV3058,Firmicutes,Clostridia,Clostridiales,Family_XII,Fusibacter,ASV3058
ASV3059,Firmicutes,Clostridia,Clostridiales,Family_XII,Fusibacter,ASV3059
ASV3060,Proteobacteria,Alphaproteobacteria,Rhodobacterales,Rhodobacteraceae,Oceanicella,ASV3060
ASV3061,Proteobacteria,Alphaproteobacteria,Rhizobiales,Hyphomicrobiaceae,Filomicrobium,ASV3061
ASV3062,Proteobacteria,Alphaproteobacteria,Rhizobiales,Rhizobiaceae,Chelativorans,ASV3062
ASV3063,Proteobacteria,Deltaproteobacteria,Bdellovibrionales,Bdellovibrionaceae,OM27_clade,ASV3063
ASV3064,Proteobacteria,Alphaproteobacteria,Parvibaculales,Parvibaculaceae,ASV3064,ASV3064
ASV3065,Proteobacteria,Alphaproteobacteria,Rhizobiales,Rhizobiaceae,Allorhizobium-Neorhizobium-Pararhizobium-Rhizobium,ASV3065
ASV3066,Proteobacteria,Alphaproteobacteria,Caulobacterales,Parvularculaceae,Parvularcula,ASV3066
ASV3067,Proteobacteria,Alphaproteobacteria,Caulobacterales,Parvularculaceae,Parvularcula,ASV3067
ASV3068,Proteobacteria,Deltaproteobacteria,Myxococcales,Sandaracinaceae,Sandaracinus,ASV3068
ASV3069,Proteobacteria,Alphaproteobacteria,ASV3069,ASV3069,ASV3069,ASV3069
ASV3070,Proteobacteria,Deltaproteobacteria,Myxococcales,Nannocystaceae,ASV3070,ASV3070
ASV3071,Firmicutes,Bacilli,Lactobacillales,Streptococcaceae,Streptococcus,ASV3071
ASV3072,Proteobacteria,Alphaproteobacteria,Kordiimonadales,Kordiimonadaceae,Kordiimonas,ASV3072
ASV3073,Proteobacteria,Alphaproteobacteria,ASV3073,ASV3073,ASV3073,ASV3073
ASV3074,Proteobacteria,Alphaproteobacteria,Sphingomonadales,Sphingomonadaceae,Sphingorhabdus,ASV3074
ASV3075,Proteobacteria,Alphaproteobacteria,Sphingomonadales,Sphingomonadaceae,Novosphingobium,ASV3075
ASV3076,Proteobacteria,Alphaproteobacteria,Sphingomonadales,Sphingomonadaceae,Altererythrobacter,ASV3076
ASV3077,Proteobacteria,Gammaproteobacteria,ASV3077,ASV3077,ASV3077,ASV3077
ASV3078,Fusobacteria,Fusobacteriia,Fusobacteriales,Fusobacteriaceae,Cetobacterium,ASV3078
ASV3079,Proteobacteria,Alphaproteobacteria,ASV3079,ASV3079,ASV3079,ASV3079
ASV3080,Proteobacteria,Deltaproteobacteria,Desulfovibrionales,Desulfovibrionaceae,Desulfovibrio,ASV3080
ASV3081,Proteobacteria,Deltaproteobacteria,Desulfovibrionales,Desulfonatronaceae,Desulfonatronum,ASV3081
ASV3082,ASV3082,ASV3082,ASV3082,ASV3082,ASV3082,ASV3082
ASV3083,Bacteroidetes,Bacteroidia,Flavobacteriales,Flavobacteriaceae,Mesoflavibacter,ASV3083
ASV3084,Bacteroidetes,Bacteroidia,Flavobacteriales,Flavobacteriaceae,NS5_marine_group,ASV3084
ASV3085,Bacteroidetes,Bacteroidia,Flavobacteriales,Flavobacteriaceae,Aquimarina,ASV3085
ASV3086,Bacteroidetes,Bacteroidia,Flavobacteriales,Flavobacteriaceae,ASV3086,ASV3086
ASV3087,Proteobacteria,Gammaproteobacteria,ASV3087,ASV3087,ASV3087,ASV3087
ASV3088,Proteobacteria,Gammaproteobacteria,Oceanospirillales,Saccharospirillaceae,Oceaniserpentilla,ASV3088
ASV3089,Proteobacteria,Gammaproteobacteria,Pseudomonadales,Moraxellaceae,Enhydrobacter,ASV3089
ASV3090,Proteobacteria,Gammaproteobacteria,Alteromonadales,Pseudoalteromonadaceae,ASV3090,ASV3090
ASV3091,Proteobacteria,Gammaproteobacteria,Alteromonadales,Alteromonadaceae,ASV3091,ASV3091
ASV3092,Bacteroidetes,Bacteroidia,Flavobacteriales,Flavobacteriaceae,ASV3092,ASV3092
ASV3093,Bacteroidetes,Bacteroidia,Flavobacteriales,Flavobacteriaceae,Mesoflavibacter,ASV3093
ASV3094,Proteobacteria,Gammaproteobacteria,Alteromonadales,Moritellaceae,Paramoritella,ASV3094
ASV3095,Bacteroidetes,Bacteroidia,Flavobacteriales,Flavobacteriaceae,Sungkyunkwania,ASV3095
ASV3096,Proteobacteria,Gammaproteobacteria,Vibrionales,Vibrionaceae,Catenococcus,ASV3096
ASV3097,Proteobacteria,Gammaproteobacteria,Alteromonadales,Shewanellaceae,Ferrimonas,ASV3097
ASV3098,Proteobacteria,Alphaproteobacteria,Micavibrionales,Micavibrionaceae,ASV3098,ASV3098
ASV3099,Proteobacteria,Alphaproteobacteria,Micavibrionales,ASV3099,ASV3099,ASV3099
ASV3100,Dependentiae,Babeliae,Babeliales,ASV3100,ASV3100,ASV3100
ASV3101,Actinobacteria,Actinobacteria,Streptomycetales,Streptomycetaceae,Streptomyces,ASV3101
ASV3102,Actinobacteria,Acidimicrobiia,Microtrichales,Iamiaceae,Iamia,ASV3102
ASV3103,Proteobacteria,Gammaproteobacteria,Alteromonadales,Pseudoalteromonadaceae,Algicola,ASV3103
ASV3104,Proteobacteria,Deltaproteobacteria,Myxococcales,P3OB-42,ASV3104,ASV3104
ASV3105,Firmicutes,Bacilli,Bacillales,Staphylococcaceae,S31,ASV3105
ASV3106,Dependentiae,Babeliae,Babeliales,Vermiphilaceae,ASV3106,ASV3106
ASV3107,Proteobacteria,Gammaproteobacteria,Legionellales,Legionellaceae,Legionella,ASV3107
ASV3108,Proteobacteria,Gammaproteobacteria,Vibrionales,Vibrionaceae,ASV3108,ASV3108
ASV3109,Proteobacteria,Gammaproteobacteria,Legionellales,Legionellaceae,Legionella,ASV3109
ASV3110,Proteobacteria,Alphaproteobacteria,Rickettsiales,Mitochondria,ASV3110,ASV3110
ASV3111,Proteobacteria,Gammaproteobacteria,Pseudomonadales,Moraxellaceae,Acinetobacter,ASV3111
ASV3112,Proteobacteria,Alphaproteobacteria,SAR11_clade,Clade_II,ASV3112,ASV3112
ASV3113,Actinobacteria,Actinobacteria,Actinomycetales,Actinomycetaceae,Actinomyces,ASV3113
ASV3114,Planctomycetes,Planctomycetacia,Pirellulales,Pirellulaceae,Pir4_lineage,ASV3114
ASV3115,Actinobacteria,Acidimicrobiia,Actinomarinales,Actinomarinaceae,Candidatus_Actinomarina,ASV3115
ASV3116,Patescibacteria,Parcubacteria,Candidatus_Kaiserbacteria,ASV3116,ASV3116,ASV3116
ASV3117,Patescibacteria,Parcubacteria,Candidatus_Kaiserbacteria,ASV3117,ASV3117,ASV3117
ASV3118,Chlamydiae,Chlamydiae,Chlamydiales,Parachlamydiaceae,Neochlamydia,ASV3118
ASV3119,Chlamydiae,Chlamydiae,Chlamydiales,Simkaniaceae,Simkania,ASV3119
ASV3120,Proteobacteria,Alphaproteobacteria,Rickettsiales,Mitochondria,ASV3120,ASV3120
ASV3121,Proteobacteria,Alphaproteobacteria,Rhodobacterales,Rhodobacteraceae,Roseibacterium,ASV3121
ASV3122,Proteobacteria,Alphaproteobacteria,Rhodobacterales,Rhodobacteraceae,Marinovum,ASV3122
ASV3123,Proteobacteria,Alphaproteobacteria,Rhodobacterales,Rhodobacteraceae,ASV3123,ASV3123
ASV3124,Proteobacteria,Alphaproteobacteria,Rhodobacterales,Rhodobacteraceae,ASV3124,ASV3124
ASV3125,Proteobacteria,Alphaproteobacteria,Caulobacterales,Hyphomonadaceae,ASV3125,ASV3125
ASV3126,Proteobacteria,Alphaproteobacteria,Caulobacterales,Hyphomonadaceae,ASV3126,ASV3126
ASV3127,Bacteroidetes,Bacteroidia,Bacteroidales,ASV3127,ASV3127,ASV3127
ASV3128,Bacteroidetes,Bacteroidia,Flavobacteriales,Flavobacteriaceae,Mesonia,ASV3128
ASV3129,Bacteroidetes,Bacteroidia,Cytophagales,ASV3129,ASV3129,ASV3129
ASV3130,Bacteroidetes,Bacteroidia,Chitinophagales,Saprospiraceae,ASV3130,ASV3130
ASV3131,Bacteroidetes,Bacteroidia,Chitinophagales,Saprospiraceae,ASV3131,ASV3131
ASV3132,Proteobacteria,Deltaproteobacteria,SAR324_clade(Marine_group_B),ASV3132,ASV3132,ASV3132
ASV3133,Bacteroidetes,Bacteroidia,Chitinophagales,Chitinophagaceae,Sediminibacterium,ASV3133
ASV3134,Proteobacteria,Gammaproteobacteria,Gammaproteobacteria_Incertae_Sedis,Unknown_Family,ASV3134,ASV3134
ASV3135,Proteobacteria,Gammaproteobacteria,Ga0077536,ASV3135,ASV3135,ASV3135
ASV3136,Proteobacteria,Gammaproteobacteria,Betaproteobacteriales,Burkholderiaceae,ASV3136,ASV3136
ASV3137,Proteobacteria,Gammaproteobacteria,Betaproteobacteriales,Burkholderiaceae,Variovorax,ASV3137
ASV3139,Proteobacteria,Gammaproteobacteria,Betaproteobacteriales,Burkholderiaceae,Duganella,ASV3139
ASV3140,Patescibacteria,Parcubacteria,Candidatus_Vogelbacteria,ASV3140,ASV3140,ASV3140
ASV3141,Dependentiae,Babeliae,Babeliales,Vermiphilaceae,ASV3141,ASV3141
ASV3142,Proteobacteria,Alphaproteobacteria,Rhodobacterales,Rhodobacteraceae,Actibacterium,ASV3142
ASV3143,Proteobacteria,Alphaproteobacteria,Rhodobacterales,Rhodobacteraceae,Roseibacterium,ASV3143
ASV3144,Proteobacteria,Alphaproteobacteria,Rhizobiales,Beijerinckiaceae,Methylobacterium,ASV3144
ASV3145,Proteobacteria,Alphaproteobacteria,Rhizobiales,ASV3145,ASV3145,ASV3145
ASV3146,Proteobacteria,Alphaproteobacteria,Rhizobiales,Methyloligellaceae,ASV3146,ASV3146
ASV3147,Proteobacteria,Gammaproteobacteria,SAR86_clade,ASV3147,ASV3147,ASV3147
ASV3148,Proteobacteria,Gammaproteobacteria,KI89A_clade,ASV3148,ASV3148,ASV3148
ASV3149,Proteobacteria,Deltaproteobacteria,Myxococcales,Sandaracinaceae,ASV3149,ASV3149
ASV3150,Proteobacteria,Gammaproteobacteria,Salinisphaerales,Solimonadaceae,Nevskia,ASV3150
ASV3151,Proteobacteria,Deltaproteobacteria,Bdellovibrionales,Bacteriovoracaceae,Peredibacter,ASV3151
ASV3152,Firmicutes,Bacilli,Bacillales,Bacillaceae,Geobacillus,ASV3152
ASV3153,Firmicutes,Bacilli,Bacillales,Bacillaceae,Bacillus,ASV3153
ASV3154,Firmicutes,Erysipelotrichia,Erysipelotrichales,Erysipelotrichaceae,Turicibacter,ASV3154
ASV3155,Proteobacteria,Alphaproteobacteria,ASV3155,ASV3155,ASV3155,ASV3155
ASV3156,Proteobacteria,Deltaproteobacteria,Myxococcales,Nannocystaceae,Nannocystis,ASV3156
ASV3157,Firmicutes,Clostridia,Clostridiales,Family_XI,Peptoniphilus,ASV3157
ASV3158,Firmicutes,Clostridia,Clostridiales,Clostridiaceae_4,Paramaledivibacter,ASV3158
ASV3159,Firmicutes,Bacilli,Lactobacillales,Streptococcaceae,Streptococcus,ASV3159
ASV3160,Proteobacteria,Deltaproteobacteria,Myxococcales,Sandaracinaceae,ASV3160,ASV3160
ASV3161,Proteobacteria,Alphaproteobacteria,Sphingomonadales,Sphingomonadaceae,Sphingomonas,ASV3161
ASV3162,Proteobacteria,Alphaproteobacteria,Sphingomonadales,Sphingomonadaceae,Sphingomonas,ASV3162
ASV3163,Dependentiae,Babeliae,Babeliales,ASV3163,ASV3163,ASV3163
ASV3164,Dependentiae,Babeliae,Babeliales,UBA12409,ASV3164,ASV3164
ASV3165,Dependentiae,Babeliae,Babeliales,ASV3165,ASV3165,ASV3165
ASV3166,Bacteroidetes,Bacteroidia,Bacteroidales,Marinifilaceae,Marinifilum,ASV3166
ASV3167,Planctomycetes,Phycisphaerae,CCM11a,ASV3167,ASV3167,ASV3167
ASV3168,Planctomycetes,Phycisphaerae,Phycisphaerales,Phycisphaeraceae,SM1A02,ASV3168
ASV3169,Planctomycetes,Phycisphaerae,Phycisphaerales,Phycisphaeraceae,SM1A02,ASV3169
ASV3170,Proteobacteria,Alphaproteobacteria,Rhizobiales,Stappiaceae,ASV3170,ASV3170
ASV3171,Proteobacteria,Alphaproteobacteria,Rhizobiales,Stappiaceae,Labrenzia,ASV3171
ASV3172,Proteobacteria,Alphaproteobacteria,Parvibaculales,ASV3172,ASV3172,ASV3172
ASV3173,Gemmatimonadetes,BD2-11_terrestrial_group,ASV3173,ASV3173,ASV3173,ASV3173
ASV3174,Entotheonellaeota,Entotheonellia,Entotheonellales,Entotheonellaceae,Candidatus_Entotheonella,ASV3174
ASV3175,Bacteroidetes,Bacteroidia,Flavobacteriales,Flavobacteriaceae,ASV3175,ASV3175
ASV3176,Proteobacteria,Gammaproteobacteria,Pseudomonadales,Pseudomonadaceae,Pseudomonas,ASV3176
ASV3177,Proteobacteria,Gammaproteobacteria,Oceanospirillales,Pseudohongiellaceae,Pseudohongiella,ASV3177
ASV3178,Proteobacteria,Gammaproteobacteria,Oceanospirillales,Halomonadaceae,Cobetia,ASV3178
ASV3179,Proteobacteria,Gammaproteobacteria,Legionellales,Legionellaceae,Legionella,ASV3179
ASV3180,Proteobacteria,Deltaproteobacteria,Desulfobacterales,Desulfobulbaceae,ASV3180,ASV3180
ASV3181,Proteobacteria,Gammaproteobacteria,Oceanospirillales,Halomonadaceae,Halomonas,ASV3181
ASV3182,Proteobacteria,Gammaproteobacteria,Cellvibrionales,Halieaceae,Pseudohaliea,ASV3182
ASV3183,Proteobacteria,Gammaproteobacteria,Alteromonadales,Pseudoalteromonadaceae,Algicola,ASV3183
ASV3184,Proteobacteria,Gammaproteobacteria,Alteromonadales,Pseudoalteromonadaceae,Algicola,ASV3184
ASV3185,Proteobacteria,Gammaproteobacteria,Cellvibrionales,Halieaceae,Halioglobus,ASV3185
ASV3186,Proteobacteria,Gammaproteobacteria,Cellvibrionales,Halieaceae,Parahaliea,ASV3186
ASV3187,Proteobacteria,Gammaproteobacteria,Cellvibrionales,Cellvibrionaceae,Aestuariicella,ASV3187
ASV3188,Proteobacteria,Alphaproteobacteria,Caulobacterales,Hyphomonadaceae,Hyphobacterium,ASV3188
ASV3189,Bacteroidetes,Bacteroidia,Flavobacteriales,Flavobacteriaceae,ASV3189,ASV3189
ASV3190,Bacteroidetes,Bacteroidia,Cytophagales,Cyclobacteriaceae,ASV3190,ASV3190
ASV3191,Proteobacteria,Gammaproteobacteria,Oceanospirillales,Nitrincolaceae,Marinobacterium,ASV3191
ASV3192,Proteobacteria,Gammaproteobacteria,Vibrionales,Vibrionaceae,Grimontia,ASV3192
ASV3193,Proteobacteria,Gammaproteobacteria,Vibrionales,Vibrionaceae,Grimontia,ASV3193
ASV3194,Proteobacteria,Gammaproteobacteria,Vibrionales,Vibrionaceae,ASV3194,ASV3194
ASV3195,Proteobacteria,Gammaproteobacteria,Vibrionales,Vibrionaceae,Catenococcus,ASV3195
ASV3196,ASV3196,ASV3196,ASV3196,ASV3196,ASV3196,ASV3196
ASV3197,Proteobacteria,Gammaproteobacteria,Alteromonadales,Shewanellaceae,Ferrimonas,ASV3197
ASV3198,Proteobacteria,Deltaproteobacteria,Bdellovibrionales,Bacteriovoracaceae,ASV3198,ASV3198
ASV3199,Proteobacteria,Deltaproteobacteria,Bdellovibrionales,Bacteriovoracaceae,ASV3199,ASV3199
ASV3200,Proteobacteria,Alphaproteobacteria,Micavibrionales,Micavibrionaceae,ASV3200,ASV3200
ASV3201,Proteobacteria,Alphaproteobacteria,Micavibrionales,ASV3201,ASV3201,ASV3201
ASV3202,Proteobacteria,ASV3202,ASV3202,ASV3202,ASV3202,ASV3202
ASV3203,Proteobacteria,Deltaproteobacteria,Bradymonadales,ASV3203,ASV3203,ASV3203
ASV3204,Actinobacteria,Actinobacteria,Pseudonocardiales,Pseudonocardiaceae,Pseudonocardia,ASV3204
ASV3205,Actinobacteria,Acidimicrobiia,Microtrichales,Microtrichaceae,Sva0996_marine_group,ASV3205
ASV3206,Actinobacteria,Actinobacteria,Frankiales,Geodermatophilaceae,Geodermatophilus,ASV3206
ASV3207,Actinobacteria,Acidimicrobiia,Actinomarinales,ASV3207,ASV3207,ASV3207
ASV3208,Spirochaetes,Spirochaetia,Spirochaetales,Spirochaetaceae,ASV3208,ASV3208
ASV3209,Proteobacteria,Gammaproteobacteria,Diplorickettsiales,Diplorickettsiaceae,ASV3209,ASV3209
ASV3210,Proteobacteria,Alphaproteobacteria,Rickettsiales,Anaplasmataceae,ASV3210,ASV3210
ASV3211,ASV3211,ASV3211,ASV3211,ASV3211,ASV3211,ASV3211
ASV3212,Proteobacteria,Gammaproteobacteria,Vibrionales,Vibrionaceae,ASV3212,ASV3212
ASV3213,Proteobacteria,Gammaproteobacteria,Legionellales,Legionellaceae,Legionella,ASV3213
ASV3214,Proteobacteria,Deltaproteobacteria,ASV3214,ASV3214,ASV3214,ASV3214
ASV3215,Proteobacteria,Alphaproteobacteria,Rickettsiales,Mitochondria,ASV3215,ASV3215
ASV3216,Proteobacteria,Alphaproteobacteria,Micavibrionales,ASV3216,ASV3216,ASV3216
ASV3217,Actinobacteria,Actinobacteria,Corynebacteriales,Dietziaceae,Dietzia,ASV3217
ASV3218,Actinobacteria,Actinobacteria,Micrococcales,Micrococcaceae,Glutamicibacter,ASV3218
ASV3219,Actinobacteria,Actinobacteria,Micrococcales,Micrococcaceae,Micrococcus,ASV3219
ASV3220,Actinobacteria,Actinobacteria,Micrococcales,Micrococcaceae,Arthrobacter,ASV3220
ASV3221,Actinobacteria,Acidimicrobiia,Microtrichales,Microtrichaceae,Sva0996_marine_group,ASV3221
ASV3222,Actinobacteria,Actinobacteria,Micrococcales,Dermacoccaceae,Kytococcus,ASV3222
ASV3223,Omnitrophicaeota,ASV3223,ASV3223,ASV3223,ASV3223,ASV3223
ASV3224,Omnitrophicaeota,ASV3224,ASV3224,ASV3224,ASV3224,ASV3224
ASV3226,Planctomycetes,OM190,ASV3226,ASV3226,ASV3226,ASV3226
ASV3227,Planctomycetes,Planctomycetacia,Planctomycetales,Gimesiaceae,ASV3227,ASV3227
ASV3228,Chlamydiae,Chlamydiae,Chlamydiales,Parachlamydiaceae,Neochlamydia,ASV3228
ASV3229,Bacteroidetes,Bacteroidia,Bacteroidales,Rikenellaceae,ASV3229,ASV3229
ASV3230,Bacteroidetes,Bacteroidia,Flavobacteriales,Flavobacteriaceae,Psychroflexus,ASV3230
ASV3231,Cyanobacteria,Oxyphotobacteria,Chloroplast,ASV3231,ASV3231,ASV3231
ASV3232,Cyanobacteria,Oxyphotobacteria,Chloroplast,ASV3232,ASV3232,ASV3232
ASV3233,Patescibacteria,Gracilibacteria,Absconditabacteriales_(SR1),ASV3233,ASV3233,ASV3233
ASV3234,Bacteroidetes,Bacteroidia,Bacteroidales,Dysgonomonadaceae,Dysgonomonas,ASV3234
ASV3235,Proteobacteria,Alphaproteobacteria,Rhodobacterales,Rhodobacteraceae,ASV3235,ASV3235
ASV3236,Proteobacteria,Alphaproteobacteria,Rhodobacterales,Rhodobacteraceae,Leisingera,ASV3236
ASV3237,Proteobacteria,Alphaproteobacteria,Rhodobacterales,Rhodobacteraceae,Silicimonas,ASV3237
ASV3238,Proteobacteria,Alphaproteobacteria,Rhodobacterales,Rhodobacteraceae,Tropicimonas,ASV3238
ASV3239,Proteobacteria,Alphaproteobacteria,Rhodobacterales,Rhodobacteraceae,ASV3239,ASV3239
ASV3240,Proteobacteria,Alphaproteobacteria,Caulobacterales,Hyphomonadaceae,Hyphomonas,ASV3240
ASV3241,Proteobacteria,Deltaproteobacteria,Oligoflexales,Oligoflexaceae,Pseudobacteriovorax,ASV3241
ASV3242,Proteobacteria,Gammaproteobacteria,Alteromonadales,Alteromonadaceae,Alteromonas,ASV3242
ASV3243,Proteobacteria,Gammaproteobacteria,Alteromonadales,Alteromonadaceae,ASV3243,ASV3243
ASV3244,ASV3244,ASV3244,ASV3244,ASV3244,ASV3244,ASV3244
ASV3245,Actinobacteria,Actinobacteria,Micrococcales,Microbacteriaceae,Microbacterium,ASV3245
ASV3246,Bacteroidetes,Bacteroidia,Flavobacteriales,Flavobacteriaceae,Mesonia,ASV3246
ASV3247,Proteobacteria,Gammaproteobacteria,ASV3247,ASV3247,ASV3247,ASV3247
ASV3248,Bacteroidetes,Bacteroidia,Chitinophagales,Chitinophagaceae,ASV3248,ASV3248
ASV3249,Bacteroidetes,Bacteroidia,Chitinophagales,ASV3249,ASV3249,ASV3249
ASV3250,Bacteroidetes,Bacteroidia,Chitinophagales,Saprospiraceae,ASV3250,ASV3250
ASV3251,Proteobacteria,Alphaproteobacteria,ASV3251,ASV3251,ASV3251,ASV3251
ASV3252,Epsilonbacteraeota,Campylobacteria,Campylobacterales,Arcobacteraceae,Arcobacter,ASV3252
ASV3253,Epsilonbacteraeota,Campylobacteria,Campylobacterales,Arcobacteraceae,Arcobacter,ASV3253
ASV3254,Proteobacteria,Gammaproteobacteria,ASV3254,ASV3254,ASV3254,ASV3254
ASV3255,Proteobacteria,Gammaproteobacteria,Betaproteobacteriales,Neisseriaceae,Neisseria,ASV3255
ASV3256,Proteobacteria,Gammaproteobacteria,Betaproteobacteriales,Nitrosomonadaceae,oc32,ASV3256
ASV3257,Proteobacteria,Alphaproteobacteria,Tistrellales,Geminicoccaceae,Candidatus_Alysiosphaera,ASV3257
ASV3258,Bacteroidetes,Bacteroidia,Chitinophagales,Saprospiraceae,Phaeodactylibacter,ASV3258
ASV3259,Proteobacteria,Gammaproteobacteria,Betaproteobacteriales,Burkholderiaceae,ASV3259,ASV3259
ASV3260,Proteobacteria,Deltaproteobacteria,Bdellovibrionales,Bdellovibrionaceae,Bdellovibrio,ASV3260
ASV3261,Actinobacteria,Acidimicrobiia,Actinomarinales,ASV3261,ASV3261,ASV3261
ASV3262,Proteobacteria,Deltaproteobacteria,Bdellovibrionales,Bacteriovoracaceae,Peredibacter,ASV3262
ASV3263,Proteobacteria,Alphaproteobacteria,Rhodobacterales,Rhodobacteraceae,ASV3263,ASV3263
ASV3264,Proteobacteria,Alphaproteobacteria,Rhodobacterales,Rhodobacteraceae,Actibacterium,ASV3264
ASV3265,Proteobacteria,Alphaproteobacteria,Rhizobiales,Beijerinckiaceae,Methylobacterium,ASV3265
ASV3266,Proteobacteria,Alphaproteobacteria,Puniceispirillales,SAR116_clade,ASV3266,ASV3266
ASV3267,Proteobacteria,Gammaproteobacteria,KI89A_clade,ASV3267,ASV3267,ASV3267
ASV3268,Proteobacteria,Alphaproteobacteria,ASV3268,ASV3268,ASV3268,ASV3268
ASV3269,Proteobacteria,Alphaproteobacteria,Caulobacterales,Parvularculaceae,Amphiplicatus,ASV3269
ASV3270,Proteobacteria,Alphaproteobacteria,Rickettsiales,Rickettsiaceae,ASV3270,ASV3270
ASV3271,Proteobacteria,Deltaproteobacteria,Bdellovibrionales,Bacteriovoracaceae,Peredibacter,ASV3271
ASV3272,Proteobacteria,Alphaproteobacteria,Rickettsiales,ASV3272,ASV3272,ASV3272
ASV3273,Proteobacteria,Alphaproteobacteria,Rhodobacterales,Rhodobacteraceae,Oceanicella,ASV3273
ASV3274,Firmicutes,Bacilli,Bacillales,Family_XII,Exiguobacterium,ASV3274
ASV3275,Proteobacteria,Alphaproteobacteria,Kordiimonadales,Kordiimonadaceae,Kordiimonas,ASV3275
ASV3276,Proteobacteria,Alphaproteobacteria,Rhodobacterales,Rhodobacteraceae,ASV3276,ASV3276
ASV3277,Proteobacteria,Alphaproteobacteria,Caulobacterales,ASV3277,ASV3277,ASV3277
ASV3278,Proteobacteria,Alphaproteobacteria,Sphingomonadales,Sphingomonadaceae,Novosphingobium,ASV3278
ASV3279,Dependentiae,Babeliae,Babeliales,ASV3279,ASV3279,ASV3279
ASV3280,Proteobacteria,Alphaproteobacteria,Rhodobacterales,Rhodobacteraceae,ASV3280,ASV3280
ASV3281,Proteobacteria,Deltaproteobacteria,Oligoflexales,Oligoflexaceae,ASV3281,ASV3281
ASV3282,Fusobacteria,Fusobacteriia,Fusobacteriales,Fusobacteriaceae,Fusobacterium,ASV3282
ASV3283,Bacteroidetes,Bacteroidia,Sphingobacteriales,ASV3283,ASV3283,ASV3283
ASV3284,Proteobacteria,Alphaproteobacteria,Caulobacterales,Hyphomonadaceae,Oceanicaulis,ASV3284
ASV3285,Proteobacteria,Alphaproteobacteria,Rhodospirillales,ASV3285,ASV3285,ASV3285
ASV3286,Proteobacteria,Alphaproteobacteria,Rhodospirillales,ASV3286,ASV3286,ASV3286
ASV3287,Bacteroidetes,Bacteroidia,Flavobacteriales,Flavobacteriaceae,Gilvibacter,ASV3287
ASV3288,Bacteroidetes,Bacteroidia,Flavobacteriales,Flavobacteriaceae,ASV3288,ASV3288
ASV3289,Bacteroidetes,Bacteroidia,Flavobacteriales,Flavobacteriaceae,ASV3289,ASV3289
ASV3290,Bacteroidetes,Bacteroidia,Flavobacteriales,Flavobacteriaceae,Flavobacterium,ASV3290
ASV3291,Proteobacteria,Alphaproteobacteria,Rhizobiales,Labraceae,Labrys,ASV3291
ASV3292,Proteobacteria,Alphaproteobacteria,Caulobacterales,Hyphomonadaceae,Glycocaulis,ASV3292
ASV3293,Actinobacteria,Thermoleophilia,Gaiellales,ASV3293,ASV3293,ASV3293
ASV3294,Proteobacteria,Deltaproteobacteria,ASV3294,ASV3294,ASV3294,ASV3294
ASV3295,Proteobacteria,Deltaproteobacteria,Oligoflexales,0319-6G20,ASV3295,ASV3295
ASV3296,Bacteroidetes,Bacteroidia,Flavobacteriales,Flavobacteriaceae,NS5_marine_group,ASV3296
ASV3297,Proteobacteria,Gammaproteobacteria,Oceanospirillales,Pseudohongiellaceae,Pseudohongiella,ASV3297
ASV3298,Proteobacteria,Gammaproteobacteria,Pseudomonadales,ASV3298,ASV3298,ASV3298
ASV3299,Proteobacteria,Deltaproteobacteria,Desulfobacterales,Desulfobulbaceae,Desulfofustis,ASV3299
ASV3300,Proteobacteria,Alphaproteobacteria,Rhodospirillales,Terasakiellaceae,ASV3300,ASV3300
ASV3301,Proteobacteria,Gammaproteobacteria,Oceanospirillales,SS1-B-06-26,ASV3301,ASV3301
ASV3302,Proteobacteria,Gammaproteobacteria,Oceanospirillales,Halomonadaceae,Chromohalobacter,ASV3302
ASV3303,Proteobacteria,Gammaproteobacteria,Alteromonadales,Pseudoalteromonadaceae,Pseudoalteromonas,ASV3303
ASV3304,Proteobacteria,Gammaproteobacteria,Oceanospirillales,Alcanivoracaceae,Alcanivorax,ASV3304
ASV3305,Bacteroidetes,Bacteroidia,Flavobacteriales,Flavobacteriaceae,ASV3305,ASV3305
ASV3306,Bacteroidetes,Bacteroidia,Flavobacteriales,Flavobacteriaceae,ASV3306,ASV3306
ASV3307,Bacteroidetes,Bacteroidia,Flavobacteriales,Flavobacteriaceae,Mesoflavibacter,ASV3307
ASV3308,Proteobacteria,Gammaproteobacteria,Vibrionales,Vibrionaceae,ASV3308,ASV3308
ASV3309,Proteobacteria,Alphaproteobacteria,Puniceispirillales,SAR116_clade,ASV3309,ASV3309
ASV3310,Proteobacteria,Alphaproteobacteria,Rhodospirillales,Terasakiellaceae,Aestuariispira,ASV3310
ASV3311,Planctomycetes,Phycisphaerae,Phycisphaerales,Phycisphaeraceae,SM1A02,ASV3311
ASV3312,Proteobacteria,ASV3312,ASV3312,ASV3312,ASV3312,ASV3312
ASV3313,Proteobacteria,Alphaproteobacteria,Rhodospirillales,Terasakiellaceae,ASV3313,ASV3313
ASV3314,Proteobacteria,Deltaproteobacteria,ASV3314,ASV3314,ASV3314,ASV3314
ASV3315,ASV3315,ASV3315,ASV3315,ASV3315,ASV3315,ASV3315
ASV3316,Proteobacteria,Deltaproteobacteria,Oligoflexales,Oligoflexaceae,ASV3316,ASV3316
ASV3317,Patescibacteria,Saccharimonadia,Saccharimonadales,ASV3317,ASV3317,ASV3317
ASV3318,Patescibacteria,Saccharimonadia,Saccharimonadales,ASV3318,ASV3318,ASV3318
ASV3319,Proteobacteria,Gammaproteobacteria,ASV3319,ASV3319,ASV3319,ASV3319
ASV3320,Proteobacteria,Alphaproteobacteria,Rhizobiales,ASV3320,ASV3320,ASV3320
ASV3321,Proteobacteria,Gammaproteobacteria,Diplorickettsiales,Diplorickettsiaceae,Aquicella,ASV3321
ASV3322,Proteobacteria,Gammaproteobacteria,Diplorickettsiales,Diplorickettsiaceae,Aquicella,ASV3322
ASV3323,Proteobacteria,Gammaproteobacteria,Francisellales,Francisellaceae,Fangia,ASV3323
ASV3324,Proteobacteria,Deltaproteobacteria,Myxococcales,Nannocystaceae,Nannocystis,ASV3324
ASV3325,Proteobacteria,Alphaproteobacteria,Paracaedibacterales,Paracaedibacteraceae,Candidatus_Odyssella,ASV3325
ASV3326,Bacteroidetes,Rhodothermia,Balneolales,Balneolaceae,Balneola,ASV3326
ASV3327,Acidobacteria,Thermoanaerobaculia,Thermoanaerobaculales,Thermoanaerobaculaceae,Subgroup_10,ASV3327
ASV3328,Proteobacteria,Gammaproteobacteria,ASV3328,ASV3328,ASV3328,ASV3328
ASV3329,Proteobacteria,Gammaproteobacteria,ASV3329,ASV3329,ASV3329,ASV3329
ASV3330,Proteobacteria,Gammaproteobacteria,Oceanospirillales,ASV3330,ASV3330,ASV3330
ASV3331,Proteobacteria,Gammaproteobacteria,Pasteurellales,Pasteurellaceae,Haemophilus,ASV3331
ASV3333,Firmicutes,Clostridia,Clostridiales,Ruminococcaceae,ASV3333,ASV3333
ASV3334,Proteobacteria,Alphaproteobacteria,SAR11_clade,Clade_II,ASV3334,ASV3334
ASV3335,Actinobacteria,Acidimicrobiia,Microtrichales,Microtrichaceae,ASV3335,ASV3335
ASV3336,Actinobacteria,Actinobacteria,Micrococcales,Micrococcaceae,Arthrobacter,ASV3336
ASV3337,Actinobacteria,Actinobacteria,Micrococcales,Intrasporangiaceae,Janibacter,ASV3337
ASV3338,Planctomycetes,Planctomycetacia,Planctomycetales,Schlesneriaceae,Schlesneria,ASV3338
ASV3339,Planctomycetes,Planctomycetacia,ASV3339,ASV3339,ASV3339,ASV3339
ASV3340,Chlamydiae,Chlamydiae,Chlamydiales,Parachlamydiaceae,ASV3340,ASV3340
ASV3341,Planctomycetes,Planctomycetacia,Pirellulales,Pirellulaceae,ASV3341,ASV3341
ASV3342,Planctomycetes,Planctomycetacia,Pirellulales,Pirellulaceae,Pir4_lineage,ASV3342
ASV3343,Planctomycetes,Planctomycetacia,Pirellulales,Pirellulaceae,Pir4_lineage,ASV3343
ASV3344,Planctomycetes,Planctomycetacia,Planctomycetales,Rubinisphaeraceae,Rubinisphaera,ASV3344
ASV3345,Verrucomicrobia,Verrucomicrobiae,Verrucomicrobiales,DEV007,ASV3345,ASV3345
ASV3346,Proteobacteria,Alphaproteobacteria,Micavibrionales,Micavibrionaceae,ASV3346,ASV3346
ASV3347,Firmicutes,Clostridia,Clostridiales,Family_XII,Fusibacter,ASV3347
ASV3348,Proteobacteria,Alphaproteobacteria,ASV3348,ASV3348,ASV3348,ASV3348
ASV3349,Proteobacteria,Deltaproteobacteria,SAR324_clade(Marine_group_B),ASV3349,ASV3349,ASV3349
ASV3350,Proteobacteria,Deltaproteobacteria,SAR324_clade(Marine_group_B),ASV3350,ASV3350,ASV3350
ASV3351,Proteobacteria,Alphaproteobacteria,Rhodobacterales,Rhodobacteraceae,ASV3351,ASV3351
ASV3352,Proteobacteria,Alphaproteobacteria,Rhodobacterales,Rhodobacteraceae,Roseibacterium,ASV3352
ASV3353,Proteobacteria,Alphaproteobacteria,Rhodobacterales,Rhodobacteraceae,Silicimonas,ASV3353
ASV3354,Proteobacteria,Alphaproteobacteria,Rhodobacterales,Rhodobacteraceae,Aestuariivita,ASV3354
ASV3355,Proteobacteria,Alphaproteobacteria,Rhodobacterales,Rhodobacteraceae,Nautella,ASV3355
ASV3356,Proteobacteria,Alphaproteobacteria,Rhodobacterales,Rhodobacteraceae,ASV3356,ASV3356
ASV3357,Proteobacteria,Alphaproteobacteria,Rhodobacterales,Rhodobacteraceae,ASV3357,ASV3357
ASV3358,Proteobacteria,Alphaproteobacteria,Rhodobacterales,Rhodobacteraceae,ASV3358,ASV3358
ASV3359,Proteobacteria,Alphaproteobacteria,Rhodobacterales,Rhodobacteraceae,ASV3359,ASV3359
ASV3360,Proteobacteria,Alphaproteobacteria,Caulobacterales,Hyphomonadaceae,ASV3360,ASV3360
ASV3361,Proteobacteria,Alphaproteobacteria,Caulobacterales,Hyphomonadaceae,ASV3361,ASV3361
ASV3362,Proteobacteria,Alphaproteobacteria,Caulobacterales,Hyphomonadaceae,ASV3362,ASV3362
ASV3363,Proteobacteria,Gammaproteobacteria,Alteromonadales,Alteromonadaceae,XY-R5,ASV3363
ASV3364,Proteobacteria,Gammaproteobacteria,Alteromonadales,Alteromonadaceae,Alteromonas,ASV3364
ASV3365,Actinobacteria,Actinobacteria,Propionibacteriales,Nocardioidaceae,Nocardioides,ASV3365
ASV3366,Proteobacteria,Gammaproteobacteria,ASV3366,ASV3366,ASV3366,ASV3366
ASV3367,Dependentiae,Babeliae,Babeliales,ASV3367,ASV3367,ASV3367
ASV3368,Bacteroidetes,Bacteroidia,Chitinophagales,ASV3368,ASV3368,ASV3368
ASV3369,Proteobacteria,Gammaproteobacteria,Gammaproteobacteria_Incertae_Sedis,Unknown_Family,ASV3369,ASV3369
ASV3370,Proteobacteria,Alphaproteobacteria,ASV3370,ASV3370,ASV3370,ASV3370
ASV3371,Patescibacteria,Gracilibacteria,JGI_0000069-P22,ASV3371,ASV3371,ASV3371
ASV3372,Patescibacteria,Gracilibacteria,JGI_0000069-P22,ASV3372,ASV3372,ASV3372
ASV3373,Patescibacteria,Gracilibacteria,JGI_0000069-P22,ASV3373,ASV3373,ASV3373
ASV3374,Proteobacteria,Gammaproteobacteria,Xanthomonadales,Rhodanobacteraceae,Dokdonella,ASV3374
ASV3375,Proteobacteria,Gammaproteobacteria,Betaproteobacteriales,Burkholderiaceae,ASV3375,ASV3375
ASV3376,Proteobacteria,Gammaproteobacteria,Betaproteobacteriales,Nitrosomonadaceae,oc32,ASV3376
ASV3377,Proteobacteria,Alphaproteobacteria,Tistrellales,Geminicoccaceae,Candidatus_Alysiosphaera,ASV3377
ASV3378,Bacteroidetes,Bacteroidia,Chitinophagales,Saprospiraceae,Lewinella,ASV3378
ASV3379,Patescibacteria,Parcubacteria,Candidatus_Kaiserbacteria,ASV3379,ASV3379,ASV3379
ASV3380,Bacteroidetes,Bacteroidia,Chitinophagales,ASV3380,ASV3380,ASV3380
ASV3381,Actinobacteria,Acidimicrobiia,Actinomarinales,ASV3381,ASV3381,ASV3381
ASV3382,Firmicutes,Negativicutes,Selenomonadales,Veillonellaceae,Dialister,ASV3382
ASV3383,Firmicutes,Clostridia,Clostridiales,Family_XII,Fusibacter,ASV3383
ASV3384,Proteobacteria,Alphaproteobacteria,Rhodobacterales,Rhodobacteraceae,ASV3384,ASV3384
ASV3385,Proteobacteria,Alphaproteobacteria,Rhodobacterales,Rhodobacteraceae,ASV3385,ASV3385
ASV3386,Proteobacteria,Alphaproteobacteria,Rhodobacterales,Rhodobacteraceae,ASV3386,ASV3386
ASV3387,Proteobacteria,Alphaproteobacteria,Rhizobiales,ASV3387,ASV3387,ASV3387
ASV3388,Proteobacteria,Deltaproteobacteria,Bdellovibrionales,Bdellovibrionaceae,OM27_clade,ASV3388
ASV3389,Proteobacteria,Alphaproteobacteria,Rhizobiales,Rhizobiaceae,Cohaesibacter,ASV3389
ASV3390,Proteobacteria,Deltaproteobacteria,Bdellovibrionales,Bdellovibrionaceae,OM27_clade,ASV3390
ASV3391,Proteobacteria,Alphaproteobacteria,Rhizobiales,Rhizobiales_Incertae_Sedis,Anderseniella,ASV3391
ASV3392,Proteobacteria,Alphaproteobacteria,Alphaproteobacteria_Incertae_Sedis,Unknown_Family,Acuticoccus,ASV3392
ASV3393,Proteobacteria,Gammaproteobacteria,AT-s2-59,ASV3393,ASV3393,ASV3393
ASV3394,Proteobacteria,Gammaproteobacteria,ASV3394,ASV3394,ASV3394,ASV3394
ASV3395,Proteobacteria,Alphaproteobacteria,Sphingomonadales,Sphingomonadaceae,Sandarakinorhabdus,ASV3395
ASV3396,Proteobacteria,Alphaproteobacteria,Caulobacterales,Hyphomonadaceae,Oceanicaulis,ASV3396
ASV3397,Proteobacteria,Alphaproteobacteria,Caulobacterales,Hyphomonadaceae,Maricaulis,ASV3397
ASV3398,Proteobacteria,Alphaproteobacteria,Caulobacterales,Hyphomonadaceae,Maricaulis,ASV3398
ASV3399,Actinobacteria,Thermoleophilia,Solirubrobacterales,ASV3399,ASV3399,ASV3399
ASV3400,Proteobacteria,Alphaproteobacteria,Caulobacterales,Parvularculaceae,ASV3400,ASV3400
ASV3401,Firmicutes,Clostridia,Clostridiales,Peptostreptococcaceae,Paraclostridium,ASV3401
ASV3402,Proteobacteria,Alphaproteobacteria,Rhodobacterales,Rhodobacteraceae,ASV3402,ASV3402
ASV3403,Firmicutes,Bacilli,Lactobacillales,Carnobacteriaceae,Dolosigranulum,ASV3403
ASV3404,Firmicutes,Bacilli,Bacillales,Family_XI,Gemella,ASV3404
ASV3405,Firmicutes,Bacilli,Lactobacillales,Streptococcaceae,Streptococcus,ASV3405
ASV3406,Firmicutes,Clostridia,Clostridiales,Family_XI,Ezakiella,ASV3406
ASV3407,Proteobacteria,Alphaproteobacteria,ASV3407,ASV3407,ASV3407,ASV3407
ASV3408,Proteobacteria,Alphaproteobacteria,Sphingomonadales,Sphingomonadaceae,Sphingorhabdus,ASV3408
ASV3409,Bacteroidetes,Bacteroidia,Bacteroidales,Prolixibacteraceae,BSV13,ASV3409
ASV3410,Dependentiae,Babeliae,Babeliales,Babeliaceae,ASV3410,ASV3410
ASV3411,Bacteroidetes,Bacteroidia,Cytophagales,Cyclobacteriaceae,ASV3411,ASV3411
ASV3412,Fusobacteria,Fusobacteriia,Fusobacteriales,Fusobacteriaceae,Fusobacterium,ASV3412
ASV3413,Bacteroidetes,Bacteroidia,Cytophagales,Cyclobacteriaceae,Persicobacter,ASV3413
ASV3414,Bacteroidetes,Bacteroidia,Flavobacteriales,Flavobacteriaceae,ASV3414,ASV3414
ASV3415,ASV3415,ASV3415,ASV3415,ASV3415,ASV3415,ASV3415
ASV3417,Proteobacteria,Alphaproteobacteria,Reyranellales,Reyranellaceae,Reyranella,ASV3417
ASV3418,Proteobacteria,Alphaproteobacteria,Rickettsiales,ASV3418,ASV3418,ASV3418
ASV3419,Proteobacteria,Alphaproteobacteria,Kordiimonadales,Kordiimonadaceae,Kordiimonas,ASV3419
ASV3420,Bacteroidetes,Bacteroidia,Flavobacteriales,Flavobacteriaceae,NS5_marine_group,ASV3420
ASV3421,Bacteroidetes,Bacteroidia,Flavobacteriales,Flavobacteriaceae,Flavimarina,ASV3421
ASV3422,Proteobacteria,Gammaproteobacteria,Pseudomonadales,Pseudomonadaceae,Pseudomonas,ASV3422
ASV3423,Proteobacteria,Gammaproteobacteria,Pseudomonadales,Pseudomonadaceae,Pseudomonas,ASV3423
ASV3424,Proteobacteria,Gammaproteobacteria,UBA10353_marine_group,ASV3424,ASV3424,ASV3424
ASV3425,Proteobacteria,Gammaproteobacteria,Alteromonadales,Pseudoalteromonadaceae,Algicola,ASV3425
ASV3426,Proteobacteria,Gammaproteobacteria,Cellvibrionales,ASV3426,ASV3426,ASV3426
ASV3427,Proteobacteria,Gammaproteobacteria,Cellvibrionales,Cellvibrionaceae,Pseudoteredinibacter,ASV3427
ASV3428,Bacteroidetes,Bacteroidia,Cytophagales,Cyclobacteriaceae,ASV3428,ASV3428
ASV3429,Proteobacteria,Gammaproteobacteria,Alteromonadales,Moritellaceae,Paramoritella,ASV3429
ASV3430,Proteobacteria,Gammaproteobacteria,Alteromonadales,Shewanellaceae,Shewanella,ASV3430
ASV3431,Proteobacteria,Gammaproteobacteria,Vibrionales,Vibrionaceae,Catenococcus,ASV3431
ASV3432,Proteobacteria,Gammaproteobacteria,Vibrionales,Vibrionaceae,Catenococcus,ASV3432
ASV3433,Bacteroidetes,Bacteroidia,Cytophagales,Amoebophilaceae,Candidatus_Amoebophilus,ASV3433
ASV3434,Proteobacteria,Gammaproteobacteria,ASV3434,ASV3434,ASV3434,ASV3434
ASV3435,Proteobacteria,Gammaproteobacteria,Vibrionales,Vibrionaceae,ASV3435,ASV3435
ASV3436,Planctomycetes,Phycisphaerae,Phycisphaerales,Phycisphaeraceae,SM1A02,ASV3436
ASV3437,Planctomycetes,Phycisphaerae,Phycisphaerales,Phycisphaeraceae,ASV3437,ASV3437
ASV3438,Proteobacteria,Deltaproteobacteria,Bdellovibrionales,Bacteriovoracaceae,ASV3438,ASV3438
ASV3439,Proteobacteria,Deltaproteobacteria,Bdellovibrionales,Bacteriovoracaceae,Peredibacter,ASV3439
ASV3440,Proteobacteria,Alphaproteobacteria,Rhodovibrionales,Kiloniellaceae,Tistlia,ASV3440
ASV3441,Actinobacteria,Acidimicrobiia,ASV3441,ASV3441,ASV3441,ASV3441
ASV3442,ASV3442,ASV3442,ASV3442,ASV3442,ASV3442,ASV3442
ASV3443,Actinobacteria,Acidimicrobiia,Microtrichales,Ilumatobacteraceae,Ilumatobacter,ASV3443
ASV3444,Patescibacteria,Saccharimonadia,Saccharimonadales,ASV3444,ASV3444,ASV3444
ASV3445,Proteobacteria,Alphaproteobacteria,Rhizobiales,Beijerinckiaceae,Methylobacterium,ASV3445
ASV3446,Proteobacteria,Gammaproteobacteria,ASV3446,ASV3446,ASV3446,ASV3446
ASV3447,Proteobacteria,Gammaproteobacteria,ASV3447,ASV3447,ASV3447,ASV3447
ASV3448,Proteobacteria,Gammaproteobacteria,Legionellales,Legionellaceae,ASV3448,ASV3448
ASV3449,Bacteroidetes,Bacteroidia,Sphingobacteriales,NS11-12_marine_group,ASV3449,ASV3449
ASV3450,Actinobacteria,Actinobacteria,Actinomycetales,Actinomycetaceae,Actinomyces,ASV3450
ASV3451,Euryarchaeota,Thermoplasmata,ASV3451,ASV3451,ASV3451,ASV3451
ASV3452,Actinobacteria,Actinobacteria,Corynebacteriales,Corynebacteriaceae,Corynebacterium_1,ASV3452
ASV3453,Actinobacteria,Acidimicrobiia,Microtrichales,Microtrichaceae,Sva0996_marine_group,ASV3453
ASV3454,Bacteroidetes,Bacteroidia,Flavobacteriales,Flavobacteriaceae,Maritimimonas,ASV3454
ASV3455,Proteobacteria,Deltaproteobacteria,Oligoflexales,0319-6G20,ASV3455,ASV3455
ASV3456,Planctomycetes,Pla3_lineage,ASV3456,ASV3456,ASV3456,ASV3456
ASV3457,Planctomycetes,OM190,ASV3457,ASV3457,ASV3457,ASV3457
ASV3458,Planctomycetes,OM190,ASV3458,ASV3458,ASV3458,ASV3458
ASV3459,Planctomycetes,Planctomycetacia,Planctomycetales,Rubinisphaeraceae,Planctomicrobium,ASV3459
ASV3460,Planctomycetes,Planctomycetacia,Pirellulales,Pirellulaceae,Blastopirellula,ASV3460
ASV3461,Planctomycetes,OM190,ASV3461,ASV3461,ASV3461,ASV3461
ASV3462,Chlamydiae,Chlamydiae,Chlamydiales,Simkaniaceae,ASV3462,ASV3462
ASV3463,Cyanobacteria,Oxyphotobacteria,Chloroplast,ASV3463,ASV3463,ASV3463
ASV3464,Chlamydiae,Chlamydiae,Chlamydiales,Chlamydiaceae,ASV3464,ASV3464
ASV3465,Chlamydiae,Chlamydiae,Chlamydiales,Parachlamydiaceae,Neochlamydia,ASV3465
ASV3466,Chlamydiae,Chlamydiae,Chlamydiales,Parachlamydiaceae,Candidatus_Protochlamydia,ASV3466
ASV3467,Proteobacteria,Deltaproteobacteria,Bdellovibrionales,Bdellovibrionaceae,Bdellovibrio,ASV3467
ASV3468,Proteobacteria,Alphaproteobacteria,Rickettsiales,Mitochondria,ASV3468,ASV3468
ASV3469,Proteobacteria,Alphaproteobacteria,Rhodobacterales,Rhodobacteraceae,Loktanella,ASV3469
ASV3470,Proteobacteria,Alphaproteobacteria,Rhodobacterales,Rhodobacteraceae,ASV3470,ASV3470
ASV3471,Proteobacteria,Alphaproteobacteria,Rhodobacterales,Rhodobacteraceae,ASV3471,ASV3471
ASV3472,Proteobacteria,Alphaproteobacteria,Rhodobacterales,Rhodobacteraceae,Roseobacter,ASV3472
ASV3473,Proteobacteria,Alphaproteobacteria,Caulobacterales,Hyphomonadaceae,ASV3473,ASV3473
ASV3474,Proteobacteria,Alphaproteobacteria,Caulobacterales,Hyphomonadaceae,ASV3474,ASV3474
ASV3475,Proteobacteria,Alphaproteobacteria,Caulobacterales,Hyphomonadaceae,Algimonas,ASV3475
ASV3476,Firmicutes,Clostridia,Clostridiales,Ruminococcaceae,Ruminococcaceae_UCG-014,ASV3476
ASV3477,Proteobacteria,Gammaproteobacteria,Alteromonadales,Alteromonadaceae,ASV3477,ASV3477
ASV3478,Proteobacteria,Gammaproteobacteria,Alteromonadales,Alteromonadaceae,ASV3478,ASV3478
ASV3479,Proteobacteria,ASV3479,ASV3479,ASV3479,ASV3479,ASV3479
ASV3480,Bacteroidetes,Bacteroidia,Cytophagales,Spirosomaceae,Pseudarcicella,ASV3480
ASV3481,ASV3481,ASV3481,ASV3481,ASV3481,ASV3481,ASV3481
ASV3482,ASV3482,ASV3482,ASV3482,ASV3482,ASV3482,ASV3482
ASV3483,Proteobacteria,Deltaproteobacteria,Desulfobacterales,Desulfobacteraceae,Desulfatibacillum,ASV3483
ASV3484,Proteobacteria,Deltaproteobacteria,Desulfobacterales,Desulfobacteraceae,Desulfosarcina,ASV3484
ASV3485,Proteobacteria,Gammaproteobacteria,ASV3485,ASV3485,ASV3485,ASV3485
ASV3486,Proteobacteria,Deltaproteobacteria,SAR324_clade(Marine_group_B),ASV3486,ASV3486,ASV3486
ASV3487,Proteobacteria,Alphaproteobacteria,Rickettsiales,Rickettsiaceae,ASV3487,ASV3487
ASV3488,Epsilonbacteraeota,Campylobacteria,Campylobacterales,Sulfurospirillaceae,Sulfurospirillum,ASV3488
ASV3489,Proteobacteria,Gammaproteobacteria,Xanthomonadales,Xanthomonadaceae,ASV3489,ASV3489
ASV3490,Proteobacteria,Gammaproteobacteria,Betaproteobacteriales,Burkholderiaceae,Pusillimonas,ASV3490
ASV3491,Proteobacteria,Gammaproteobacteria,Betaproteobacteriales,Rhodocyclaceae,Ferribacterium,ASV3491
ASV3492,Proteobacteria,Gammaproteobacteria,Betaproteobacteriales,Burkholderiaceae,ASV3492,ASV3492
ASV3493,Proteobacteria,Gammaproteobacteria,Betaproteobacteriales,Burkholderiaceae,Pelomonas,ASV3493
ASV3494,Proteobacteria,Gammaproteobacteria,Betaproteobacteriales,Methylophilaceae,MM2,ASV3494
ASV3495,Proteobacteria,Alphaproteobacteria,ASV3495,ASV3495,ASV3495,ASV3495
ASV3496,Proteobacteria,Alphaproteobacteria,Tistrellales,Geminicoccaceae,ASV3496,ASV3496
ASV3497,Bacteroidetes,Bacteroidia,Chitinophagales,Saprospiraceae,ASV3497,ASV3497
ASV3498,Patescibacteria,Gracilibacteria,Candidatus_Peregrinibacteria,ASV3498,ASV3498,ASV3498
ASV3499,Actinobacteria,Acidimicrobiia,Actinomarinales,ASV3499,ASV3499,ASV3499
ASV3500,Firmicutes,Clostridia,Clostridiales,Family_XII,Fusibacter,ASV3500
ASV3501,Proteobacteria,Alphaproteobacteria,Rhodobacterales,Rhodobacteraceae,ASV3501,ASV3501
ASV3502,Proteobacteria,Alphaproteobacteria,Rhodobacterales,Rhodobacteraceae,Rubellimicrobium,ASV3502
ASV3503,Proteobacteria,Alphaproteobacteria,Rhizobiales,Beijerinckiaceae,Microvirga,ASV3503
ASV3504,Proteobacteria,Alphaproteobacteria,Rhodobacterales,Rhodobacteraceae,ASV3504,ASV3504
ASV3505,Proteobacteria,Alphaproteobacteria,Rhodobacterales,Rhodobacteraceae,ASV3505,ASV3505
ASV3506,Proteobacteria,Alphaproteobacteria,Rhodobacterales,Rhodobacteraceae,Actibacterium,ASV3506
ASV3507,Proteobacteria,Alphaproteobacteria,Rhodobacterales,Rhodobacteraceae,Albimonas,ASV3507
ASV3508,Proteobacteria,Alphaproteobacteria,Rhodobacterales,Rhodobacteraceae,Rubrimonas,ASV3508
ASV3509,Proteobacteria,Alphaproteobacteria,Rhizobiales,Rhizobiaceae,Allorhizobium-Neorhizobium-Pararhizobium-Rhizobium,ASV3509
ASV3510,Proteobacteria,Gammaproteobacteria,SZB50,ASV3510,ASV3510,ASV3510
ASV3511,Proteobacteria,Gammaproteobacteria,Oceanospirillales,Litoricolaceae,Litoricola,ASV3511
ASV3512,Proteobacteria,Gammaproteobacteria,ASV3512,ASV3512,ASV3512,ASV3512
ASV3513,Proteobacteria,Gammaproteobacteria,ASV3513,ASV3513,ASV3513,ASV3513
ASV3514,Bacteroidetes,Bacteroidia,Cytophagales,Flammeovirgaceae,Flammeovirga,ASV3514
ASV3515,Proteobacteria,Deltaproteobacteria,Myxococcales,P3OB-42,ASV3515,ASV3515
ASV3516,Proteobacteria,Gammaproteobacteria,Nitrosococcales,Nitrosococcaceae,SZB85,ASV3516
ASV3517,Proteobacteria,Alphaproteobacteria,Caulobacterales,Parvularculaceae,ASV3517,ASV3517
ASV3518,Proteobacteria,Deltaproteobacteria,Bdellovibrionales,Bacteriovoracaceae,Peredibacter,ASV3518
ASV3519,Proteobacteria,Deltaproteobacteria,Bdellovibrionales,Bacteriovoracaceae,Peredibacter,ASV3519
ASV3520,Firmicutes,Bacilli,Bacillales,Planococcaceae,Planomicrobium,ASV3520
ASV3521,Proteobacteria,Deltaproteobacteria,Myxococcales,Nannocystaceae,ASV3521,ASV3521
ASV3522,Proteobacteria,Alphaproteobacteria,ASV3522,ASV3522,ASV3522,ASV3522
ASV3523,Proteobacteria,Deltaproteobacteria,Myxococcales,Nannocystaceae,Enhygromyxa,ASV3523
ASV3524,Firmicutes,Bacilli,Bacillales,Bacillaceae,Virgibacillus,ASV3524
ASV3525,Proteobacteria,Alphaproteobacteria,Rhodospirillales,Terasakiellaceae,Terasakiella,ASV3525
ASV3526,Proteobacteria,Alphaproteobacteria,ASV3526,ASV3526,ASV3526,ASV3526
ASV3527,Dependentiae,Babeliae,Babeliales,ASV3527,ASV3527,ASV3527
ASV3528,Bacteroidetes,Bacteroidia,Cytophagales,ASV3528,ASV3528,ASV3528
ASV3529,Proteobacteria,Alphaproteobacteria,Rhizobiales,Stappiaceae,Labrenzia,ASV3529
ASV3530,Bacteroidetes,Bacteroidia,Flavobacteriales,Flavobacteriaceae,Tenacibaculum,ASV3530
ASV3531,Proteobacteria,Deltaproteobacteria,Bdellovibrionales,Bdellovibrionaceae,Bdellovibrio,ASV3531
ASV3532,Bacteroidetes,Bacteroidia,Flavobacteriales,Flavobacteriaceae,ASV3532,ASV3532
ASV3533,Bacteroidetes,Bacteroidia,Flavobacteriales,Flavobacteriaceae,Aureicoccus,ASV3533
ASV3534,Proteobacteria,Alphaproteobacteria,Parvibaculales,Parvibaculaceae,Pyruvatibacter,ASV3534
ASV3535,Gemmatimonadetes,Longimicrobia,Longimicrobiales,Longimicrobiaceae,ASV3535,ASV3535
ASV3536,Gemmatimonadetes,BD2-11_terrestrial_group,ASV3536,ASV3536,ASV3536,ASV3536
ASV3537,Gemmatimonadetes,BD2-11_terrestrial_group,ASV3537,ASV3537,ASV3537,ASV3537
ASV3538,Proteobacteria,Deltaproteobacteria,PB19,ASV3538,ASV3538,ASV3538
ASV3539,Proteobacteria,Gammaproteobacteria,Pseudomonadales,ASV3539,ASV3539,ASV3539
ASV3540,Proteobacteria,Gammaproteobacteria,Alteromonadales,Colwelliaceae,Thalassotalea,ASV3540
ASV3541,Proteobacteria,Gammaproteobacteria,Legionellales,Legionellaceae,ASV3541,ASV3541
ASV3542,Proteobacteria,Gammaproteobacteria,Alteromonadales,Pseudoalteromonadaceae,Pseudoalteromonas,ASV3542
ASV3543,Proteobacteria,Gammaproteobacteria,Cellvibrionales,Halieaceae,Pseudohaliea,ASV3543
ASV3544,Proteobacteria,Gammaproteobacteria,Cellvibrionales,Halieaceae,Luminiphilus,ASV3544
ASV3545,Proteobacteria,Gammaproteobacteria,ASV3545,ASV3545,ASV3545,ASV3545
ASV3546,Proteobacteria,Gammaproteobacteria,Alteromonadales,Shewanellaceae,Shewanella,ASV3546
ASV3547,Proteobacteria,Gammaproteobacteria,Vibrionales,Vibrionaceae,Photobacterium,ASV3547
ASV3548,Proteobacteria,Gammaproteobacteria,Vibrionales,Vibrionaceae,Grimontia,ASV3548
ASV3549,Proteobacteria,Gammaproteobacteria,Vibrionales,Vibrionaceae,Catenococcus,ASV3549
ASV3550,ASV3550,ASV3550,ASV3550,ASV3550,ASV3550,ASV3550
ASV3551,Proteobacteria,Gammaproteobacteria,Vibrionales,Vibrionaceae,Vibrio,ASV3551
ASV3552,Proteobacteria,Gammaproteobacteria,Vibrionales,Vibrionaceae,Catenococcus,ASV3552
ASV3553,Proteobacteria,Deltaproteobacteria,Bdellovibrionales,Bacteriovoracaceae,ASV3553,ASV3553
ASV3554,Proteobacteria,Alphaproteobacteria,ASV3554,ASV3554,ASV3554,ASV3554
ASV3555,Proteobacteria,Alphaproteobacteria,Micavibrionales,Micavibrionaceae,ASV3555,ASV3555
ASV3556,Proteobacteria,Deltaproteobacteria,Bradymonadales,ASV3556,ASV3556,ASV3556
ASV3557,Proteobacteria,Deltaproteobacteria,Bradymonadales,ASV3557,ASV3557,ASV3557
ASV3558,Actinobacteria,Actinobacteria,Corynebacteriales,Nocardiaceae,ASV3558,ASV3558
ASV3559,Actinobacteria,Actinobacteria,Frankiales,ASV3559,ASV3559,ASV3559
ASV3560,Proteobacteria,Alphaproteobacteria,Rickettsiales,ASV3560,ASV3560,ASV3560
ASV3561,Proteobacteria,Gammaproteobacteria,Coxiellales,Coxiellaceae,Coxiella,ASV3561
ASV3562,Acidobacteria,Subgroup_26,ASV3562,ASV3562,ASV3562,ASV3562
ASV3563,Proteobacteria,Alphaproteobacteria,Paracaedibacterales,Paracaedibacteraceae,ASV3563,ASV3563
ASV3564,Proteobacteria,Gammaproteobacteria,CCM19a,ASV3564,ASV3564,ASV3564
ASV3565,Proteobacteria,Gammaproteobacteria,ASV3565,ASV3565,ASV3565,ASV3565
ASV3566,Proteobacteria,Alphaproteobacteria,Sphingomonadales,Sphingomonadaceae,ASV3566,ASV3566
ASV3567,Bacteroidetes,Bacteroidia,Flavobacteriales,NS9_marine_group,ASV3567,ASV3567
ASV3568,Proteobacteria,Deltaproteobacteria,Oligoflexales,Oligoflexaceae,ASV3568,ASV3568
ASV3569,Proteobacteria,Alphaproteobacteria,Paracaedibacterales,Paracaedibacteraceae,ASV3569,ASV3569
ASV3570,Calditrichaeota,Calditrichia,Calditrichales,Calditrichaceae,JdFR-76,ASV3570
ASV3571,Proteobacteria,Deltaproteobacteria,Oligoflexales,0319-6G20,ASV3571,ASV3571
ASV3572,Proteobacteria,Gammaproteobacteria,Legionellales,Legionellaceae,Legionella,ASV3572
ASV3573,Proteobacteria,Gammaproteobacteria,ASV3573,ASV3573,ASV3573,ASV3573
ASV3574,Proteobacteria,Alphaproteobacteria,SAR11_clade,Clade_III,ASV3574,ASV3574
ASV3575,Epsilonbacteraeota,Campylobacteria,Campylobacterales,ASV3575,ASV3575,ASV3575
ASV3576,Epsilonbacteraeota,Campylobacteria,Campylobacterales,ASV3576,ASV3576,ASV3576
ASV3577,Proteobacteria,Deltaproteobacteria,Myxococcales,Nannocystaceae,Plesiocystis,ASV3577
ASV3578,Proteobacteria,Alphaproteobacteria,Rickettsiales,Mitochondria,ASV3578,ASV3578
ASV3579,Actinobacteria,Actinobacteria,Micrococcales,Micrococcaceae,Arthrobacter,ASV3579
ASV3580,Actinobacteria,Acidimicrobiia,Microtrichales,Microtrichaceae,Sva0996_marine_group,ASV3580
ASV3581,Proteobacteria,Deltaproteobacteria,SAR324_clade(Marine_group_B),ASV3581,ASV3581,ASV3581
ASV3582,Nanoarchaeaeota,Woesearchaeia,ASV3582,ASV3582,ASV3582,ASV3582
ASV3583,Proteobacteria,Gammaproteobacteria,Betaproteobacteriales,Burkholderiaceae,Massilia,ASV3583
ASV3584,Verrucomicrobia,Verrucomicrobiae,Verrucomicrobiales,Rubritaleaceae,ASV3584,ASV3584
ASV3585,Planctomycetes,Planctomycetacia,Gemmatales,Gemmataceae,Fimbriiglobus,ASV3585
ASV3586,Planctomycetes,Planctomycetacia,Pirellulales,Pirellulaceae,Pirellula,ASV3586
ASV3587,Planctomycetes,Planctomycetacia,Pirellulales,Pirellulaceae,Pirellula,ASV3587
ASV3588,Firmicutes,Negativicutes,Selenomonadales,Veillonellaceae,Megamonas,ASV3588
ASV3589,Planctomycetes,Pla3_lineage,ASV3589,ASV3589,ASV3589,ASV3589
ASV3590,Planctomycetes,Planctomycetacia,Pirellulales,Pirellulaceae,Rhodopirellula,ASV3590
ASV3591,Actinobacteria,Acidimicrobiia,Actinomarinales,Actinomarinaceae,Candidatus_Actinomarina,ASV3591
ASV3592,Chlamydiae,Chlamydiae,Chlamydiales,ASV3592,ASV3592,ASV3592
ASV3593,Planctomycetes,Planctomycetacia,Planctomycetales,Gimesiaceae,Gimesia,ASV3593
ASV3594,Planctomycetes,Planctomycetacia,Planctomycetales,Rubinisphaeraceae,SH-PL14,ASV3594
ASV3595,Chlamydiae,Chlamydiae,Chlamydiales,ASV3595,ASV3595,ASV3595
ASV3596,Chlamydiae,Chlamydiae,Chlamydiales,Simkaniaceae,ASV3596,ASV3596
ASV3597,Chlamydiae,Chlamydiae,Chlamydiales,Simkaniaceae,Simkania,ASV3597
ASV3598,Chlamydiae,Chlamydiae,Chlamydiales,Simkaniaceae,ASV3598,ASV3598
ASV3599,Chlamydiae,Chlamydiae,Chlamydiales,Parachlamydiaceae,ASV3599,ASV3599
ASV3600,Bacteroidetes,Bacteroidia,Chitinophagales,Chitinophagaceae,ASV3600,ASV3600
ASV3601,Proteobacteria,Gammaproteobacteria,Oceanospirillales,Endozoicomonadaceae,Endozoicomonas,ASV3601
ASV3602,Proteobacteria,Alphaproteobacteria,Rhodobacterales,Rhodobacteraceae,Tropicimonas,ASV3602
ASV3603,Proteobacteria,Alphaproteobacteria,Rhodobacterales,Rhodobacteraceae,Nautella,ASV3603
ASV3604,Proteobacteria,Alphaproteobacteria,Rhodobacterales,Rhodobacteraceae,Tateyamaria,ASV3604
ASV3605,Proteobacteria,Alphaproteobacteria,Caulobacterales,Hyphomonadaceae,ASV3605,ASV3605
ASV3606,Firmicutes,Clostridia,Clostridiales,Ruminococcaceae,Ruminiclostridium_9,ASV3606
ASV3607,PAUC34f,ASV3607,ASV3607,ASV3607,ASV3607,ASV3607
ASV3608,Proteobacteria,Gammaproteobacteria,Alteromonadales,Alteromonadaceae,ASV3608,ASV3608
ASV3609,Proteobacteria,Gammaproteobacteria,Alteromonadales,Alteromonadaceae,Paraglaciecola,ASV3609
ASV3610,Proteobacteria,Deltaproteobacteria,NB1-j,ASV3610,ASV3610,ASV3610
ASV3611,Bacteroidetes,Bacteroidia,Cytophagales,Microscillaceae,OLB12,ASV3611
ASV3612,Chloroflexi,Chloroflexia,Thermomicrobiales,JG30-KF-CM45,ASV3612,ASV3612
ASV3613,Bacteroidetes,Bacteroidia,Flavobacteriales,Flavobacteriaceae,Mesonia,ASV3613
ASV3614,ASV3614,ASV3614,ASV3614,ASV3614,ASV3614,ASV3614
ASV3615,Proteobacteria,Gammaproteobacteria,Xanthomonadales,Xanthomonadaceae,Lysobacter,ASV3615
ASV3616,Bacteroidetes,Bacteroidia,Chitinophagales,Saprospiraceae,ASV3616,ASV3616
ASV3617,Proteobacteria,Gammaproteobacteria,Betaproteobacteriales,Burkholderiaceae,Polynucleobacter,ASV3617
ASV3618,Bacteroidetes,Bacteroidia,Chitinophagales,Saprospiraceae,ASV3618,ASV3618
ASV3619,Bacteroidetes,Bacteroidia,ASV3619,ASV3619,ASV3619,ASV3619
ASV3620,Proteobacteria,Deltaproteobacteria,SAR324_clade(Marine_group_B),ASV3620,ASV3620,ASV3620
ASV3621,Proteobacteria,Deltaproteobacteria,SAR324_clade(Marine_group_B),ASV3621,ASV3621,ASV3621
ASV3622,Bacteroidetes,Bacteroidia,Chitinophagales,Chitinophagaceae,ASV3622,ASV3622
ASV3623,Acidobacteria,Holophagae,Acanthopleuribacterales,Acanthopleuribacteraceae,Acanthopleuribacter,ASV3623
ASV3624,Dadabacteria,Dadabacteriia,Dadabacteriales,ASV3624,ASV3624,ASV3624
ASV3625,Proteobacteria,Gammaproteobacteria,Ga0077536,ASV3625,ASV3625,ASV3625
ASV3626,Proteobacteria,Gammaproteobacteria,Betaproteobacteriales,Burkholderiaceae,Collimonas,ASV3626
ASV3627,Proteobacteria,Gammaproteobacteria,Betaproteobacteriales,Burkholderiaceae,Massilia,ASV3627
ASV3628,Proteobacteria,Alphaproteobacteria,Rhodobacterales,Rhodobacteraceae,ASV3628,ASV3628
ASV3629,Proteobacteria,Gammaproteobacteria,F9P41300-M23,ASV3629,ASV3629,ASV3629
ASV3630,Proteobacteria,Alphaproteobacteria,Rhodobacterales,Rhodobacteraceae,Paracoccus,ASV3630
ASV3631,Proteobacteria,Alphaproteobacteria,Rhodobacterales,Rhodobacteraceae,Loktanella,ASV3631
ASV3632,Proteobacteria,Alphaproteobacteria,Rhodobacterales,Rhodobacteraceae,ASV3632,ASV3632
ASV3633,Proteobacteria,Alphaproteobacteria,Rhizobiales,Rhizobiaceae,ASV3633,ASV3633
ASV3634,Proteobacteria,Alphaproteobacteria,Rhizobiales,Rhizobiaceae,ASV3634,ASV3634
ASV3635,Firmicutes,Clostridia,Clostridiales,Eubacteriaceae,Eubacterium,ASV3635
ASV3636,Proteobacteria,Alphaproteobacteria,Rhizobiales,Stappiaceae,Pseudovibrio,ASV3636
ASV3637,Proteobacteria,Gammaproteobacteria,ASV3637,ASV3637,ASV3637,ASV3637
ASV3638,Proteobacteria,Gammaproteobacteria,WN-HWB-116,ASV3638,ASV3638,ASV3638
ASV3639,Proteobacteria,Gammaproteobacteria,ASV3639,ASV3639,ASV3639,ASV3639
ASV3640,Proteobacteria,Gammaproteobacteria,Coxiellales,Coxiellaceae,Coxiella,ASV3640
ASV3641,Proteobacteria,Alphaproteobacteria,Rhizobiales,Methyloligellaceae,ASV3641,ASV3641
ASV3642,Planctomycetes,OM190,ASV3642,ASV3642,ASV3642,ASV3642
ASV3643,Proteobacteria,Deltaproteobacteria,Bdellovibrionales,Bacteriovoracaceae,Peredibacter,ASV3643
ASV3644,Proteobacteria,Deltaproteobacteria,Bdellovibrionales,Bacteriovoracaceae,Peredibacter,ASV3644
ASV3645,Proteobacteria,Alphaproteobacteria,ASV3645,ASV3645,ASV3645,ASV3645
ASV3646,Proteobacteria,Alphaproteobacteria,Rhodospirillales,Rhodospirillaceae,Novispirillum,ASV3646
ASV3647,Proteobacteria,Deltaproteobacteria,Myxococcales,Nannocystaceae,ASV3647,ASV3647
ASV3648,Firmicutes,Bacilli,Lactobacillales,Streptococcaceae,Streptococcus,ASV3648
ASV3649,Firmicutes,Bacilli,Bacillales,Bacillaceae,Ornithinibacillus,ASV3649
ASV3650,Armatimonadetes,Armatimonadia,Armatimonadales,Armatimonadaceae,Armatimonas,ASV3650
ASV3651,Proteobacteria,Alphaproteobacteria,Rhodospirillales,Terasakiellaceae,Terasakiella,ASV3651
ASV3652,Firmicutes,Clostridia,Clostridiales,Family_XI,Anaerococcus,ASV3652
ASV3653,Proteobacteria,Alphaproteobacteria,Sphingomonadales,Sphingomonadaceae,Sphingobium,ASV3653
ASV3654,Proteobacteria,Alphaproteobacteria,Sphingomonadales,Sphingomonadaceae,Sphingomonas,ASV3654
ASV3655,Proteobacteria,Alphaproteobacteria,Sphingomonadales,Sphingomonadaceae,Novosphingobium,ASV3655
ASV3656,Proteobacteria,Deltaproteobacteria,ASV3656,ASV3656,ASV3656,ASV3656
ASV3657,Dependentiae,Babeliae,Babeliales,UBA12409,ASV3657,ASV3657
ASV3658,Bacteroidetes,Bacteroidia,Cytophagales,Amoebophilaceae,Candidatus_Amoebophilus,ASV3658
ASV3659,Bacteroidetes,Bacteroidia,ASV3659,ASV3659,ASV3659,ASV3659
ASV3660,Planctomycetes,Phycisphaerae,Phycisphaerales,Phycisphaeraceae,SM1A02,ASV3660
ASV3661,ASV3661,ASV3661,ASV3661,ASV3661,ASV3661,ASV3661
ASV3662,Proteobacteria,Alphaproteobacteria,ASV3662,ASV3662,ASV3662,ASV3662
ASV3663,Proteobacteria,Alphaproteobacteria,Rhizobiales,Stappiaceae,Labrenzia,ASV3663
ASV3664,Proteobacteria,Alphaproteobacteria,Rhizobiales,Stappiaceae,Labrenzia,ASV3664
ASV3665,Proteobacteria,Alphaproteobacteria,Caulobacterales,Hyphomonadaceae,Oceanicaulis,ASV3665
ASV3666,Proteobacteria,Deltaproteobacteria,Desulfovibrionales,Desulfovibrionaceae,ASV3666,ASV3666
ASV3667,Proteobacteria,Alphaproteobacteria,Kordiimonadales,Kordiimonadaceae,Kordiimonas,ASV3667
ASV3668,Proteobacteria,Deltaproteobacteria,ASV3668,ASV3668,ASV3668,ASV3668
ASV3669,Proteobacteria,Alphaproteobacteria,Sneathiellales,Sneathiellaceae,ASV3669,ASV3669
ASV3670,Proteobacteria,Deltaproteobacteria,Myxococcales,Polyangiaceae,Pajaroellobacter,ASV3670
ASV3671,Bacteroidetes,Bacteroidia,Flavobacteriales,Flavobacteriaceae,ASV3671,ASV3671
ASV3672,Proteobacteria,Gammaproteobacteria,Enterobacteriales,Enterobacteriaceae,ASV3672,ASV3672
ASV3673,Proteobacteria,Gammaproteobacteria,Aeromonadales,Aeromonadaceae,Aeromonas,ASV3673
ASV3674,Proteobacteria,Gammaproteobacteria,Alteromonadales,Pseudoalteromonadaceae,Pseudoalteromonas,ASV3674
ASV3675,Proteobacteria,Gammaproteobacteria,Alteromonadales,Marinobacteraceae,Marinobacter,ASV3675
ASV3676,Proteobacteria,Gammaproteobacteria,Oceanospirillales,Nitrincolaceae,Neptuniibacter,ASV3676
ASV3677,Proteobacteria,Gammaproteobacteria,Oceanospirillales,Oleiphilaceae,Oleiphilus,ASV3677
ASV3678,Proteobacteria,Gammaproteobacteria,Cellvibrionales,Microbulbiferaceae,Microbulbifer,ASV3678
ASV3679,Proteobacteria,Gammaproteobacteria,ASV3679,ASV3679,ASV3679,ASV3679
ASV3680,Proteobacteria,Gammaproteobacteria,ASV3680,ASV3680,ASV3680,ASV3680
ASV3681,Proteobacteria,ASV3681,ASV3681,ASV3681,ASV3681,ASV3681
ASV3682,Proteobacteria,Alphaproteobacteria,Acetobacterales,Acetobacteraceae,Roseomonas,ASV3682
ASV3683,Proteobacteria,Alphaproteobacteria,Rhodovibrionales,Kiloniellaceae,ASV3683,ASV3683
ASV3684,Proteobacteria,Deltaproteobacteria,ASV3684,ASV3684,ASV3684,ASV3684
ASV3685,Proteobacteria,Deltaproteobacteria,Bradymonadales,ASV3685,ASV3685,ASV3685
ASV3686,Proteobacteria,Deltaproteobacteria,NB1-j,ASV3686,ASV3686,ASV3686
ASV3687,Actinobacteria,Actinobacteria,Corynebacteriales,Nocardiaceae,Gordonia,ASV3687
ASV3688,Actinobacteria,Acidimicrobiia,Microtrichales,Ilumatobacteraceae,CL500-29_marine_group,ASV3688
ASV3689,Actinobacteria,Acidimicrobiia,Actinomarinales,ASV3689,ASV3689,ASV3689
ASV3690,Planctomycetes,Phycisphaerae,Phycisphaerales,Phycisphaeraceae,SM1A02,ASV3690
ASV3691,ASV3691,ASV3691,ASV3691,ASV3691,ASV3691,ASV3691
ASV3692,Acidobacteria,Thermoanaerobaculia,Thermoanaerobaculales,Thermoanaerobaculaceae,Subgroup_10,ASV3692
ASV3693,Proteobacteria,Gammaproteobacteria,ASV3693,ASV3693,ASV3693,ASV3693
ASV3694,Planctomycetes,Phycisphaerae,Phycisphaerales,Phycisphaeraceae,Phycisphaera,ASV3694
ASV3695,Proteobacteria,Deltaproteobacteria,ASV3695,ASV3695,ASV3695,ASV3695
ASV3696,Actinobacteria,Actinobacteria,Corynebacteriales,Corynebacteriaceae,Corynebacterium_1,ASV3696
ASV3697,Actinobacteria,Acidimicrobiia,Microtrichales,Microtrichaceae,Sva0996_marine_group,ASV3697
ASV3698,Nanoarchaeaeota,Woesearchaeia,ASV3698,ASV3698,ASV3698,ASV3698
ASV3699,Planctomycetes,OM190,ASV3699,ASV3699,ASV3699,ASV3699
ASV3700,Verrucomicrobia,Verrucomicrobiae,Pedosphaerales,Pedosphaeraceae,ASV3700,ASV3700
ASV3701,Planctomycetes,Planctomycetacia,Pirellulales,Pirellulaceae,Rubripirellula,ASV3701
ASV3702,Planctomycetes,Planctomycetacia,Pirellulales,Pirellulaceae,ASV3702,ASV3702
ASV3703,Planctomycetes,Planctomycetacia,Pirellulales,Pirellulaceae,Bythopirellula,ASV3703
ASV3704,Cyanobacteria,Oxyphotobacteria,Chloroplast,ASV3704,ASV3704,ASV3704
ASV3705,Cyanobacteria,Oxyphotobacteria,ASV3705,ASV3705,ASV3705,ASV3705
ASV3706,Cyanobacteria,Oxyphotobacteria,Chloroplast,ASV3706,ASV3706,ASV3706
ASV3707,Planctomycetes,Planctomycetacia,Planctomycetales,Rubinisphaeraceae,Planctomicrobium,ASV3707
ASV3708,Planctomycetes,Planctomycetacia,Pirellulales,Pirellulaceae,Pir4_lineage,ASV3708
ASV3709,Chlamydiae,Chlamydiae,Chlamydiales,Parachlamydiaceae,ASV3709,ASV3709
ASV3710,Proteobacteria,Alphaproteobacteria,Rickettsiales,Mitochondria,ASV3710,ASV3710
ASV3711,Bacteroidetes,Bacteroidia,Flavobacteriales,Flavobacteriaceae,Psychroflexus,ASV3711
ASV3712,Proteobacteria,Alphaproteobacteria,Rickettsiales,Mitochondria,ASV3712,ASV3712
ASV3713,Planctomycetes,Planctomycetacia,Pirellulales,Pirellulaceae,ASV3713,ASV3713
ASV3714,Firmicutes,Clostridia,Clostridiales,Family_XII,Fusibacter,ASV3714
ASV3715,Proteobacteria,Gammaproteobacteria,ASV3715,ASV3715,ASV3715,ASV3715
ASV3716,Proteobacteria,Gammaproteobacteria,Oceanospirillales,Endozoicomonadaceae,Endozoicomonas,ASV3716
ASV3717,ASV3717,ASV3717,ASV3717,ASV3717,ASV3717,ASV3717
ASV3718,Proteobacteria,Alphaproteobacteria,Rhizobiales,ASV3718,ASV3718,ASV3718
ASV3719,Bacteroidetes,Bacteroidia,Flavobacteriales,Flavobacteriaceae,ASV3719,ASV3719
ASV3720,Proteobacteria,Alphaproteobacteria,Rhodobacterales,Rhodobacteraceae,ASV3720,ASV3720
ASV3721,Proteobacteria,Alphaproteobacteria,Rhodobacterales,Rhodobacteraceae,ASV3721,ASV3721
ASV3722,Proteobacteria,Gammaproteobacteria,Alteromonadales,Alteromonadaceae,ASV3722,ASV3722
ASV3723,Proteobacteria,Gammaproteobacteria,Alteromonadales,Alteromonadaceae,Alteromonas,ASV3723
ASV3724,Proteobacteria,Gammaproteobacteria,Alteromonadales,Alteromonadaceae,Aestuariibacter,ASV3724
ASV3725,Proteobacteria,Gammaproteobacteria,Alteromonadales,Alteromonadaceae,ASV3725,ASV3725
ASV3726,Acidobacteria,Thermoanaerobaculia,Thermoanaerobaculales,Thermoanaerobaculaceae,Subgroup_10,ASV3726
ASV3727,ASV3727,ASV3727,ASV3727,ASV3727,ASV3727,ASV3727
ASV3728,Proteobacteria,Deltaproteobacteria,Desulfobacterales,Desulfobacteraceae,Sva0081_sediment_group,ASV3728
ASV3729,Proteobacteria,Alphaproteobacteria,Sphingomonadales,Sphingomonadaceae,ASV3729,ASV3729
ASV3731,Proteobacteria,Deltaproteobacteria,ASV3731,ASV3731,ASV3731,ASV3731
ASV3732,Proteobacteria,Deltaproteobacteria,SAR324_clade(Marine_group_B),ASV3732,ASV3732,ASV3732
ASV3733,Patescibacteria,Saccharimonadia,Saccharimonadales,ASV3733,ASV3733,ASV3733
ASV3734,Proteobacteria,Gammaproteobacteria,Betaproteobacteriales,Burkholderiaceae,Massilia,ASV3734
ASV3735,Proteobacteria,Alphaproteobacteria,Micavibrionales,ASV3735,ASV3735,ASV3735
ASV3736,Bacteroidetes,Bacteroidia,Chitinophagales,Saprospiraceae,Lewinella,ASV3736
ASV3737,Bacteroidetes,Bacteroidia,Chitinophagales,Saprospiraceae,Lewinella,ASV3737
ASV3738,Bacteroidetes,Bacteroidia,Chitinophagales,Saprospiraceae,Lewinella,ASV3738
ASV3739,Patescibacteria,Gracilibacteria,ASV3739,ASV3739,ASV3739,ASV3739
ASV3740,Proteobacteria,Gammaproteobacteria,Piscirickettsiales,Piscirickettsiaceae,Candidatus_Endoecteinascidia,ASV3740
ASV3741,Proteobacteria,Alphaproteobacteria,Rhizobiales,Beijerinckiaceae,Microvirga,ASV3741
ASV3742,Proteobacteria,Alphaproteobacteria,Rhodobacterales,Rhodobacteraceae,ASV3742,ASV3742
ASV3743,Proteobacteria,Alphaproteobacteria,Rhodobacterales,Rhodobacteraceae,Aliiroseovarius,ASV3743
ASV3744,Proteobacteria,Alphaproteobacteria,Rhodobacterales,Rhodobacteraceae,ASV3744,ASV3744
ASV3745,Proteobacteria,Alphaproteobacteria,Rhodobacterales,Rhodobacteraceae,ASV3745,ASV3745
ASV3746,Proteobacteria,Alphaproteobacteria,ASV3746,ASV3746,ASV3746,ASV3746
ASV3747,Proteobacteria,Alphaproteobacteria,Parvibaculales,PS1_clade,ASV3747,ASV3747
ASV3748,Proteobacteria,Deltaproteobacteria,Bdellovibrionales,Bdellovibrionaceae,OM27_clade,ASV3748
ASV3749,Dependentiae,Babeliae,Babeliales,Vermiphilaceae,ASV3749,ASV3749
ASV3750,Bacteroidetes,Bacteroidia,Cytophagales,Hymenobacteraceae,Nibribacter,ASV3750
ASV3751,Proteobacteria,Gammaproteobacteria,SZB50,ASV3751,ASV3751,ASV3751
ASV3752,Proteobacteria,Gammaproteobacteria,ASV3752,ASV3752,ASV3752,ASV3752
ASV3753,Proteobacteria,Gammaproteobacteria,KI89A_clade,ASV3753,ASV3753,ASV3753
ASV3754,Proteobacteria,Gammaproteobacteria,WN-HWB-116,ASV3754,ASV3754,ASV3754
ASV3755,Bacteroidetes,Bacteroidia,Cytophagales,Flammeovirgaceae,Flammeovirga,ASV3755
ASV3756,Proteobacteria,Gammaproteobacteria,Steroidobacterales,Woeseiaceae,JTB255_marine_benthic_group,ASV3756
ASV3757,Proteobacteria,Alphaproteobacteria,Caulobacterales,Hyphomonadaceae,Oceanicaulis,ASV3757
ASV3758,Proteobacteria,Alphaproteobacteria,Caulobacterales,Hyphomonadaceae,Oceanicaulis,ASV3758
ASV3759,Proteobacteria,Deltaproteobacteria,Myxococcales,Sandaracinaceae,ASV3759,ASV3759
ASV3760,Proteobacteria,Deltaproteobacteria,Myxococcales,Sandaracinaceae,ASV3760,ASV3760
ASV3761,Firmicutes,Clostridia,Clostridiales,ASV3761,ASV3761,ASV3761
ASV3762,Proteobacteria,Deltaproteobacteria,Bdellovibrionales,Bacteriovoracaceae,Peredibacter,ASV3762
ASV3763,Firmicutes,Bacilli,Bacillales,Bacillaceae,Anoxybacillus,ASV3763
ASV3764,Firmicutes,Bacilli,Bacillales,Bacillaceae,Bacillus,ASV3764
ASV3765,Proteobacteria,Alphaproteobacteria,Rickettsiales,AB1,ASV3765,ASV3765
ASV3766,Proteobacteria,Alphaproteobacteria,ASV3766,ASV3766,ASV3766,ASV3766
ASV3767,Proteobacteria,Alphaproteobacteria,Rhizobiales,Rhizobiaceae,ASV3767,ASV3767
ASV3768,Proteobacteria,Deltaproteobacteria,Myxococcales,Nannocystaceae,ASV3768,ASV3768
ASV3769,Proteobacteria,Deltaproteobacteria,Myxococcales,Haliangiaceae,Haliangium,ASV3769
ASV3770,Proteobacteria,Deltaproteobacteria,Myxococcales,Haliangiaceae,Haliangium,ASV3770
ASV3771,Actinobacteria,Thermoleophilia,Gaiellales,Gaiellaceae,Gaiella,ASV3771
ASV3772,Firmicutes,Bacilli,Bacillales,Bacillaceae,ASV3772,ASV3772
ASV3773,Proteobacteria,Alphaproteobacteria,Rhodospirillales,Terasakiellaceae,Terasakiella,ASV3773
ASV3774,Proteobacteria,Alphaproteobacteria,Sphingomonadales,Sphingomonadaceae,Sphingopyxis,ASV3774
ASV3775,Bacteroidetes,Bacteroidia,Cytophagales,Amoebophilaceae,Candidatus_Amoebophilus,ASV3775
ASV3776,Bacteroidetes,Bacteroidia,Bacteroidales,Marinifilaceae,Marinifilum,ASV3776
ASV3777,Proteobacteria,ASV3777,ASV3777,ASV3777,ASV3777,ASV3777
ASV3778,Proteobacteria,Deltaproteobacteria,Bdellovibrionales,Bdellovibrionaceae,Bdellovibrio,ASV3778
ASV3779,Proteobacteria,Deltaproteobacteria,Bdellovibrionales,Bdellovibrionaceae,Bdellovibrio,ASV3779
ASV3780,Bacteroidetes,Bacteroidia,Flavobacteriales,Flavobacteriaceae,ASV3780,ASV3780
ASV3781,Proteobacteria,Alphaproteobacteria,Rhizobiales,ASV3781,ASV3781,ASV3781
ASV3782,Proteobacteria,Alphaproteobacteria,ASV3782,ASV3782,ASV3782,ASV3782
ASV3783,Chloroflexi,Chloroflexia,Chloroflexales,Roseiflexaceae,ASV3783,ASV3783
ASV3784,Calditrichaeota,Calditrichia,Calditrichales,Calditrichaceae,Calorithrix,ASV3784
ASV3785,Gemmatimonadetes,PAUC43f_marine_benthic_group,ASV3785,ASV3785,ASV3785,ASV3785
ASV3786,Proteobacteria,Deltaproteobacteria,ASV3786,ASV3786,ASV3786,ASV3786
ASV3787,ASV3787,ASV3787,ASV3787,ASV3787,ASV3787,ASV3787
ASV3788,Proteobacteria,Alphaproteobacteria,Rhizobiales,ASV3788,ASV3788,ASV3788
ASV3789,Proteobacteria,Alphaproteobacteria,Rhizobiales,Methyloligellaceae,ASV3789,ASV3789
ASV3790,Proteobacteria,Alphaproteobacteria,ASV3790,ASV3790,ASV3790,ASV3790
ASV3791,Bacteroidetes,Bacteroidia,Flavobacteriales,Flavobacteriaceae,NS5_marine_group,ASV3791
ASV3792,Proteobacteria,Gammaproteobacteria,ASV3792,ASV3792,ASV3792,ASV3792
ASV3793,Bacteroidetes,Bacteroidia,Flavobacteriales,Flavobacteriaceae,ASV3793,ASV3793
ASV3794,Proteobacteria,Gammaproteobacteria,Oceanospirillales,Alcanivoracaceae,Alcanivorax,ASV3794
ASV3795,Proteobacteria,Gammaproteobacteria,Cellvibrionales,Cellvibrionaceae,Marinagarivorans,ASV3795
ASV3796,Proteobacteria,Gammaproteobacteria,Cellvibrionales,Cellvibrionaceae,Marinagarivorans,ASV3796
ASV3797,Proteobacteria,Gammaproteobacteria,Cellvibrionales,Halieaceae,Parahaliea,ASV3797
ASV3798,Proteobacteria,Gammaproteobacteria,Cellvibrionales,Halieaceae,ASV3798,ASV3798
ASV3799,Proteobacteria,Gammaproteobacteria,Cellvibrionales,ASV3799,ASV3799,ASV3799
ASV3800,Proteobacteria,Gammaproteobacteria,Cellvibrionales,Spongiibacteraceae,Spongiibacter,ASV3800
ASV3801,Proteobacteria,Gammaproteobacteria,Cellvibrionales,Cellvibrionaceae,ASV3801,ASV3801
ASV3802,Proteobacteria,Alphaproteobacteria,ASV3802,ASV3802,ASV3802,ASV3802
ASV3803,Proteobacteria,Gammaproteobacteria,Vibrionales,Vibrionaceae,Catenococcus,ASV3803
ASV3804,Proteobacteria,Gammaproteobacteria,Vibrionales,Vibrionaceae,Vibrio,ASV3804
ASV3805,Proteobacteria,Gammaproteobacteria,Vibrionales,Vibrionaceae,ASV3805,ASV3805
ASV3806,Proteobacteria,Alphaproteobacteria,Puniceispirillales,SAR116_clade,ASV3806,ASV3806
ASV3807,Proteobacteria,Alphaproteobacteria,Micavibrionales,ASV3807,ASV3807,ASV3807
ASV3808,Spirochaetes,Spirochaetia,Spirochaetales,Spirochaetaceae,Spirochaeta_2,ASV3808
ASV3809,Proteobacteria,Alphaproteobacteria,ASV3809,ASV3809,ASV3809,ASV3809
ASV3810,Proteobacteria,Deltaproteobacteria,Myxococcales,Sandaracinaceae,ASV3810,ASV3810
ASV3811,Proteobacteria,Alphaproteobacteria,Micavibrionales,Micavibrionaceae,ASV3811,ASV3811
ASV3812,Proteobacteria,Alphaproteobacteria,Micavibrionales,Micavibrionaceae,ASV3812,ASV3812
ASV3813,Proteobacteria,Alphaproteobacteria,Micavibrionales,ASV3813,ASV3813,ASV3813
ASV3814,Actinobacteria,Acidimicrobiia,Actinomarinales,ASV3814,ASV3814,ASV3814
ASV3815,Actinobacteria,Acidimicrobiia,Microtrichales,Ilumatobacteraceae,Ilumatobacter,ASV3815
ASV3816,Bacteroidetes,Bacteroidia,Sphingobacteriales,ASV3816,ASV3816,ASV3816
ASV3817,ASV3817,ASV3817,ASV3817,ASV3817,ASV3817,ASV3817
ASV3818,Proteobacteria,Deltaproteobacteria,Bdellovibrionales,Bacteriovoracaceae,ASV3818,ASV3818
ASV3819,Bacteroidetes,Bacteroidia,Bacteroidales,ASV3819,ASV3819,ASV3819
ASV3820,ASV3820,ASV3820,ASV3820,ASV3820,ASV3820,ASV3820
ASV3821,Firmicutes,Clostridia,Clostridiales,Ruminococcaceae,Ruminococcaceae_UCG-013,ASV3821
ASV3822,ASV3822,ASV3822,ASV3822,ASV3822,ASV3822,ASV3822
ASV3823,Proteobacteria,Gammaproteobacteria,Legionellales,Legionellaceae,Legionella,ASV3823
ASV3824,Proteobacteria,Gammaproteobacteria,Legionellales,Legionellaceae,Legionella,ASV3824
ASV3825,Bacteroidetes,Bacteroidia,Cytophagales,Bernardetiaceae,Bernardetia,ASV3825
ASV3826,Epsilonbacteraeota,Campylobacteria,Campylobacterales,Helicobacteraceae,ASV3826,ASV3826
ASV3827,Epsilonbacteraeota,Campylobacteria,Campylobacterales,ASV3827,ASV3827,ASV3827
ASV3828,Proteobacteria,Deltaproteobacteria,Myxococcales,P3OB-42,ASV3828,ASV3828
ASV3829,Firmicutes,Clostridia,Clostridiales,Ruminococcaceae,Ethanoligenens,ASV3829
ASV3830,Proteobacteria,Alphaproteobacteria,SAR11_clade,Clade_II,ASV3830,ASV3830
ASV3831,Actinobacteria,Actinobacteria,Micrococcales,Microbacteriaceae,Yonghaparkia,ASV3831
ASV3832,Actinobacteria,Actinobacteria,Micrococcales,Microbacteriaceae,Agrococcus,ASV3832
ASV3833,Actinobacteria,Actinobacteria,Micrococcales,Brevibacteriaceae,Brevibacterium,ASV3833
ASV3834,Proteobacteria,ASV3834,ASV3834,ASV3834,ASV3834,ASV3834
ASV3835,Proteobacteria,Gammaproteobacteria,ASV3835,ASV3835,ASV3835,ASV3835
ASV3836,Bacteroidetes,Bacteroidia,Bacteroidales,Prevotellaceae,Prevotella,ASV3836
ASV3837,Patescibacteria,Parcubacteria,Candidatus_Kaiserbacteria,ASV3837,ASV3837,ASV3837
ASV3838,Planctomycetes,Planctomycetacia,Pirellulales,Pirellulaceae,Pirellula,ASV3838
ASV3839,Planctomycetes,Pla3_lineage,ASV3839,ASV3839,ASV3839,ASV3839
ASV3840,AncK6,ASV3840,ASV3840,ASV3840,ASV3840,ASV3840
ASV3841,Planctomycetes,Planctomycetacia,Pirellulales,Pirellulaceae,Rhodopirellula,ASV3841
ASV3842,Planctomycetes,Planctomycetacia,Pirellulales,Pirellulaceae,ASV3842,ASV3842
ASV3843,Planctomycetes,Planctomycetacia,Pirellulales,Pirellulaceae,ASV3843,ASV3843
ASV3844,Planctomycetes,Planctomycetacia,Pirellulales,Pirellulaceae,Rubripirellula,ASV3844
ASV3845,Planctomycetes,Planctomycetacia,Pirellulales,Pirellulaceae,Rubripirellula,ASV3845
ASV3846,Planctomycetes,Planctomycetacia,Pirellulales,Pirellulaceae,Pir4_lineage,ASV3846
ASV3847,Cyanobacteria,Oxyphotobacteria,Chloroplast,ASV3847,ASV3847,ASV3847
ASV3848,Actinobacteria,Acidimicrobiia,Actinomarinales,Actinomarinaceae,Candidatus_Actinomarina,ASV3848
ASV3849,Cyanobacteria,Oxyphotobacteria,Chloroplast,ASV3849,ASV3849,ASV3849
ASV3850,Planctomycetes,Planctomycetacia,Planctomycetales,Rubinisphaeraceae,Planctomicrobium,ASV3850
ASV3851,Chlamydiae,Chlamydiae,Chlamydiales,ASV3851,ASV3851,ASV3851
ASV3852,Patescibacteria,Parcubacteria,Candidatus_Kaiserbacteria,ASV3852,ASV3852,ASV3852
ASV3853,Acidobacteria,Subgroup_9,ASV3853,ASV3853,ASV3853,ASV3853
ASV3854,Chlamydiae,Chlamydiae,Chlamydiales,Simkaniaceae,ASV3854,ASV3854
ASV3855,Chlamydiae,Chlamydiae,Chlamydiales,ASV3855,ASV3855,ASV3855
ASV3856,Chlamydiae,Chlamydiae,Chlamydiales,cvE6,ASV3856,ASV3856
ASV3857,Chlamydiae,Chlamydiae,Chlamydiales,ASV3857,ASV3857,ASV3857
ASV3858,Planctomycetes,Planctomycetacia,Pirellulales,Pirellulaceae,ASV3858,ASV3858
ASV3859,Proteobacteria,Alphaproteobacteria,Rickettsiales,Mitochondria,ASV3859,ASV3859
ASV3860,Proteobacteria,Gammaproteobacteria,Oceanospirillales,Endozoicomonadaceae,Endozoicomonas,ASV3860
ASV3861,Proteobacteria,Gammaproteobacteria,Oceanospirillales,Endozoicomonadaceae,Endozoicomonas,ASV3861
ASV3862,Bacteroidetes,Bacteroidia,Bacteroidales,Bacteroidaceae,Bacteroides,ASV3862
ASV3863,Proteobacteria,Alphaproteobacteria,Rickettsiales,ASV3863,ASV3863,ASV3863
ASV3864,Deinococcus-Thermus,Deinococci,Deinococcales,Deinococcaceae,Deinococcus,ASV3864
ASV3865,Proteobacteria,Alphaproteobacteria,Caulobacterales,Hyphomonadaceae,ASV3865,ASV3865
ASV3866,Proteobacteria,Alphaproteobacteria,Caulobacterales,Hyphomonadaceae,ASV3866,ASV3866
ASV3867,Proteobacteria,Alphaproteobacteria,ASV3867,ASV3867,ASV3867,ASV3867
ASV3868,Proteobacteria,Alphaproteobacteria,Caulobacterales,Hyphomonadaceae,ASV3868,ASV3868
ASV3869,Proteobacteria,Gammaproteobacteria,Alteromonadales,Alteromonadaceae,XY-R5,ASV3869
ASV3870,Proteobacteria,Gammaproteobacteria,Alteromonadales,Alteromonadaceae,ASV3870,ASV3870
ASV3871,Bacteroidetes,Bacteroidia,Flavobacteriales,Flavobacteriaceae,ASV3871,ASV3871
ASV3872,Proteobacteria,Gammaproteobacteria,Alteromonadales,Alteromonadaceae,ASV3872,ASV3872
ASV3873,Actinobacteria,Actinobacteria,Propionibacteriales,Nocardioidaceae,Nocardioides,ASV3873
ASV3874,Proteobacteria,Gammaproteobacteria,Alteromonadales,Alteromonadaceae,ASV3874,ASV3874
ASV3875,Proteobacteria,Deltaproteobacteria,Syntrophobacterales,Syntrophobacteraceae,ASV3875,ASV3875
ASV3876,Proteobacteria,Gammaproteobacteria,ASV3876,ASV3876,ASV3876,ASV3876
ASV3877,Proteobacteria,Alphaproteobacteria,Rickettsiales,Midichloriaceae,ASV3877,ASV3877
ASV3878,Proteobacteria,ASV3878,ASV3878,ASV3878,ASV3878,ASV3878
ASV3879,Patescibacteria,Parcubacteria,ASV3879,ASV3879,ASV3879,ASV3879
ASV3880,Bacteroidetes,Bacteroidia,Chitinophagales,Chitinophagaceae,ASV3880,ASV3880
ASV3881,Proteobacteria,Gammaproteobacteria,Xanthomonadales,Xanthomonadaceae,Stenotrophomonas,ASV3881
ASV3882,Bacteroidetes,Bacteroidia,Chitinophagales,Saprospiraceae,ASV3882,ASV3882
ASV3883,Bacteroidetes,Bacteroidia,Chitinophagales,Saprospiraceae,Aureispira,ASV3883
ASV3884,Bacteroidetes,Bacteroidia,Chitinophagales,Saprospiraceae,ASV3884,ASV3884
ASV3885,Bacteroidetes,Bacteroidia,Chitinophagales,Saprospiraceae,ASV3885,ASV3885
ASV3886,Proteobacteria,Alphaproteobacteria,Rickettsiales,SM2D12,ASV3886,ASV3886
ASV3887,Epsilonbacteraeota,Campylobacteria,Campylobacterales,Arcobacteraceae,Arcobacter,ASV3887
ASV3888,Proteobacteria,Gammaproteobacteria,Nitrosococcales,Methylophagaceae,Methylophaga,ASV3888
ASV3889,Proteobacteria,Gammaproteobacteria,Betaproteobacteriales,Burkholderiaceae,Sphaerotilus,ASV3889
ASV3890,Proteobacteria,Gammaproteobacteria,Betaproteobacteriales,Burkholderiaceae,Curvibacter,ASV3890
ASV3891,Proteobacteria,Gammaproteobacteria,Betaproteobacteriales,Burkholderiaceae,ASV3891,ASV3891
ASV3892,Proteobacteria,Gammaproteobacteria,Betaproteobacteriales,Neisseriaceae,Neisseria,ASV3892
ASV3893,Proteobacteria,Gammaproteobacteria,Betaproteobacteriales,Burkholderiaceae,Massilia,ASV3893
ASV3894,Bacteroidetes,Bacteroidia,Chitinophagales,Saprospiraceae,Saprospira,ASV3894
ASV3895,Bacteroidetes,Bacteroidia,Chitinophagales,Chitinophagaceae,ASV3895,ASV3895
ASV3896,Proteobacteria,Gammaproteobacteria,Gammaproteobacteria_Incertae_Sedis,Unknown_Family,Wenzhouxiangella,ASV3896
ASV3897,Proteobacteria,Deltaproteobacteria,Bdellovibrionales,Bdellovibrionaceae,Bdellovibrio,ASV3897
ASV3898,Proteobacteria,Deltaproteobacteria,Bdellovibrionales,Bdellovibrionaceae,Bdellovibrio,ASV3898
ASV3899,Firmicutes,Clostridia,Clostridiales,Clostridiaceae_1,Clostridium_sensu_stricto_1,ASV3899
ASV3900,Proteobacteria,Alphaproteobacteria,Rhodobacterales,Rhodobacteraceae,ASV3900,ASV3900
ASV3901,Proteobacteria,Alphaproteobacteria,Rhizobiales,Beijerinckiaceae,Methylobacterium,ASV3901
ASV3902,Proteobacteria,Alphaproteobacteria,Rhodobacterales,Rhodobacteraceae,ASV3902,ASV3902
ASV3903,Proteobacteria,Alphaproteobacteria,Rhodobacterales,Rhodobacteraceae,Albimonas,ASV3903
ASV3904,Proteobacteria,Alphaproteobacteria,Rhodobacterales,Rhodobacteraceae,ASV3904,ASV3904
ASV3905,Proteobacteria,Alphaproteobacteria,Rhodobacterales,Rhodobacteraceae,ASV3905,ASV3905
ASV3906,Proteobacteria,Alphaproteobacteria,ASV3906,ASV3906,ASV3906,ASV3906
ASV3907,Proteobacteria,Alphaproteobacteria,ASV3907,ASV3907,ASV3907,ASV3907
ASV3908,Proteobacteria,Deltaproteobacteria,Bdellovibrionales,Bdellovibrionaceae,OM27_clade,ASV3908
ASV3909,Proteobacteria,Alphaproteobacteria,Rhizobiales,Rhizobiaceae,Cohaesibacter,ASV3909
ASV3910,Proteobacteria,Alphaproteobacteria,Rhizobiales,Rhizobiaceae,Cohaesibacter,ASV3910
ASV3911,Proteobacteria,Alphaproteobacteria,Rhizobiales,Rhizobiaceae,Cohaesibacter,ASV3911
ASV3912,Dependentiae,Babeliae,Babeliales,Vermiphilaceae,ASV3912,ASV3912
ASV3913,Proteobacteria,Deltaproteobacteria,Myxococcales,ASV3913,ASV3913,ASV3913
ASV3914,Proteobacteria,Gammaproteobacteria,AT-s2-59,ASV3914,ASV3914,ASV3914
ASV3915,Bacteroidetes,Bacteroidia,Cytophagales,Flammeovirgaceae,Flammeovirga,ASV3915
ASV3916,Proteobacteria,Alphaproteobacteria,Caulobacterales,Parvularculaceae,Parvularcula,ASV3916
ASV3917,Proteobacteria,Deltaproteobacteria,Bdellovibrionales,Bacteriovoracaceae,Halobacteriovorax,ASV3917
ASV3918,Proteobacteria,Deltaproteobacteria,Bdellovibrionales,Bacteriovoracaceae,ASV3918,ASV3918
ASV3919,Proteobacteria,Alphaproteobacteria,Rhodobacterales,Rhodobacteraceae,ASV3919,ASV3919
ASV3920,Proteobacteria,Alphaproteobacteria,Rickettsiales,ASV3920,ASV3920,ASV3920
ASV3921,Firmicutes,Bacilli,Bacillales,Bacillaceae,Bacillus,ASV3921
ASV3922,Firmicutes,Bacilli,Bacillales,Staphylococcaceae,Staphylococcus,ASV3922
ASV3923,Proteobacteria,Deltaproteobacteria,Myxococcales,Haliangiaceae,Haliangium,ASV3923
ASV3924,Firmicutes,Clostridia,Clostridiales,Family_XI,Ezakiella,ASV3924
ASV3925,Firmicutes,Bacilli,Lactobacillales,Streptococcaceae,Streptococcus,ASV3925
ASV3926,Proteobacteria,Alphaproteobacteria,Rhodobacterales,Rhodobacteraceae,ASV3926,ASV3926
ASV3927,Proteobacteria,ASV3927,ASV3927,ASV3927,ASV3927,ASV3927
ASV3928,Patescibacteria,Gracilibacteria,JGI_0000069-P22,ASV3928,ASV3928,ASV3928
ASV3929,Dependentiae,Babeliae,Babeliales,ASV3929,ASV3929,ASV3929
ASV3930,Dependentiae,Babeliae,Babeliales,ASV3930,ASV3930,ASV3930
ASV3931,Proteobacteria,Deltaproteobacteria,Bdellovibrionales,Bdellovibrionaceae,Bdellovibrio,ASV3931
ASV3932,Proteobacteria,Alphaproteobacteria,Caulobacterales,Caulobacteraceae,Brevundimonas,ASV3932
ASV3933,Planctomycetes,Phycisphaerae,Phycisphaerales,Phycisphaeraceae,SM1A02,ASV3933
ASV3934,ASV3934,ASV3934,ASV3934,ASV3934,ASV3934,ASV3934
ASV3935,Proteobacteria,Alphaproteobacteria,Rhizobiales,ASV3935,ASV3935,ASV3935
ASV3936,WPS-2,ASV3936,ASV3936,ASV3936,ASV3936,ASV3936
ASV3937,Proteobacteria,Deltaproteobacteria,ASV3937,ASV3937,ASV3937,ASV3937
ASV3938,Gemmatimonadetes,BD2-11_terrestrial_group,ASV3938,ASV3938,ASV3938,ASV3938
ASV3939,Gemmatimonadetes,Gemmatimonadetes,Gemmatimonadales,Gemmatimonadaceae,ASV3939,ASV3939
ASV3940,Firmicutes,Clostridia,Clostridiales,Clostridiaceae_1,Clostridium_sensu_stricto_9,ASV3940
ASV3941,Proteobacteria,Deltaproteobacteria,PB19,ASV3941,ASV3941,ASV3941
ASV3942,Bacteroidetes,Bacteroidia,Flavobacteriales,Flavobacteriaceae,ASV3942,ASV3942
ASV3943,Bacteroidetes,Bacteroidia,Flavobacteriales,Flavobacteriaceae,ASV3943,ASV3943
ASV3944,Proteobacteria,Gammaproteobacteria,ASV3944,ASV3944,ASV3944,ASV3944
ASV3945,Proteobacteria,Gammaproteobacteria,ASV3945,ASV3945,ASV3945,ASV3945
ASV3946,Proteobacteria,Gammaproteobacteria,Oceanospirillales,Halomonadaceae,Halomonas,ASV3946
ASV3947,Proteobacteria,Gammaproteobacteria,ASV3947,ASV3947,ASV3947,ASV3947
ASV3948,Proteobacteria,Gammaproteobacteria,Oceanospirillales,SS1-B-06-26,ASV3948,ASV3948
ASV3949,Proteobacteria,Gammaproteobacteria,Oceanospirillales,Nitrincolaceae,Amphritea,ASV3949
ASV3950,Proteobacteria,Gammaproteobacteria,Cellvibrionales,Halieaceae,Parahaliea,ASV3950
ASV3951,Proteobacteria,Gammaproteobacteria,Cellvibrionales,Halieaceae,Pseudohaliea,ASV3951
ASV3952,Proteobacteria,Gammaproteobacteria,Cellvibrionales,ASV3952,ASV3952,ASV3952
ASV3953,Proteobacteria,Gammaproteobacteria,ASV3953,ASV3953,ASV3953,ASV3953
ASV3954,Proteobacteria,Alphaproteobacteria,Caulobacterales,Hyphomonadaceae,Oceanicaulis,ASV3954
ASV3955,ASV3955,ASV3955,ASV3955,ASV3955,ASV3955,ASV3955
ASV3956,Proteobacteria,Gammaproteobacteria,Alteromonadales,Shewanellaceae,Shewanella,ASV3956
ASV3957,Proteobacteria,Gammaproteobacteria,ASV3957,ASV3957,ASV3957,ASV3957
ASV3958,Bacteroidetes,Bacteroidia,Cytophagales,Cyclobacteriaceae,ASV3958,ASV3958
ASV3959,Proteobacteria,Gammaproteobacteria,Vibrionales,Vibrionaceae,Catenococcus,ASV3959
ASV3960,Proteobacteria,Gammaproteobacteria,Vibrionales,Vibrionaceae,Catenococcus,ASV3960
ASV3961,Proteobacteria,Gammaproteobacteria,Vibrionales,Vibrionaceae,Vibrio,ASV3961
ASV3962,Proteobacteria,Alphaproteobacteria,ASV3962,ASV3962,ASV3962,ASV3962
ASV3963,Proteobacteria,Alphaproteobacteria,Rhodospirillales,Terasakiellaceae,ASV3963,ASV3963
ASV3964,Planctomycetes,Phycisphaerae,Phycisphaerales,Phycisphaeraceae,SM1A02,ASV3964
ASV3965,Proteobacteria,Deltaproteobacteria,Bdellovibrionales,Bacteriovoracaceae,ASV3965,ASV3965
ASV3966,Proteobacteria,Alphaproteobacteria,Thalassobaculales,ASV3966,ASV3966,ASV3966
ASV3967,Proteobacteria,Alphaproteobacteria,Rhodovibrionales,Kiloniellaceae,ASV3967,ASV3967
ASV3968,Proteobacteria,Deltaproteobacteria,Bradymonadales,ASV3968,ASV3968,ASV3968
ASV3969,Proteobacteria,Alphaproteobacteria,Micavibrionales,Micavibrionaceae,ASV3969,ASV3969
ASV3970,Proteobacteria,Gammaproteobacteria,ASV3970,ASV3970,ASV3970,ASV3970
ASV3971,Proteobacteria,Gammaproteobacteria,Alteromonadales,Alteromonadaceae,ASV3971,ASV3971
ASV3972,Proteobacteria,Deltaproteobacteria,ASV3972,ASV3972,ASV3972,ASV3972
ASV3973,Actinobacteria,Acidimicrobiia,Actinomarinales,ASV3973,ASV3973,ASV3973
ASV3974,Actinobacteria,Acidimicrobiia,Microtrichales,Microtrichaceae,Sva0996_marine_group,ASV3974
ASV3975,Hydrogenedentes,Hydrogenedentia,Hydrogenedentiales,Hydrogenedensaceae,ASV3975,ASV3975
ASV3976,Proteobacteria,Alphaproteobacteria,Rhizobiales,ASV3976,ASV3976,ASV3976
ASV3977,Proteobacteria,Alphaproteobacteria,Rhizobiales,Beijerinckiaceae,Methylobacterium,ASV3977
ASV3978,Proteobacteria,Deltaproteobacteria,SAR324_clade(Marine_group_B),ASV3978,ASV3978,ASV3978
ASV3979,Proteobacteria,Gammaproteobacteria,ASV3979,ASV3979,ASV3979,ASV3979
ASV3980,Firmicutes,Clostridia,Clostridiales,Peptostreptococcaceae,Acetoanaerobium,ASV3980
ASV3981,Proteobacteria,Gammaproteobacteria,EV818SWSAP88,ASV3981,ASV3981,ASV3981
ASV3982,Proteobacteria,Alphaproteobacteria,Rhodospirillales,Rhodospirillaceae,ASV3982,ASV3982
ASV3983,ASV3983,ASV3983,ASV3983,ASV3983,ASV3983,ASV3983
ASV3984,Proteobacteria,Gammaproteobacteria,Oceanospirillales,Alcanivoracaceae,Alcanivorax,ASV3984
ASV3985,Chloroflexi,Anaerolineae,Caldilineales,Caldilineaceae,ASV3985,ASV3985
ASV3986,Proteobacteria,Gammaproteobacteria,Enterobacteriales,Enterobacteriaceae,ASV3986,ASV3986
ASV3987,Proteobacteria,Alphaproteobacteria,Rickettsiales,Mitochondria,ASV3987,ASV3987
ASV3988,Patescibacteria,Gracilibacteria,Candidatus_Peregrinibacteria,ASV3988,ASV3988,ASV3988
ASV3989,Bacteroidetes,Bacteroidia,Cytophagales,Cyclobacteriaceae,Roseivirga,ASV3989
ASV3990,Chlamydiae,Chlamydiae,Chlamydiales,cvE6,ASV3990,ASV3990
ASV3991,Proteobacteria,Alphaproteobacteria,SAR11_clade,Clade_II,ASV3991,ASV3991
ASV3992,Proteobacteria,Alphaproteobacteria,SAR11_clade,Clade_I,Clade_Ia,ASV3992
ASV3993,Actinobacteria,Actinobacteria,Micrococcales,Intrasporangiaceae,Janibacter,ASV3993
ASV3994,Proteobacteria,Alphaproteobacteria,Rickettsiales,Mitochondria,ASV3994,ASV3994
ASV3995,Chlamydiae,Chlamydiae,Chlamydiales,Criblamydiaceae,ASV3995,ASV3995
ASV3996,Chlamydiae,Chlamydiae,Chlamydiales,ASV3996,ASV3996,ASV3996
ASV3997,Proteobacteria,Gammaproteobacteria,Nitrosococcales,Nitrosococcaceae,Cm1-21,ASV3997
ASV3998,Patescibacteria,Parcubacteria,Candidatus_Kaiserbacteria,ASV3998,ASV3998,ASV3998
ASV3999,Planctomycetes,Planctomycetacia,Planctomycetales,Schlesneriaceae,Schlesneria,ASV3999
ASV4000,Chlamydiae,Chlamydiae,Chlamydiales,Simkaniaceae,ASV4000,ASV4000
ASV4001,Planctomycetes,Planctomycetacia,Pirellulales,Pirellulaceae,Rhodopirellula,ASV4001
ASV4002,Planctomycetes,ASV4002,ASV4002,ASV4002,ASV4002,ASV4002
ASV4003,Chlamydiae,Chlamydiae,Chlamydiales,ASV4003,ASV4003,ASV4003
ASV4004,Planctomycetes,Planctomycetacia,Gemmatales,Gemmataceae,Gemmata,ASV4004
ASV4005,Planctomycetes,Planctomycetacia,Gemmatales,Gemmataceae,Telmatocola,ASV4005
ASV4006,Planctomycetes,Planctomycetacia,Gemmatales,Gemmataceae,Fimbriiglobus,ASV4006
ASV4007,Patescibacteria,Parcubacteria,Candidatus_Kaiserbacteria,ASV4007,ASV4007,ASV4007
ASV4008,Planctomycetes,Planctomycetacia,Pirellulales,Pirellulaceae,Bythopirellula,ASV4008
ASV4009,Planctomycetes,Planctomycetacia,Planctomycetales,Gimesiaceae,ASV4009,ASV4009
ASV4010,Chlamydiae,Chlamydiae,Chlamydiales,Simkaniaceae,Candidatus_Fritschea,ASV4010
ASV4011,Chlamydiae,Chlamydiae,Chlamydiales,Simkaniaceae,Ga0074140,ASV4011
ASV4012,Chlamydiae,Chlamydiae,Chlamydiales,Simkaniaceae,ASV4012,ASV4012
ASV4013,Proteobacteria,Alphaproteobacteria,Rickettsiales,Mitochondria,ASV4013,ASV4013
ASV4014,Proteobacteria,ASV4014,ASV4014,ASV4014,ASV4014,ASV4014
ASV4015,Proteobacteria,Gammaproteobacteria,Oceanospirillales,Endozoicomonadaceae,Endozoicomonas,ASV4015
ASV4016,Bacteroidetes,Bacteroidia,Cytophagales,Cyclobacteriaceae,ASV4016,ASV4016
ASV4017,Bacteroidetes,Bacteroidia,Bacteroidales,Bacteroidaceae,Bacteroides,ASV4017
ASV4018,Proteobacteria,Alphaproteobacteria,Rhodobacterales,Rhodobacteraceae,Marinibacterium,ASV4018
ASV4019,Proteobacteria,Alphaproteobacteria,Rhodobacterales,Rhodobacteraceae,Marinibacterium,ASV4019
ASV4020,Proteobacteria,Deltaproteobacteria,ASV4020,ASV4020,ASV4020,ASV4020
ASV4021,Proteobacteria,Gammaproteobacteria,Alteromonadales,Alteromonadaceae,ASV4021,ASV4021
ASV4022,Proteobacteria,Gammaproteobacteria,Alteromonadales,Alteromonadaceae,Aestuariibacter,ASV4022
ASV4023,Epsilonbacteraeota,Campylobacteria,Campylobacterales,Thiovulaceae,Thiovulum,ASV4023
ASV4024,Proteobacteria,Gammaproteobacteria,Gammaproteobacteria_Incertae_Sedis,Unknown_Family,Marinicella,ASV4024
ASV4025,Proteobacteria,Alphaproteobacteria,Holosporales,Holosporaceae,Candidatus_Gortzia,ASV4025
ASV4026,Acidobacteria,Acidobacteriia,Solibacterales,Solibacteraceae_(Subgroup_3),Bryobacter,ASV4026
ASV4027,Bacteroidetes,Bacteroidia,Chitinophagales,Saprospiraceae,ASV4027,ASV4027
ASV4028,Bacteroidetes,Bacteroidia,Chitinophagales,Saprospiraceae,ASV4028,ASV4028
ASV4029,Proteobacteria,Deltaproteobacteria,SAR324_clade(Marine_group_B),ASV4029,ASV4029,ASV4029
ASV4030,Dadabacteria,Dadabacteriia,Dadabacteriales,ASV4030,ASV4030,ASV4030
ASV4031,Dadabacteria,Dadabacteriia,Dadabacteriales,ASV4031,ASV4031,ASV4031
ASV4032,Bacteroidetes,Bacteroidia,Chitinophagales,37-13,ASV4032,ASV4032
ASV4033,Proteobacteria,Gammaproteobacteria,Gammaproteobacteria_Incertae_Sedis,Unknown_Family,ASV4033,ASV4033
ASV4034,Proteobacteria,Gammaproteobacteria,Betaproteobacteriales,Neisseriaceae,Neisseria,ASV4034
ASV4035,Proteobacteria,Gammaproteobacteria,Betaproteobacteriales,Burkholderiaceae,Herbaspirillum,ASV4035
ASV4036,Proteobacteria,Gammaproteobacteria,Betaproteobacteriales,Burkholderiaceae,Massilia,ASV4036
ASV4037,Proteobacteria,Gammaproteobacteria,Betaproteobacteriales,Methylophilaceae,Candidatus_Methylopumilus,ASV4037
ASV4038,Proteobacteria,Alphaproteobacteria,Micavibrionales,Micavibrionaceae,ASV4038,ASV4038
ASV4039,Bacteroidetes,Bacteroidia,Chitinophagales,Saprospiraceae,Portibacter,ASV4039
ASV4040,Bacteroidetes,Bacteroidia,Chitinophagales,Saprospiraceae,Lewinella,ASV4040
ASV4041,Bacteroidetes,Bacteroidia,Chitinophagales,Saprospiraceae,Lewinella,ASV4041
ASV4042,Bacteroidetes,Bacteroidia,Chitinophagales,Saprospiraceae,Portibacter,ASV4042
ASV4043,Spirochaetes,Leptospirae,Leptospirales,Leptospiraceae,ASV4043,ASV4043
ASV4044,Bacteroidetes,Bacteroidia,Sphingobacteriales,NS11-12_marine_group,ASV4044,ASV4044
ASV4045,Patescibacteria,ASV4045,ASV4045,ASV4045,ASV4045,ASV4045
ASV4046,Bacteroidetes,Bacteroidia,Chitinophagales,ASV4046,ASV4046,ASV4046
ASV4047,Proteobacteria,Deltaproteobacteria,Bdellovibrionales,Bdellovibrionaceae,Bdellovibrio,ASV4047
ASV4048,Firmicutes,Clostridia,Clostridiales,Clostridiaceae_1,ASV4048,ASV4048
ASV4049,Firmicutes,Clostridia,Clostridiales,Clostridiaceae_1,Clostridium_sensu_stricto_1,ASV4049
ASV4050,Proteobacteria,Alphaproteobacteria,Rhodobacterales,Rhodobacteraceae,ASV4050,ASV4050
ASV4051,Proteobacteria,Alphaproteobacteria,Rhodobacterales,Rhodobacteraceae,Pseudorhodobacter,ASV4051
ASV4052,Proteobacteria,Alphaproteobacteria,Rhizobiales,Beijerinckiaceae,Methylobacterium,ASV4052
ASV4053,Proteobacteria,Deltaproteobacteria,Bdellovibrionales,Bdellovibrionaceae,OM27_clade,ASV4053
ASV4054,Proteobacteria,Alphaproteobacteria,Rhizobiales,Rhizobiaceae,Pseudochrobactrum,ASV4054
ASV4055,Proteobacteria,Gammaproteobacteria,SAR86_clade,ASV4055,ASV4055,ASV4055
ASV4056,Proteobacteria,Gammaproteobacteria,Thiohalorhabdales,Thiohalorhabdaceae,ASV4056,ASV4056
ASV4057,Proteobacteria,Gammaproteobacteria,KI89A_clade,ASV4057,ASV4057,ASV4057
ASV4058,Proteobacteria,Gammaproteobacteria,ASV4058,ASV4058,ASV4058,ASV4058
ASV4059,Proteobacteria,Gammaproteobacteria,Coxiellales,Coxiellaceae,Coxiella,ASV4059
ASV4060,Proteobacteria,Gammaproteobacteria,ASV4060,ASV4060,ASV4060,ASV4060
ASV4061,Proteobacteria,Gammaproteobacteria,Salinisphaerales,Algiphilaceae,Algiphilus,ASV4061
ASV4062,Proteobacteria,Alphaproteobacteria,Caulobacterales,Parvularculaceae,ASV4062,ASV4062
ASV4063,Proteobacteria,Deltaproteobacteria,Bdellovibrionales,Bacteriovoracaceae,ASV4063,ASV4063
ASV4064,Proteobacteria,Deltaproteobacteria,Bdellovibrionales,Bacteriovoracaceae,Peredibacter,ASV4064
ASV4065,Proteobacteria,Alphaproteobacteria,ASV4065,ASV4065,ASV4065,ASV4065
ASV4066,Proteobacteria,Deltaproteobacteria,Myxococcales,Nannocystaceae,ASV4066,ASV4066
ASV4067,Proteobacteria,Deltaproteobacteria,Myxococcales,Nannocystaceae,ASV4067,ASV4067
ASV4068,Firmicutes,Clostridia,Clostridiales,Peptostreptococcaceae,ASV4068,ASV4068
ASV4069,Proteobacteria,Alphaproteobacteria,Caulobacterales,Parvularculaceae,Amphiplicatus,ASV4069
ASV4070,Proteobacteria,Alphaproteobacteria,Rhodospirillales,Terasakiellaceae,Terasakiella,ASV4070
ASV4071,Proteobacteria,ASV4071,ASV4071,ASV4071,ASV4071,ASV4071
ASV4072,Proteobacteria,Deltaproteobacteria,Myxococcales,Polyangiaceae,Pajaroellobacter,ASV4072
ASV4073,Proteobacteria,Gammaproteobacteria,ASV4073,ASV4073,ASV4073,ASV4073
ASV4074,Proteobacteria,Alphaproteobacteria,Sphingomonadales,Sphingomonadaceae,Sphingomonas,ASV4074
ASV4075,Bacteroidetes,Bacteroidia,Cytophagales,Amoebophilaceae,Candidatus_Amoebophilus,ASV4075
ASV4076,Bacteroidetes,Bacteroidia,Sphingobacteriales,ASV4076,ASV4076,ASV4076
ASV4077,Planctomycetes,Phycisphaerae,Phycisphaerales,Phycisphaeraceae,CL500-3,ASV4077
ASV4078,Proteobacteria,Deltaproteobacteria,SAR324_clade(Marine_group_B),ASV4078,ASV4078,ASV4078
ASV4079,Proteobacteria,Deltaproteobacteria,ASV4079,ASV4079,ASV4079,ASV4079
ASV4080,Proteobacteria,ASV4080,ASV4080,ASV4080,ASV4080,ASV4080
ASV4081,Proteobacteria,Alphaproteobacteria,Rhizobiales,ASV4081,ASV4081,ASV4081
ASV4082,Proteobacteria,Deltaproteobacteria,Desulfovibrionales,Desulfovibrionaceae,ASV4082,ASV4082
ASV4083,Proteobacteria,Alphaproteobacteria,Kordiimonadales,ASV4083,ASV4083,ASV4083
ASV4084,Gemmatimonadetes,Longimicrobia,Longimicrobiales,Longimicrobiaceae,ASV4084,ASV4084
ASV4085,Acidobacteria,Thermoanaerobaculia,Thermoanaerobaculales,Thermoanaerobaculaceae,ASV4085,ASV4085
ASV4086,Proteobacteria,Alphaproteobacteria,ASV4086,ASV4086,ASV4086,ASV4086
ASV4087,Bacteroidetes,Bacteroidia,Flavobacteriales,Flavobacteriaceae,ASV4087,ASV4087
ASV4088,Bacteroidetes,Bacteroidia,Flavobacteriales,Flavobacteriaceae,ASV4088,ASV4088
ASV4089,Proteobacteria,Gammaproteobacteria,Alteromonadales,Colwelliaceae,ASV4089,ASV4089
ASV4090,Proteobacteria,Gammaproteobacteria,Alteromonadales,Colwelliaceae,Thalassotalea,ASV4090
ASV4091,Proteobacteria,Gammaproteobacteria,ASV4091,ASV4091,ASV4091,ASV4091
ASV4092,Proteobacteria,Gammaproteobacteria,Alteromonadales,ASV4092,ASV4092,ASV4092
ASV4093,Proteobacteria,Gammaproteobacteria,ASV4093,ASV4093,ASV4093,ASV4093
ASV4094,Proteobacteria,Gammaproteobacteria,Cellvibrionales,Halieaceae,Pseudohaliea,ASV4094
ASV4095,Patescibacteria,CPR2,ASV4095,ASV4095,ASV4095,ASV4095
ASV4096,Proteobacteria,Gammaproteobacteria,Oceanospirillales,Alcanivoracaceae,Alcanivorax,ASV4096
ASV4097,Bacteroidetes,Bacteroidia,Cytophagales,Cyclobacteriaceae,ASV4097,ASV4097
ASV4098,Proteobacteria,Gammaproteobacteria,ASV4098,ASV4098,ASV4098,ASV4098
ASV4099,Proteobacteria,Gammaproteobacteria,Vibrionales,Vibrionaceae,Photobacterium,ASV4099
ASV4100,Proteobacteria,Gammaproteobacteria,ASV4100,ASV4100,ASV4100,ASV4100
ASV4101,Proteobacteria,Gammaproteobacteria,ASV4101,ASV4101,ASV4101,ASV4101
ASV4102,Proteobacteria,Alphaproteobacteria,ASV4102,ASV4102,ASV4102,ASV4102
ASV4103,Proteobacteria,Deltaproteobacteria,Bdellovibrionales,Bacteriovoracaceae,ASV4103,ASV4103
ASV4104,Proteobacteria,Deltaproteobacteria,Bdellovibrionales,Bacteriovoracaceae,Halobacteriovorax,ASV4104
ASV4105,Planctomycetes,Phycisphaerae,Phycisphaerales,Phycisphaeraceae,SM1A02,ASV4105
ASV4106,Proteobacteria,Alphaproteobacteria,Rhodovibrionales,Kiloniellaceae,Tistlia,ASV4106
ASV4107,Proteobacteria,Alphaproteobacteria,ASV4107,ASV4107,ASV4107,ASV4107
ASV4108,Proteobacteria,Alphaproteobacteria,Micavibrionales,Micavibrionaceae,ASV4108,ASV4108
ASV4109,Proteobacteria,Alphaproteobacteria,Micavibrionales,ASV4109,ASV4109,ASV4109
ASV4110,Fusobacteria,Fusobacteriia,Fusobacteriales,Fusobacteriaceae,Psychrilyobacter,ASV4110
ASV4111,Proteobacteria,Deltaproteobacteria,NB1-j,ASV4111,ASV4111,ASV4111
ASV4112,Dependentiae,Babeliae,Babeliales,Vermiphilaceae,ASV4112,ASV4112
ASV4113,Actinobacteria,Actinobacteria,Pseudonocardiales,Pseudonocardiaceae,Pseudonocardia,ASV4113
ASV4114,Actinobacteria,Actinobacteria,Frankiales,Frankiaceae,Jatrophihabitans,ASV4114
ASV4115,Proteobacteria,Deltaproteobacteria,Oligoflexales,0319-6G20,ASV4115,ASV4115
ASV4116,Firmicutes,Clostridia,Clostridiales,Ruminococcaceae,Oscillibacter,ASV4116
ASV4117,Bacteroidetes,Bacteroidia,Flavobacteriales,Cryomorphaceae,ASV4117,ASV4117
ASV4118,Proteobacteria,Gammaproteobacteria,ASV4118,ASV4118,ASV4118,ASV4118
ASV4119,Proteobacteria,Gammaproteobacteria,Francisellales,Francisellaceae,Francisella,ASV4119
ASV4120,Proteobacteria,Gammaproteobacteria,Alteromonadales,Marinobacteraceae,Marinobacter,ASV4120
ASV4121,Proteobacteria,Gammaproteobacteria,Legionellales,Legionellaceae,ASV4121,ASV4121
ASV4122,Proteobacteria,Deltaproteobacteria,Myxococcales,Sandaracinaceae,ASV4122,ASV4122
ASV4123,Patescibacteria,Parcubacteria,ASV4123,ASV4123,ASV4123,ASV4123
ASV4124,Proteobacteria,Deltaproteobacteria,Myxococcales,Nannocystaceae,ASV4124,ASV4124
ASV4125,ASV4125,ASV4125,ASV4125,ASV4125,ASV4125,ASV4125
ASV4126,ASV4126,ASV4126,ASV4126,ASV4126,ASV4126,ASV4126
ASV4127,Proteobacteria,Deltaproteobacteria,Bdellovibrionales,Bdellovibrionaceae,Bdellovibrio,ASV4127
ASV4128,Proteobacteria,Alphaproteobacteria,SAR11_clade,Clade_II,ASV4128,ASV4128
ASV4129,Actinobacteria,Actinobacteria,Corynebacteriales,Corynebacteriaceae,Corynebacterium_1,ASV4129
ASV4130,Actinobacteria,Actinobacteria,Corynebacteriales,Dietziaceae,Dietzia,ASV4130
ASV4131,Actinobacteria,Acidimicrobiia,Actinomarinales,ASV4131,ASV4131,ASV4131
ASV4132,Actinobacteria,Actinobacteria,Micrococcales,Intrasporangiaceae,Janibacter,ASV4132
ASV4133,Proteobacteria,Gammaproteobacteria,SS1-B-04-55,ASV4133,ASV4133,ASV4133
ASV4134,Lentisphaerae,Oligosphaeria,ASV4134,ASV4134,ASV4134,ASV4134
ASV4135,Chlamydiae,Chlamydiae,Chlamydiales,Simkaniaceae,ASV4135,ASV4135
ASV4136,Planctomycetes,ASV4136,ASV4136,ASV4136,ASV4136,ASV4136
ASV4137,Planctomycetes,ASV4137,ASV4137,ASV4137,ASV4137,ASV4137
ASV4138,Planctomycetes,ASV4138,ASV4138,ASV4138,ASV4138,ASV4138
ASV4139,PAUC34f,ASV4139,ASV4139,ASV4139,ASV4139,ASV4139
ASV4140,Latescibacteria,ASV4140,ASV4140,ASV4140,ASV4140,ASV4140
ASV4141,Planctomycetes,Planctomycetacia,Pirellulales,Pirellulaceae,Blastopirellula,ASV4141
ASV4142,Planctomycetes,Planctomycetacia,Pirellulales,Pirellulaceae,Pir4_lineage,ASV4142
ASV4143,Planctomycetes,Planctomycetacia,Pirellulales,Pirellulaceae,ASV4143,ASV4143
ASV4144,Chlamydiae,Chlamydiae,Chlamydiales,Criblamydiaceae,ASV4144,ASV4144
ASV4145,Planctomycetes,Phycisphaerae,Tepidisphaerales,Tepidisphaeraceae,ASV4145,ASV4145
ASV4146,Planctomycetes,Planctomycetacia,ASV4146,ASV4146,ASV4146,ASV4146
ASV4147,Chlamydiae,Chlamydiae,Chlamydiales,Simkaniaceae,ASV4147,ASV4147
ASV4148,Chlamydiae,Chlamydiae,Chlamydiales,Chlamydiaceae,ASV4148,ASV4148
ASV4149,Chlamydiae,Chlamydiae,Chlamydiales,Parachlamydiaceae,ASV4149,ASV4149
ASV4150,Acidobacteria,Thermoanaerobaculia,Thermoanaerobaculales,Thermoanaerobaculaceae,Subgroup_10,ASV4150
ASV4151,Patescibacteria,Gracilibacteria,Absconditabacteriales_(SR1),ASV4151,ASV4151,ASV4151
ASV4152,Proteobacteria,Alphaproteobacteria,Rhodobacterales,Rhodobacteraceae,Nioella,ASV4152
ASV4153,Proteobacteria,Alphaproteobacteria,Rhodobacterales,Rhodobacteraceae,Pseudodonghicola,ASV4153
ASV4154,Proteobacteria,Alphaproteobacteria,Rhodobacterales,Rhodobacteraceae,Pseudodonghicola,ASV4154
ASV4155,Proteobacteria,Alphaproteobacteria,Rhodobacterales,Rhodobacteraceae,Roseivivax,ASV4155
ASV4156,Proteobacteria,Alphaproteobacteria,Rhodobacterales,Rhodobacteraceae,ASV4156,ASV4156
ASV4157,Proteobacteria,Alphaproteobacteria,Caulobacterales,Hyphomonadaceae,Ponticaulis,ASV4157
ASV4158,Proteobacteria,Alphaproteobacteria,Caulobacterales,Hyphomonadaceae,ASV4158,ASV4158
ASV4159,Proteobacteria,Alphaproteobacteria,Sphingomonadales,Sphingomonadaceae,Parasphingopyxis,ASV4159
ASV4160,Proteobacteria,Alphaproteobacteria,Caulobacterales,Hyphomonadaceae,ASV4160,ASV4160
ASV4161,Proteobacteria,Deltaproteobacteria,Oligoflexales,Oligoflexaceae,ASV4161,ASV4161
ASV4162,Proteobacteria,Gammaproteobacteria,Alteromonadales,Alteromonadaceae,Alteromonas,ASV4162
ASV4163,Proteobacteria,Alphaproteobacteria,Caulobacterales,Hyphomonadaceae,Ponticaulis,ASV4163
ASV4164,Proteobacteria,Gammaproteobacteria,Alteromonadales,Alteromonadaceae,ASV4164,ASV4164
ASV4165,Proteobacteria,Gammaproteobacteria,Alteromonadales,Alteromonadaceae,ASV4165,ASV4165
ASV4166,Proteobacteria,Gammaproteobacteria,Alteromonadales,Alteromonadaceae,Aestuariibacter,ASV4166
ASV4167,Proteobacteria,ASV4167,ASV4167,ASV4167,ASV4167,ASV4167
ASV4168,Proteobacteria,Deltaproteobacteria,ASV4168,ASV4168,ASV4168,ASV4168
ASV4169,Proteobacteria,Gammaproteobacteria,ASV4169,ASV4169,ASV4169,ASV4169
ASV4170,Proteobacteria,Alphaproteobacteria,Micavibrionales,Micavibrionaceae,ASV4170,ASV4170
ASV4171,Bacteroidetes,Bacteroidia,Chitinophagales,ASV4171,ASV4171,ASV4171
ASV4172,Proteobacteria,Alphaproteobacteria,ASV4172,ASV4172,ASV4172,ASV4172
ASV4173,Proteobacteria,Alphaproteobacteria,Holosporales,Holosporaceae,ASV4173,ASV4173
ASV4174,Patescibacteria,Gracilibacteria,JGI_0000069-P22,ASV4174,ASV4174,ASV4174
ASV4175,Bacteroidetes,Bacteroidia,Cytophagales,ASV4175,ASV4175,ASV4175
ASV4176,Bacteroidetes,Bacteroidia,Chitinophagales,Saprospiraceae,ASV4176,ASV4176
ASV4177,Proteobacteria,Deltaproteobacteria,SAR324_clade(Marine_group_B),ASV4177,ASV4177,ASV4177
ASV4178,Nitrospirae,Nitrospira,Nitrospirales,Nitrospiraceae,Nitrospira,ASV4178
ASV4179,Bacteroidetes,Ignavibacteria,OPB56,ASV4179,ASV4179,ASV4179
ASV4180,Proteobacteria,Gammaproteobacteria,Betaproteobacteriales,Burkholderiaceae,Achromobacter,ASV4180
ASV4181,Proteobacteria,Gammaproteobacteria,Betaproteobacteriales,Burkholderiaceae,Cupriavidus,ASV4181
ASV4182,Proteobacteria,Gammaproteobacteria,Gammaproteobacteria_Incertae_Sedis,Unknown_Family,Wenzhouxiangella,ASV4182
ASV4183,Proteobacteria,Gammaproteobacteria,Betaproteobacteriales,Burkholderiaceae,MWH-UniP1_aquatic_group,ASV4183
ASV4184,Proteobacteria,Gammaproteobacteria,Betaproteobacteriales,Burkholderiaceae,Pelomonas,ASV4184
ASV4185,Proteobacteria,Gammaproteobacteria,Betaproteobacteriales,Burkholderiaceae,ASV4185,ASV4185
ASV4186,Proteobacteria,Gammaproteobacteria,Betaproteobacteriales,Burkholderiaceae,Massilia,ASV4186
ASV4187,Proteobacteria,Alphaproteobacteria,Tistrellales,Geminicoccaceae,Candidatus_Alysiosphaera,ASV4187
ASV4188,Bacteroidetes,Bacteroidia,Chitinophagales,Saprospiraceae,Portibacter,ASV4188
ASV4189,Bacteroidetes,Bacteroidia,Chitinophagales,Saprospiraceae,Saprospira,ASV4189
ASV4190,Bacteroidetes,Bacteroidia,Chitinophagales,Saprospiraceae,Portibacter,ASV4190
ASV4191,Armatimonadetes,Fimbriimonadia,Fimbriimonadales,Fimbriimonadaceae,ASV4191,ASV4191
ASV4192,Bacteroidetes,Bacteroidia,Chitinophagales,Chitinophagaceae,Ferruginibacter,ASV4192
ASV4193,Patescibacteria,Gracilibacteria,Candidatus_Peregrinibacteria,ASV4193,ASV4193,ASV4193
ASV4194,Proteobacteria,Deltaproteobacteria,Bdellovibrionales,Bdellovibrionaceae,Bdellovibrio,ASV4194
ASV4195,Proteobacteria,Gammaproteobacteria,F9P41300-M23,ASV4195,ASV4195,ASV4195
ASV4196,Firmicutes,Clostridia,Clostridiales,Clostridiaceae_1,Clostridium_sensu_stricto_1,ASV4196
ASV4197,Firmicutes,Clostridia,Clostridiales,Lachnospiraceae,ASV4197,ASV4197
ASV4198,Firmicutes,Clostridia,Clostridiales,Family_XII,Fusibacter,ASV4198
ASV4199,Proteobacteria,Alphaproteobacteria,Rhizobiales,Beijerinckiaceae,Methylobacterium,ASV4199
ASV4200,Proteobacteria,Alphaproteobacteria,Rhodobacterales,Rhodobacteraceae,Paracoccus,ASV4200
ASV4201,Proteobacteria,Alphaproteobacteria,Rhizobiales,Rhizobiaceae,ASV4201,ASV4201
ASV4202,Proteobacteria,Alphaproteobacteria,ASV4202,ASV4202,ASV4202,ASV4202
ASV4203,Patescibacteria,ABY1,Candidatus_Kerfeldbacteria,ASV4203,ASV4203,ASV4203
ASV4204,Proteobacteria,Gammaproteobacteria,SZB50,ASV4204,ASV4204,ASV4204
ASV4205,Proteobacteria,Gammaproteobacteria,Thiohalorhabdales,Thiohalorhabdaceae,ASV4205,ASV4205
ASV4206,Proteobacteria,Gammaproteobacteria,Oceanospirillales,Litoricolaceae,Litoricola,ASV4206
ASV4207,Proteobacteria,Gammaproteobacteria,Coxiellales,Coxiellaceae,Coxiella,ASV4207
ASV4208,Proteobacteria,Alphaproteobacteria,Rhizobiales,Methyloligellaceae,ASV4208,ASV4208
ASV4209,Proteobacteria,Alphaproteobacteria,Parvibaculales,Parvibaculaceae,Candidatus_Phaeomarinobacter,ASV4209
ASV4210,Planctomycetes,ASV4210,ASV4210,ASV4210,ASV4210,ASV4210
ASV4211,Proteobacteria,Deltaproteobacteria,Bdellovibrionales,Bacteriovoracaceae,Peredibacter,ASV4211
ASV4212,Firmicutes,Bacilli,Bacillales,Bacillaceae,Bacillus,ASV4212
ASV4213,Firmicutes,Bacilli,Bacillales,Bacillaceae,Bacillus,ASV4213
ASV4214,Firmicutes,Bacilli,Bacillales,Bacillaceae,Bacillus,ASV4214
ASV4215,Firmicutes,Bacilli,Lactobacillales,Aerococcaceae,Ignavigranum,ASV4215
ASV4216,Firmicutes,Bacilli,Lactobacillales,Aerococcaceae,Eremococcus,ASV4216
ASV4217,Proteobacteria,Alphaproteobacteria,ASV4217,ASV4217,ASV4217,ASV4217
ASV4218,Proteobacteria,Alphaproteobacteria,ASV4218,ASV4218,ASV4218,ASV4218
ASV4219,Firmicutes,Bacilli,Lactobacillales,Streptococcaceae,Streptococcus,ASV4219
ASV4220,Proteobacteria,Alphaproteobacteria,Rhodobacterales,Rhodobacteraceae,ASV4220,ASV4220
ASV4221,Proteobacteria,Alphaproteobacteria,ASV4221,ASV4221,ASV4221,ASV4221
ASV4222,Proteobacteria,Alphaproteobacteria,Caulobacterales,ASV4222,ASV4222,ASV4222
ASV4223,Proteobacteria,Alphaproteobacteria,Sphingomonadales,Sphingomonadaceae,Sphingobium,ASV4223
ASV4224,Proteobacteria,Alphaproteobacteria,Sphingomonadales,Sphingomonadaceae,Sphingorhabdus,ASV4224
ASV4225,Proteobacteria,Alphaproteobacteria,Sphingomonadales,Sphingomonadaceae,Sphingomonas,ASV4225
ASV4226,Dependentiae,Babeliae,Babeliales,Vermiphilaceae,ASV4226,ASV4226
ASV4227,Bacteroidetes,Bacteroidia,Bacteroidales,Marinifilaceae,Marinifilum,ASV4227
ASV4228,Planctomycetes,Phycisphaerae,Phycisphaerales,Phycisphaeraceae,SM1A02,ASV4228
ASV4229,Planctomycetes,Phycisphaerae,Phycisphaerales,Phycisphaeraceae,SM1A02,ASV4229
ASV4230,Bacteroidetes,Bacteroidia,Bacteroidales,Marinifilaceae,ASV4230,ASV4230
ASV4231,Fibrobacteres,Chitinivibrionia,Chitinivibrionales,Chitinivibrionaceae,Chitinivibrio,ASV4231
ASV4232,ASV4232,ASV4232,ASV4232,ASV4232,ASV4232,ASV4232
ASV4233,Proteobacteria,Alphaproteobacteria,Rhizobiales,ASV4233,ASV4233,ASV4233
ASV4234,Proteobacteria,Alphaproteobacteria,Rhodospirillales,ASV4234,ASV4234,ASV4234
ASV4235,Bacteroidetes,Bacteroidia,Flavobacteriales,Flavobacteriaceae,NS4_marine_group,ASV4235
ASV4237,Proteobacteria,ASV4237,ASV4237,ASV4237,ASV4237,ASV4237
ASV4238,Proteobacteria,Deltaproteobacteria,Desulfovibrionales,Desulfovibrionaceae,Desulfovibrio,ASV4238
ASV4239,Proteobacteria,Alphaproteobacteria,Caulobacterales,Hyphomonadaceae,Hyphobacterium,ASV4239
ASV4240,Calditrichaeota,Calditrichia,Calditrichales,Calditrichaceae,Calorithrix,ASV4240
ASV4241,Calditrichaeota,Calditrichia,Calditrichales,Calditrichaceae,Calorithrix,ASV4241
ASV4242,Proteobacteria,Alphaproteobacteria,Kordiimonadales,Temperatibacteraceae,Temperatibacter,ASV4242
ASV4243,Proteobacteria,Deltaproteobacteria,PB19,ASV4243,ASV4243,ASV4243
ASV4244,Proteobacteria,Deltaproteobacteria,PB19,ASV4244,ASV4244,ASV4244
ASV4245,Bacteroidetes,Bacteroidia,Flavobacteriales,Flavobacteriaceae,Hoppeia,ASV4245
ASV4246,Bacteroidetes,Rhodothermia,Balneolales,Balneolaceae,B2706-C7,ASV4246
ASV4247,Proteobacteria,Gammaproteobacteria,Pseudomonadales,Pseudomonadaceae,Pseudomonas,ASV4247
ASV4248,Proteobacteria,Gammaproteobacteria,Oceanospirillales,Halomonadaceae,Halomonas,ASV4248
ASV4249,Proteobacteria,Gammaproteobacteria,Cellvibrionales,Spongiibacteraceae,BD1-7_clade,ASV4249
ASV4250,Proteobacteria,Gammaproteobacteria,Cellvibrionales,Spongiibacteraceae,Spongiibacter,ASV4250
ASV4251,Proteobacteria,Gammaproteobacteria,Cellvibrionales,Halieaceae,Luminiphilus,ASV4251
ASV4252,Proteobacteria,Gammaproteobacteria,ASV4252,ASV4252,ASV4252,ASV4252
ASV4253,Bacteroidetes,Bacteroidia,Flavobacteriales,Flavobacteriaceae,Aureicoccus,ASV4253
ASV4254,Proteobacteria,Gammaproteobacteria,Alteromonadales,Shewanellaceae,Shewanella,ASV4254
ASV4255,Proteobacteria,Gammaproteobacteria,Vibrionales,Vibrionaceae,Grimontia,ASV4255
ASV4256,Proteobacteria,Deltaproteobacteria,Bdellovibrionales,Bacteriovoracaceae,Peredibacter,ASV4256
ASV4257,Spirochaetes,Spirochaetia,Spirochaetales,Spirochaetaceae,Alkalispirochaeta,ASV4257
ASV4258,Proteobacteria,Alphaproteobacteria,Thalassobaculales,ASV4258,ASV4258,ASV4258
ASV4259,Proteobacteria,Alphaproteobacteria,Thalassobaculales,ASV4259,ASV4259,ASV4259
ASV4260,Proteobacteria,Alphaproteobacteria,Thalassobaculales,ASV4260,ASV4260,ASV4260
ASV4261,Proteobacteria,Alphaproteobacteria,Thalassobaculales,ASV4261,ASV4261,ASV4261
ASV4262,Proteobacteria,Alphaproteobacteria,Rhodovibrionales,Kiloniellaceae,Pelagibius,ASV4262
ASV4263,Proteobacteria,Alphaproteobacteria,Rhodovibrionales,Kiloniellaceae,ASV4263,ASV4263
ASV4264,Proteobacteria,Alphaproteobacteria,Micavibrionales,Micavibrionaceae,ASV4264,ASV4264
ASV4265,Proteobacteria,Deltaproteobacteria,ASV4265,ASV4265,ASV4265,ASV4265
ASV4266,Actinobacteria,Actinobacteria,Frankiales,Geodermatophilaceae,ASV4266,ASV4266
ASV4267,Patescibacteria,Saccharimonadia,Saccharimonadales,ASV4267,ASV4267,ASV4267
ASV4268,Proteobacteria,Deltaproteobacteria,Bdellovibrionales,Bdellovibrionaceae,OM27_clade,ASV4268
ASV4269,Proteobacteria,Gammaproteobacteria,ASV4269,ASV4269,ASV4269,ASV4269
ASV4270,ASV4270,ASV4270,ASV4270,ASV4270,ASV4270,ASV4270
ASV4271,Patescibacteria,Saccharimonadia,Saccharimonadales,ASV4271,ASV4271,ASV4271
ASV4272,Bacteroidetes,Rhodothermia,Rhodothermales,Rhodothermaceae,ASV4272,ASV4272
ASV4273,Entotheonellaeota,Entotheonellia,Entotheonellales,Entotheonellaceae,ASV4273,ASV4273
ASV4274,Actinobacteria,Actinobacteria,Actinomycetales,Actinomycetaceae,Mobiluncus,ASV4274
ASV4275,ASV4275,ASV4275,ASV4275,ASV4275,ASV4275,ASV4275
ASV4276,Patescibacteria,Gracilibacteria,Candidatus_Peregrinibacteria,ASV4276,ASV4276,ASV4276
ASV4277,Patescibacteria,Saccharimonadia,Saccharimonadales,ASV4277,ASV4277,ASV4277
ASV4278,Proteobacteria,Alphaproteobacteria,SAR11_clade,Clade_II,ASV4278,ASV4278
ASV4279,Proteobacteria,Alphaproteobacteria,SAR11_clade,Clade_II,ASV4279,ASV4279
ASV4280,Proteobacteria,Alphaproteobacteria,ASV4280,ASV4280,ASV4280,ASV4280
ASV4281,Actinobacteria,Actinobacteria,Micrococcales,Micrococcaceae,Micrococcus,ASV4281
ASV4282,Actinobacteria,Actinobacteria,Micrococcales,Micrococcaceae,Micrococcus,ASV4282
ASV4283,Actinobacteria,Actinobacteria,Micrococcales,ASV4283,ASV4283,ASV4283
ASV4284,Proteobacteria,Alphaproteobacteria,Rickettsiales,Mitochondria,ASV4284,ASV4284
ASV4285,Proteobacteria,Deltaproteobacteria,Bradymonadales,ASV4285,ASV4285,ASV4285
ASV4286,Planctomycetes,Planctomycetacia,Gemmatales,Gemmataceae,Gemmata,ASV4286
ASV4287,Planctomycetes,OM190,ASV4287,ASV4287,ASV4287,ASV4287
ASV4288,Actinobacteria,Acidimicrobiia,Actinomarinales,ASV4288,ASV4288,ASV4288
ASV4289,Planctomycetes,Planctomycetacia,Planctomycetales,Rubinisphaeraceae,Planctomicrobium,ASV4289
ASV4290,Planctomycetes,Planctomycetacia,Pirellulales,Pirellulaceae,Rhodopirellula,ASV4290
ASV4291,Planctomycetes,Planctomycetacia,Pirellulales,Pirellulaceae,Blastopirellula,ASV4291
ASV4292,Planctomycetes,Pla3_lineage,ASV4292,ASV4292,ASV4292,ASV4292
ASV4293,Patescibacteria,Parcubacteria,Candidatus_Kaiserbacteria,ASV4293,ASV4293,ASV4293
ASV4294,Patescibacteria,Parcubacteria,Candidatus_Kaiserbacteria,ASV4294,ASV4294,ASV4294
ASV4295,Planctomycetes,Planctomycetacia,ASV4295,ASV4295,ASV4295,ASV4295
ASV4296,Chlamydiae,Chlamydiae,Chlamydiales,ASV4296,ASV4296,ASV4296
ASV4297,Chlamydiae,Chlamydiae,Chlamydiales,Simkaniaceae,ASV4297,ASV4297
ASV4298,Chlamydiae,Chlamydiae,Chlamydiales,Simkaniaceae,ASV4298,ASV4298
ASV4299,Proteobacteria,Alphaproteobacteria,Rickettsiales,Mitochondria,ASV4299,ASV4299
ASV4300,Patescibacteria,Gracilibacteria,Candidatus_Peregrinibacteria,ASV4300,ASV4300,ASV4300
ASV4301,Proteobacteria,Alphaproteobacteria,Rickettsiales,Mitochondria,ASV4301,ASV4301
ASV4302,Proteobacteria,Gammaproteobacteria,Oceanospirillales,Endozoicomonadaceae,Endozoicomonas,ASV4302
ASV4303,Proteobacteria,Gammaproteobacteria,Alteromonadales,Alteromonadaceae,ASV4303,ASV4303
ASV4304,Poribacteria,ASV4304,ASV4304,ASV4304,ASV4304,ASV4304
ASV4305,Proteobacteria,Alphaproteobacteria,Rhodobacterales,Rhodobacteraceae,Pseudodonghicola,ASV4305
ASV4306,Proteobacteria,Alphaproteobacteria,Rhodobacterales,Rhodobacteraceae,ASV4306,ASV4306
ASV4307,Proteobacteria,Alphaproteobacteria,Rhodobacterales,Rhodobacteraceae,ASV4307,ASV4307
ASV4308,Proteobacteria,Alphaproteobacteria,Caulobacterales,Hyphomonadaceae,ASV4308,ASV4308
ASV4309,Proteobacteria,Alphaproteobacteria,Rhodobacterales,Rhodobacteraceae,ASV4309,ASV4309
ASV4310,Proteobacteria,Gammaproteobacteria,Alteromonadales,Alteromonadaceae,ASV4310,ASV4310
ASV4311,Proteobacteria,Gammaproteobacteria,Alteromonadales,Alteromonadaceae,ASV4311,ASV4311
ASV4312,Proteobacteria,Gammaproteobacteria,Alteromonadales,Alteromonadaceae,ASV4312,ASV4312
ASV4313,Proteobacteria,Gammaproteobacteria,Alteromonadales,Alteromonadaceae,ASV4313,ASV4313
ASV4314,Acidobacteria,Thermoanaerobaculia,Thermoanaerobaculales,Thermoanaerobaculaceae,Subgroup_10,ASV4314
ASV4315,Bacteroidetes,Bacteroidia,Cytophagales,Spirosomaceae,Pseudarcicella,ASV4315
ASV4316,Chloroflexi,Dehalococcoidia,SAR202_clade,ASV4316,ASV4316,ASV4316
ASV4317,Bacteroidetes,Bacteroidia,Chitinophagales,Saprospiraceae,ASV4317,ASV4317
ASV4318,Bacteroidetes,Bacteroidia,Chitinophagales,Saprospiraceae,ASV4318,ASV4318
ASV4319,Bacteroidetes,Bacteroidia,Chitinophagales,Saprospiraceae,Saprospira,ASV4319
ASV4320,Proteobacteria,ASV4320,ASV4320,ASV4320,ASV4320,ASV4320
ASV4321,Proteobacteria,Deltaproteobacteria,SAR324_clade(Marine_group_B),ASV4321,ASV4321,ASV4321
ASV4322,Proteobacteria,Gammaproteobacteria,Betaproteobacteriales,Rhodocyclaceae,Dechloromonas,ASV4322
ASV4323,Proteobacteria,Gammaproteobacteria,Betaproteobacteriales,Burkholderiaceae,Ralstonia,ASV4323
ASV4324,Patescibacteria,Parcubacteria,Candidatus_Moranbacteria,ASV4324,ASV4324,ASV4324
ASV4325,Bacteroidetes,Bacteroidia,Chitinophagales,Saprospiraceae,ASV4325,ASV4325
ASV4326,Bacteroidetes,Bacteroidia,Chitinophagales,Saprospiraceae,ASV4326,ASV4326
ASV4327,Proteobacteria,Deltaproteobacteria,Bdellovibrionales,Bdellovibrionaceae,Bdellovibrio,ASV4327
ASV4328,Proteobacteria,Deltaproteobacteria,Oligoflexales,Oligoflexaceae,Oligoflexus,ASV4328
ASV4329,Proteobacteria,Alphaproteobacteria,Rhodobacterales,Rhodobacteraceae,ASV4329,ASV4329
ASV4330,Proteobacteria,Alphaproteobacteria,Rhodobacterales,Rhodobacteraceae,Albimonas,ASV4330
ASV4331,Proteobacteria,Alphaproteobacteria,Rhizobiales,ASV4331,ASV4331,ASV4331
ASV4332,Proteobacteria,Deltaproteobacteria,Bdellovibrionales,Bdellovibrionaceae,OM27_clade,ASV4332
ASV4333,Proteobacteria,Alphaproteobacteria,Parvibaculales,Parvibaculaceae,ASV4333,ASV4333
ASV4334,Proteobacteria,Gammaproteobacteria,ASV4334,ASV4334,ASV4334,ASV4334
ASV4335,Proteobacteria,Gammaproteobacteria,SZB50,ASV4335,ASV4335,ASV4335
ASV4336,Proteobacteria,Gammaproteobacteria,Thiohalorhabdales,Thiohalorhabdaceae,ASV4336,ASV4336
ASV4337,Proteobacteria,Gammaproteobacteria,ASV4337,ASV4337,ASV4337,ASV4337
ASV4338,Proteobacteria,Gammaproteobacteria,ASV4338,ASV4338,ASV4338,ASV4338
ASV4339,Proteobacteria,Alphaproteobacteria,Sphingomonadales,Sphingomonadaceae,ASV4339,ASV4339
ASV4340,Proteobacteria,Gammaproteobacteria,Coxiellales,Coxiellaceae,Coxiella,ASV4340
ASV4341,Proteobacteria,Gammaproteobacteria,Coxiellales,Coxiellaceae,Coxiella,ASV4341
ASV4342,Planctomycetes,OM190,ASV4342,ASV4342,ASV4342,ASV4342
ASV4343,Proteobacteria,Deltaproteobacteria,Bdellovibrionales,Bacteriovoracaceae,Peredibacter,ASV4343
ASV4344,Proteobacteria,Alphaproteobacteria,Rhodobacterales,Rhodobacteraceae,ASV4344,ASV4344
ASV4345,Proteobacteria,Deltaproteobacteria,Myxococcales,Sandaracinaceae,Sandaracinus,ASV4345
ASV4346,ASV4346,ASV4346,ASV4346,ASV4346,ASV4346,ASV4346
ASV4347,ASV4347,ASV4347,ASV4347,ASV4347,ASV4347,ASV4347
ASV4348,Proteobacteria,Alphaproteobacteria,Rickettsiales,Anaplasmataceae,ASV4348,ASV4348
ASV4349,Firmicutes,Bacilli,Bacillales,Bacillaceae,Bacillus,ASV4349
ASV4350,Proteobacteria,Deltaproteobacteria,Myxococcales,Nannocystaceae,ASV4350,ASV4350
ASV4351,Proteobacteria,Deltaproteobacteria,Myxococcales,Nannocystaceae,ASV4351,ASV4351
ASV4352,Proteobacteria,Alphaproteobacteria,ASV4352,ASV4352,ASV4352,ASV4352
ASV4353,Proteobacteria,Deltaproteobacteria,Myxococcales,Nannocystaceae,ASV4353,ASV4353
ASV4354,ASV4354,ASV4354,ASV4354,ASV4354,ASV4354,ASV4354
ASV4355,Firmicutes,Clostridia,Clostridiales,Family_XI,Anaerococcus,ASV4355
ASV4356,Firmicutes,Clostridia,Clostridiales,Family_XI,Anaerococcus,ASV4356
ASV4357,Bacteroidetes,Bacteroidia,Flavobacteriales,Flavobacteriaceae,ASV4357,ASV4357
ASV4358,Proteobacteria,Alphaproteobacteria,Sphingomonadales,Sphingomonadaceae,Altererythrobacter,ASV4358
ASV4359,Proteobacteria,Alphaproteobacteria,Sphingomonadales,Sphingomonadaceae,Sphingomonas,ASV4359
ASV4360,Proteobacteria,Alphaproteobacteria,Alphaproteobacteria_Incertae_Sedis,Unknown_Family,Acuticoccus,ASV4360
ASV4361,Proteobacteria,ASV4361,ASV4361,ASV4361,ASV4361,ASV4361
ASV4362,Proteobacteria,Deltaproteobacteria,Myxococcales,P3OB-42,ASV4362,ASV4362
ASV4363,Proteobacteria,Deltaproteobacteria,Desulfovibrionales,Desulfovibrionaceae,Halodesulfovibrio,ASV4363
ASV4364,Proteobacteria,Alphaproteobacteria,Rhizobiales,ASV4364,ASV4364,ASV4364
ASV4365,Proteobacteria,Alphaproteobacteria,Caulobacterales,Hyphomonadaceae,Hyphobacterium,ASV4365
ASV4366,Actinobacteria,Thermoleophilia,Solirubrobacterales,67-14,ASV4366,ASV4366
ASV4367,Proteobacteria,Deltaproteobacteria,ASV4367,ASV4367,ASV4367,ASV4367
ASV4368,Proteobacteria,Deltaproteobacteria,ASV4368,ASV4368,ASV4368,ASV4368
ASV4369,Proteobacteria,Deltaproteobacteria,Myxococcales,Polyangiaceae,Pajaroellobacter,ASV4369
ASV4370,Proteobacteria,Alphaproteobacteria,Micavibrionales,Micavibrionaceae,ASV4370,ASV4370
ASV4371,Proteobacteria,Deltaproteobacteria,Desulfobacterales,Desulfobulbaceae,ASV4371,ASV4371
ASV4372,Proteobacteria,Gammaproteobacteria,Oceanospirillales,Alcanivoracaceae,Alcanivorax,ASV4372
ASV4373,Proteobacteria,Gammaproteobacteria,Oceanospirillales,Alcanivoracaceae,Alcanivorax,ASV4373
ASV4374,Proteobacteria,Gammaproteobacteria,ASV4374,ASV4374,ASV4374,ASV4374
ASV4375,Proteobacteria,Alphaproteobacteria,ASV4375,ASV4375,ASV4375,ASV4375
ASV4376,Proteobacteria,Gammaproteobacteria,Oceanospirillales,Nitrincolaceae,Amphritea,ASV4376
ASV4377,Proteobacteria,Gammaproteobacteria,Oceanospirillales,Saccharospirillaceae,ASV4377,ASV4377
ASV4378,Bacteroidetes,Bacteroidia,Cytophagales,ASV4378,ASV4378,ASV4378
ASV4379,Bacteroidetes,Bacteroidia,Cytophagales,Cyclobacteriaceae,ASV4379,ASV4379
ASV4380,Proteobacteria,Gammaproteobacteria,Vibrionales,Vibrionaceae,Grimontia,ASV4380
ASV4381,Proteobacteria,Gammaproteobacteria,Vibrionales,Vibrionaceae,Grimontia,ASV4381
ASV4382,Proteobacteria,Gammaproteobacteria,Vibrionales,Vibrionaceae,Vibrio,ASV4382
ASV4383,Fusobacteria,Fusobacteriia,Fusobacteriales,Fusobacteriaceae,Propionigenium,ASV4383
ASV4384,Proteobacteria,Gammaproteobacteria,Vibrionales,Vibrionaceae,Catenococcus,ASV4384
ASV4385,Proteobacteria,Gammaproteobacteria,ASV4385,ASV4385,ASV4385,ASV4385
ASV4386,Proteobacteria,Alphaproteobacteria,Micavibrionales,ASV4386,ASV4386,ASV4386
ASV4387,ASV4387,ASV4387,ASV4387,ASV4387,ASV4387,ASV4387
ASV4388,Proteobacteria,Alphaproteobacteria,Rhodovibrionales,ASV4388,ASV4388,ASV4388
ASV4389,Proteobacteria,Alphaproteobacteria,Micavibrionales,Micavibrionaceae,ASV4389,ASV4389
ASV4390,Proteobacteria,Deltaproteobacteria,ASV4390,ASV4390,ASV4390,ASV4390
ASV4391,Actinobacteria,Actinobacteria,Bifidobacteriales,Bifidobacteriaceae,Bifidobacterium,ASV4391
ASV4392,Actinobacteria,Actinobacteria,Corynebacteriales,Mycobacteriaceae,Mycobacterium,ASV4392
ASV4393,Proteobacteria,Deltaproteobacteria,NB1-j,ASV4393,ASV4393,ASV4393
ASV4394,ASV4394,ASV4394,ASV4394,ASV4394,ASV4394,ASV4394
ASV4395,Actinobacteria,Acidimicrobiia,Microtrichales,Ilumatobacteraceae,Ilumatobacter,ASV4395
ASV4396,Actinobacteria,Acidimicrobiia,Microtrichales,ASV4396,ASV4396,ASV4396
ASV4397,Proteobacteria,Deltaproteobacteria,Bdellovibrionales,Bdellovibrionaceae,Bdellovibrio,ASV4397
ASV4398,Proteobacteria,ASV4398,ASV4398,ASV4398,ASV4398,ASV4398
ASV4399,Proteobacteria,Deltaproteobacteria,Oligoflexales,0319-6G20,ASV4399,ASV4399
ASV4400,Proteobacteria,Deltaproteobacteria,Myxococcales,mle1-27,ASV4400,ASV4400
ASV4401,Proteobacteria,Deltaproteobacteria,Oligoflexales,0319-6G20,ASV4401,ASV4401
ASV4402,Bacteroidetes,Bacteroidia,Chitinophagales,Saprospiraceae,ASV4402,ASV4402
ASV4403,Proteobacteria,Gammaproteobacteria,Legionellales,Legionellaceae,Legionella,ASV4403
ASV4404,Bacteroidetes,Rhodothermia,Rhodothermales,Rhodothermaceae,ASV4404,ASV4404
ASV4405,Proteobacteria,Alphaproteobacteria,Rhodospirillales,AEGEAN-169_marine_group,ASV4405,ASV4405
ASV4406,Bacteroidetes,Bacteroidia,Cytophagales,Cyclobacteriaceae,Nafulsella,ASV4406
ASV4407,Proteobacteria,Alphaproteobacteria,SAR11_clade,Clade_I,Clade_Ib,ASV4407
ASV4408,Actinobacteria,Actinobacteria,Corynebacteriales,Corynebacteriaceae,Corynebacterium_1,ASV4408
ASV4409,ASV4409,ASV4409,ASV4409,ASV4409,ASV4409,ASV4409
ASV4410,Bacteroidetes,Bacteroidia,Flavobacteriales,Flavobacteriaceae,Maritimimonas,ASV4410
ASV4411,Proteobacteria,Gammaproteobacteria,Oceanospirillales,ASV4411,ASV4411,ASV4411
ASV4412,Proteobacteria,Deltaproteobacteria,Bdellovibrionales,Bdellovibrionaceae,OM27_clade,ASV4412
ASV4414,Planctomycetes,Planctomycetacia,Pirellulales,Pirellulaceae,Pir4_lineage,ASV4414
ASV4415,PAUC34f,ASV4415,ASV4415,ASV4415,ASV4415,ASV4415
ASV4416,Planctomycetes,OM190,ASV4416,ASV4416,ASV4416,ASV4416
ASV4417,Planctomycetes,Planctomycetacia,Gemmatales,Gemmataceae,ASV4417,ASV4417
ASV4418,Patescibacteria,Parcubacteria,Candidatus_Kaiserbacteria,ASV4418,ASV4418,ASV4418
ASV4419,Planctomycetes,Planctomycetacia,Planctomycetales,ASV4419,ASV4419,ASV4419
ASV4420,Planctomycetes,Planctomycetacia,Planctomycetales,Rubinisphaeraceae,Rubinisphaera,ASV4420
ASV4421,Chlamydiae,Chlamydiae,Chlamydiales,Simkaniaceae,ASV4421,ASV4421
ASV4422,Chlamydiae,Chlamydiae,Chlamydiales,Simkaniaceae,Candidatus_Fritschea,ASV4422
ASV4423,Chlamydiae,Chlamydiae,Chlamydiales,Simkaniaceae,ASV4423,ASV4423
ASV4424,Chlamydiae,Chlamydiae,Chlamydiales,ASV4424,ASV4424,ASV4424
ASV4425,Chlamydiae,Chlamydiae,Chlamydiales,ASV4425,ASV4425,ASV4425
ASV4426,Spirochaetes,Spirochaetia,Spirochaetales,Spirochaetaceae,Spirochaeta_2,ASV4426
ASV4427,Proteobacteria,Gammaproteobacteria,ASV4427,ASV4427,ASV4427,ASV4427
ASV4428,Proteobacteria,Gammaproteobacteria,Vibrionales,Vibrionaceae,ASV4428,ASV4428
ASV4429,Proteobacteria,ASV4429,ASV4429,ASV4429,ASV4429,ASV4429
ASV4430,Proteobacteria,Gammaproteobacteria,Oceanospirillales,Endozoicomonadaceae,Endozoicomonas,ASV4430
ASV4431,Proteobacteria,Alphaproteobacteria,Rhodobacterales,Rhodobacteraceae,Yangia,ASV4431
ASV4432,Proteobacteria,Alphaproteobacteria,Sphingomonadales,Sphingomonadaceae,Erythrobacter,ASV4432
ASV4433,Proteobacteria,Gammaproteobacteria,Oceanospirillales,Endozoicomonadaceae,Endozoicomonas,ASV4433
ASV4434,Proteobacteria,Gammaproteobacteria,Oceanospirillales,Endozoicomonadaceae,Endozoicomonas,ASV4434
ASV4435,Chlamydiae,Chlamydiae,Chlamydiales,Simkaniaceae,Simkania,ASV4435
ASV4436,Bacteroidetes,Bacteroidia,Cytophagales,Cyclobacteriaceae,Persicobacter,ASV4436
ASV4437,Proteobacteria,Alphaproteobacteria,Rhodobacterales,Rhodobacteraceae,ASV4437,ASV4437
ASV4438,Proteobacteria,Alphaproteobacteria,Rhodobacterales,Rhodobacteraceae,ASV4438,ASV4438
ASV4439,Proteobacteria,Alphaproteobacteria,Rhodobacterales,Rhodobacteraceae,ASV4439,ASV4439
ASV4440,Proteobacteria,Alphaproteobacteria,Caulobacterales,Hyphomonadaceae,ASV4440,ASV4440
ASV4441,Bacteroidetes,Bacteroidia,Cytophagales,ASV4441,ASV4441,ASV4441
ASV4442,Proteobacteria,Gammaproteobacteria,Alteromonadales,Alteromonadaceae,XY-R5,ASV4442
ASV4443,Acidobacteria,Thermoanaerobaculia,Thermoanaerobaculales,Thermoanaerobaculaceae,Subgroup_10,ASV4443
ASV4444,Proteobacteria,Gammaproteobacteria,Alteromonadales,Alteromonadaceae,ASV4444,ASV4444
ASV4445,Proteobacteria,Deltaproteobacteria,Desulfobacterales,Desulfobacteraceae,Sva0081_sediment_group,ASV4445
ASV4446,Proteobacteria,Alphaproteobacteria,Rhizobiales,A0839,ASV4446,ASV4446
ASV4447,Bacteroidetes,Bacteroidia,Chitinophagales,Chitinophagaceae,ASV4447,ASV4447
ASV4448,Patescibacteria,Gracilibacteria,Candidatus_Peribacteria,ASV4448,ASV4448,ASV4448
ASV4449,Bacteroidetes,Bacteroidia,Chitinophagales,Saprospiraceae,Saprospira,ASV4449
ASV4450,Bacteroidetes,Bacteroidia,Chitinophagales,Saprospiraceae,Saprospira,ASV4450
ASV4451,Bacteroidetes,Bacteroidia,Chitinophagales,Saprospiraceae,ASV4451,ASV4451
ASV4452,Bacteroidetes,Bacteroidia,Chitinophagales,Saprospiraceae,ASV4452,ASV4452
ASV4453,Bacteroidetes,Bacteroidia,Chitinophagales,Saprospiraceae,ASV4453,ASV4453
ASV4454,Bacteroidetes,Bacteroidia,Chitinophagales,Saprospiraceae,ASV4454,ASV4454
ASV4455,Bacteroidetes,Bacteroidia,ASV4455,ASV4455,ASV4455,ASV4455
ASV4456,Proteobacteria,Deltaproteobacteria,SAR324_clade(Marine_group_B),ASV4456,ASV4456,ASV4456
ASV4457,Proteobacteria,Deltaproteobacteria,SAR324_clade(Marine_group_B),ASV4457,ASV4457,ASV4457
ASV4458,Epsilonbacteraeota,Campylobacteria,Campylobacterales,Campylobacterales_Incertae_Sedis,Thiofractor,ASV4458
ASV4459,ASV4459,ASV4459,ASV4459,ASV4459,ASV4459,ASV4459
ASV4460,Patescibacteria,Parcubacteria,Candidatus_Kaiserbacteria,ASV4460,ASV4460,ASV4460
ASV4461,Bacteroidetes,Bacteroidia,Flavobacteriales,Cryomorphaceae,ASV4461,ASV4461
ASV4462,Firmicutes,Clostridia,Clostridiales,Clostridiaceae_1,Clostridium_sensu_stricto_1,ASV4462
ASV4463,Proteobacteria,Alphaproteobacteria,ASV4463,ASV4463,ASV4463,ASV4463
ASV4464,Proteobacteria,Alphaproteobacteria,Rhodobacterales,Rhodobacteraceae,Paracoccus,ASV4464
ASV4465,Proteobacteria,Alphaproteobacteria,Rhizobiales,Beijerinckiaceae,ASV4465,ASV4465
ASV4466,Firmicutes,Clostridia,Clostridiales,Clostridiaceae,Anaeromicrobium,ASV4466
ASV4467,Proteobacteria,Deltaproteobacteria,Bdellovibrionales,Bdellovibrionaceae,OM27_clade,ASV4467
ASV4468,Proteobacteria,Alphaproteobacteria,Rhizobiales,Rhizobiaceae,Pseudochrobactrum,ASV4468
ASV4469,Proteobacteria,Gammaproteobacteria,ASV4469,ASV4469,ASV4469,ASV4469
ASV4470,Bacteroidetes,Bacteroidia,Cytophagales,Flammeovirgaceae,Flammeovirga,ASV4470
ASV4471,Proteobacteria,Gammaproteobacteria,ASV4471,ASV4471,ASV4471,ASV4471
ASV4472,Proteobacteria,Alphaproteobacteria,Rhodobacterales,Rhodobacteraceae,Amaricoccus,ASV4472
ASV4473,Proteobacteria,Deltaproteobacteria,Bdellovibrionales,Bacteriovoracaceae,Peredibacter,ASV4473
ASV4474,Proteobacteria,Deltaproteobacteria,Myxococcales,P3OB-42,ASV4474,ASV4474
ASV4475,Firmicutes,Bacilli,Bacillales,Bacillaceae,Bacillus,ASV4475
ASV4476,Proteobacteria,Deltaproteobacteria,Myxococcales,ASV4476,ASV4476,ASV4476
ASV4477,Proteobacteria,Deltaproteobacteria,Myxococcales,Nannocystaceae,ASV4477,ASV4477
ASV4478,Firmicutes,Clostridia,Clostridiales,ASV4478,ASV4478,ASV4478
ASV4479,Firmicutes,Clostridia,Clostridiales,Peptostreptococcaceae,Tepidibacter,ASV4479
ASV4480,Firmicutes,Bacilli,Lactobacillales,Streptococcaceae,Streptococcus,ASV4480
ASV4481,Proteobacteria,Deltaproteobacteria,Myxococcales,Blfdi19,ASV4481,ASV4481
ASV4482,Firmicutes,Bacilli,Lactobacillales,Streptococcaceae,Streptococcus,ASV4482
ASV4483,ASV4483,ASV4483,ASV4483,ASV4483,ASV4483,ASV4483
ASV4484,ASV4484,ASV4484,ASV4484,ASV4484,ASV4484,ASV4484
ASV4485,Bacteroidetes,Bacteroidia,Cytophagales,ASV4485,ASV4485,ASV4485
ASV4486,Proteobacteria,Gammaproteobacteria,Alteromonadales,Alteromonadaceae,ASV4486,ASV4486
ASV4487,Bacteroidetes,Bacteroidia,Bacteroidales,ASV4487,ASV4487,ASV4487
ASV4488,Proteobacteria,Deltaproteobacteria,Myxococcales,ASV4488,ASV4488,ASV4488
ASV4489,Firmicutes,Clostridia,Clostridiales,Clostridiaceae,Anaeromicrobium,ASV4489
ASV4490,Proteobacteria,Deltaproteobacteria,Desulfovibrionales,Desulfovibrionaceae,Desulfovibrio,ASV4490
ASV4491,Proteobacteria,Alphaproteobacteria,Kordiimonadales,Kordiimonadaceae,Kordiimonas,ASV4491
ASV4492,Patescibacteria,Saccharimonadia,Saccharimonadales,ASV4492,ASV4492,ASV4492
ASV4493,Proteobacteria,Deltaproteobacteria,Desulfovibrionales,Desulfonatronaceae,Desulfonatronum,ASV4493
ASV4494,Bacteroidetes,Rhodothermia,Rhodothermales,Rhodothermaceae,ASV4494,ASV4494
ASV4495,Gemmatimonadetes,PAUC43f_marine_benthic_group,ASV4495,ASV4495,ASV4495,ASV4495
ASV4496,Proteobacteria,Deltaproteobacteria,Myxococcales,Polyangiaceae,Pajaroellobacter,ASV4496
ASV4497,Bacteroidetes,Bacteroidia,Flavobacteriales,Flavobacteriaceae,ASV4497,ASV4497
ASV4498,Bacteroidetes,Bacteroidia,Cytophagales,Cyclobacteriaceae,ASV4498,ASV4498
ASV4499,Proteobacteria,Alphaproteobacteria,Rhodospirillales,Terasakiellaceae,ASV4499,ASV4499
ASV4500,Proteobacteria,Gammaproteobacteria,Vibrionales,Vibrionaceae,Catenococcus,ASV4500
ASV4501,Proteobacteria,Gammaproteobacteria,Arenicellales,Arenicellaceae,ASV4501,ASV4501
ASV4502,Bacteroidetes,Bacteroidia,Cytophagales,Cyclobacteriaceae,ASV4502,ASV4502
ASV4503,Proteobacteria,Gammaproteobacteria,ASV4503,ASV4503,ASV4503,ASV4503
ASV4504,Proteobacteria,Alphaproteobacteria,Caulobacterales,Hyphomonadaceae,Ponticaulis,ASV4504
ASV4505,Bacteroidetes,Bacteroidia,Flavobacteriales,ASV4505,ASV4505,ASV4505
ASV4506,Proteobacteria,ASV4506,ASV4506,ASV4506,ASV4506,ASV4506
ASV4507,Bacteroidetes,Bacteroidia,Cytophagales,Amoebophilaceae,Candidatus_Amoebophilus,ASV4507
ASV4508,Proteobacteria,Gammaproteobacteria,Alteromonadales,Moritellaceae,Paramoritella,ASV4508
ASV4509,ASV4509,ASV4509,ASV4509,ASV4509,ASV4509,ASV4509
ASV4510,Proteobacteria,Deltaproteobacteria,Bdellovibrionales,Bacteriovoracaceae,ASV4510,ASV4510
ASV4511,Proteobacteria,Gammaproteobacteria,Vibrionales,Vibrionaceae,ASV4511,ASV4511
ASV4512,Proteobacteria,Gammaproteobacteria,ASV4512,ASV4512,ASV4512,ASV4512
ASV4513,Proteobacteria,Gammaproteobacteria,ASV4513,ASV4513,ASV4513,ASV4513
ASV4514,Proteobacteria,Gammaproteobacteria,Vibrionales,Vibrionaceae,Catenococcus,ASV4514
ASV4515,Proteobacteria,Gammaproteobacteria,Vibrionales,Vibrionaceae,ASV4515,ASV4515
ASV4516,Proteobacteria,Gammaproteobacteria,Vibrionales,Vibrionaceae,ASV4516,ASV4516
ASV4517,Proteobacteria,Deltaproteobacteria,Bdellovibrionales,Bacteriovoracaceae,ASV4517,ASV4517
ASV4518,Planctomycetes,Phycisphaerae,Phycisphaerales,Phycisphaeraceae,SM1A02,ASV4518
ASV4519,Spirochaetes,Spirochaetia,Spirochaetales,Spirochaetaceae,Alkalispirochaeta,ASV4519
ASV4520,Proteobacteria,Alphaproteobacteria,ASV4520,ASV4520,ASV4520,ASV4520
ASV4521,Proteobacteria,Deltaproteobacteria,Myxococcales,Sandaracinaceae,ASV4521,ASV4521
ASV4522,Proteobacteria,Alphaproteobacteria,Puniceispirillales,SAR116_clade,ASV4522,ASV4522
ASV4523,Spirochaetes,Leptospirae,Leptospirales,Leptospiraceae,Turneriella,ASV4523
ASV4524,Patescibacteria,Saccharimonadia,Saccharimonadales,ASV4524,ASV4524,ASV4524
ASV4525,Proteobacteria,Alphaproteobacteria,Rhizobiales,Rhizobiales_Incertae_Sedis,ASV4525,ASV4525
ASV4526,Bacteroidetes,Bacteroidia,Flavobacteriales,NS9_marine_group,ASV4526,ASV4526
ASV4527,Proteobacteria,Alphaproteobacteria,Rhodospirillales,Rhodopirillaceae,Defluviicoccus,ASV4527
ASV4528,Bacteroidetes,Bacteroidia,Flavobacteriales,Flavobacteriaceae,ASV4528,ASV4528
ASV4529,Acidobacteria,Thermoanaerobaculia,Thermoanaerobaculales,Thermoanaerobaculaceae,Subgroup_10,ASV4529
ASV4530,Proteobacteria,Alphaproteobacteria,SAR11_clade,Clade_II,ASV4530,ASV4530
ASV4531,Actinobacteria,Actinobacteria,Corynebacteriales,Corynebacteriaceae,Turicella,ASV4531
ASV4532,Planctomycetes,Planctomycetacia,Planctomycetales,Rubinisphaeraceae,ASV4532,ASV4532
ASV4533,Planctomycetes,Planctomycetacia,Pirellulales,Pirellulaceae,Rubripirellula,ASV4533
ASV4534,Planctomycetes,Planctomycetacia,Pirellulales,Pirellulaceae,Rubripirellula,ASV4534
ASV4535,Cyanobacteria,Oxyphotobacteria,ASV4535,ASV4535,ASV4535,ASV4535
ASV4536,Planctomycetes,OM190,ASV4536,ASV4536,ASV4536,ASV4536
ASV4537,Planctomycetes,ASV4537,ASV4537,ASV4537,ASV4537,ASV4537
ASV4538,Planctomycetes,Planctomycetacia,Planctomycetales,Rubinisphaeraceae,Planctomicrobium,ASV4538
ASV4539,Chlamydiae,Chlamydiae,Chlamydiales,Criblamydiaceae,ASV4539,ASV4539
ASV4540,Actinobacteria,Acidimicrobiia,Actinomarinales,Actinomarinaceae,Candidatus_Actinomarina,ASV4540
ASV4541,Chlamydiae,Chlamydiae,Chlamydiales,ASV4541,ASV4541,ASV4541
ASV4542,Chlamydiae,Chlamydiae,Chlamydiales,ASV4542,ASV4542,ASV4542
ASV4543,Chlamydiae,Chlamydiae,Chlamydiales,ASV4543,ASV4543,ASV4543
ASV4544,Chlamydiae,Chlamydiae,Chlamydiales,Chlamydiaceae,ASV4544,ASV4544
ASV4545,Proteobacteria,Alphaproteobacteria,Rickettsiales,Mitochondria,ASV4545,ASV4545
ASV4546,Proteobacteria,Alphaproteobacteria,Rickettsiales,Mitochondria,ASV4546,ASV4546
ASV4547,Omnitrophicaeota,Omnitrophia,Omnitrophales,Omnitrophaceae,Candidatus_Omnitrophus,ASV4547
ASV4548,PAUC34f,ASV4548,ASV4548,ASV4548,ASV4548,ASV4548
ASV4549,Cyanobacteria,Oxyphotobacteria,Chloroplast,ASV4549,ASV4549,ASV4549
ASV4550,Proteobacteria,Alphaproteobacteria,Rickettsiales,Mitochondria,ASV4550,ASV4550
ASV4551,Proteobacteria,Gammaproteobacteria,Oceanospirillales,Endozoicomonadaceae,Endozoicomonas,ASV4551
ASV4552,Proteobacteria,Alphaproteobacteria,Rhodobacterales,Rhodobacteraceae,Yangia,ASV4552
ASV4553,Proteobacteria,ASV4553,ASV4553,ASV4553,ASV4553,ASV4553
ASV4554,Proteobacteria,Alphaproteobacteria,Rhodobacterales,Rhodobacteraceae,Pseudodonghicola,ASV4554
ASV4555,Proteobacteria,Alphaproteobacteria,Rhodobacterales,Rhodobacteraceae,ASV4555,ASV4555
ASV4556,Proteobacteria,Alphaproteobacteria,Rhodobacterales,Rhodobacteraceae,ASV4556,ASV4556
ASV4557,Proteobacteria,Gammaproteobacteria,Betaproteobacteriales,ASV4557,ASV4557,ASV4557
ASV4558,Bacteroidetes,Bacteroidia,Cytophagales,Flammeovirgaceae,Sediminitomix,ASV4558
ASV4559,Proteobacteria,Gammaproteobacteria,Alteromonadales,Alteromonadaceae,ASV4559,ASV4559
ASV4560,Firmicutes,Clostridia,Clostridiales,Peptostreptococcaceae,Tepidibacter,ASV4560
ASV4561,Proteobacteria,Gammaproteobacteria,Alteromonadales,Alteromonadaceae,ASV4561,ASV4561
ASV4562,Proteobacteria,Gammaproteobacteria,Alteromonadales,Alteromonadaceae,XY-R5,ASV4562
ASV4563,Proteobacteria,Deltaproteobacteria,Bdellovibrionales,Bacteriovoracaceae,Halobacteriovorax,ASV4563
ASV4564,Bacteroidetes,Bacteroidia,Cytophagales,Cyclobacteriaceae,Persicobacter,ASV4564
ASV4565,Planctomycetes,ASV4565,ASV4565,ASV4565,ASV4565,ASV4565
ASV4566,Bacteroidetes,Bacteroidia,Cytophagales,Cyclobacteriaceae,Fabibacter,ASV4566
ASV4567,Bacteroidetes,Bacteroidia,Flavobacteriales,ASV4567,ASV4567,ASV4567
ASV4568,ASV4568,ASV4568,ASV4568,ASV4568,ASV4568,ASV4568
ASV4569,Proteobacteria,Gammaproteobacteria,Alteromonadales,Alteromonadaceae,ASV4569,ASV4569
ASV4570,Proteobacteria,Gammaproteobacteria,Alteromonadales,Alteromonadaceae,ASV4570,ASV4570
ASV4571,Proteobacteria,Gammaproteobacteria,Alteromonadales,Alteromonadaceae,ASV4571,ASV4571
ASV4572,Proteobacteria,Gammaproteobacteria,Alteromonadales,Alteromonadaceae,ASV4572,ASV4572
ASV4573,Proteobacteria,Gammaproteobacteria,Alteromonadales,Alteromonadaceae,ASV4573,ASV4573
ASV4574,Proteobacteria,Gammaproteobacteria,Alteromonadales,Alteromonadaceae,ASV4574,ASV4574
ASV4575,Proteobacteria,Gammaproteobacteria,ASV4575,ASV4575,ASV4575,ASV4575
ASV4576,Actinobacteria,Actinobacteria,Micrococcales,Microbacteriaceae,Microbacterium,ASV4576
ASV4577,Actinobacteria,Actinobacteria,Micrococcales,Microbacteriaceae,Microbacterium,ASV4577
ASV4578,Bacteroidetes,Bacteroidia,Bacteroidales,Tannerellaceae,ASV4578,ASV4578
ASV4579,Patescibacteria,Parcubacteria,Candidatus_Adlerbacteria,ASV4579,ASV4579,ASV4579
ASV4580,Patescibacteria,Parcubacteria,Candidatus_Adlerbacteria,ASV4580,ASV4580,ASV4580
ASV4581,Proteobacteria,Gammaproteobacteria,ASV4581,ASV4581,ASV4581,ASV4581
ASV4582,Bacteroidetes,Bacteroidia,Chitinophagales,Saprospiraceae,Saprospira,ASV4582
ASV4583,Bacteroidetes,Bacteroidia,Chitinophagales,Saprospiraceae,ASV4583,ASV4583
ASV4584,Bacteroidetes,Bacteroidia,Chitinophagales,Saprospiraceae,ASV4584,ASV4584
ASV4585,Bacteroidetes,Bacteroidia,ASV4585,ASV4585,ASV4585,ASV4585
ASV4586,Epsilonbacteraeota,Campylobacteria,Campylobacterales,Arcobacteraceae,Arcobacter,ASV4586
ASV4587,ASV4587,ASV4587,ASV4587,ASV4587,ASV4587,ASV4587
ASV4588,Planctomycetes,Phycisphaerae,Phycisphaerales,Phycisphaeraceae,ASV4588,ASV4588
ASV4589,Proteobacteria,Alphaproteobacteria,ASV4589,ASV4589,ASV4589,ASV4589
ASV4590,Proteobacteria,ASV4590,ASV4590,ASV4590,ASV4590,ASV4590
ASV4591,Patescibacteria,Parcubacteria,Candidatus_Kaiserbacteria,ASV4591,ASV4591,ASV4591
ASV4592,Acidobacteria,Subgroup_26,ASV4592,ASV4592,ASV4592,ASV4592
ASV4593,Bacteroidetes,Bacteroidia,Bacteroidales,Marinifilaceae,Marinifilum,ASV4593
ASV4594,Proteobacteria,Deltaproteobacteria,Desulfobacterales,Desulfobacteraceae,SEEP-SRB1,ASV4594
ASV4595,Patescibacteria,Saccharimonadia,Saccharimonadales,ASV4595,ASV4595,ASV4595
ASV4596,Proteobacteria,Deltaproteobacteria,Bdellovibrionales,Bdellovibrionaceae,OM27_clade,ASV4596
ASV4597,ASV4597,ASV4597,ASV4597,ASV4597,ASV4597,ASV4597
ASV4598,Bacteroidetes,Bacteroidia,Cytophagales,Flammeovirgaceae,Flammeovirga,ASV4598
ASV4599,Planctomycetes,ASV4599,ASV4599,ASV4599,ASV4599,ASV4599
ASV4600,Firmicutes,Clostridia,Clostridiales,Peptostreptococcaceae,Asaccharospora,ASV4600
ASV4601,Chloroflexi,TK30,ASV4601,ASV4601,ASV4601,ASV4601
ASV4602,Proteobacteria,Deltaproteobacteria,Bdellovibrionales,Bacteriovoracaceae,Peredibacter,ASV4602
ASV4603,Proteobacteria,Deltaproteobacteria,Myxococcales,Nannocystaceae,ASV4603,ASV4603
ASV4604,Proteobacteria,Deltaproteobacteria,Myxococcales,Haliangiaceae,Haliangium,ASV4604
ASV4605,Proteobacteria,Deltaproteobacteria,Myxococcales,Sandaracinaceae,Sandaracinus,ASV4605
ASV4606,Proteobacteria,Deltaproteobacteria,Myxococcales,Blfdi19,ASV4606,ASV4606
ASV4607,ASV4607,ASV4607,ASV4607,ASV4607,ASV4607,ASV4607
ASV4608,Actinobacteria,Actinobacteria,Propionibacteriales,Propionibacteriaceae,Cutibacterium,ASV4608
ASV4609,Bacteroidetes,Bacteroidia,ASV4609,ASV4609,ASV4609,ASV4609
ASV4610,Bacteroidetes,Bacteroidia,Bacteroidales,Prolixibacteraceae,Draconibacterium,ASV4610
ASV4611,Dependentiae,Babeliae,Babeliales,ASV4611,ASV4611,ASV4611
ASV4612,Planctomycetes,Phycisphaerae,Phycisphaerales,Phycisphaeraceae,CL500-3,ASV4612
ASV4613,Firmicutes,Clostridia,Clostridiales,Clostridiaceae_4,Paramaledivibacter,ASV4613
ASV4614,Bacteroidetes,Bacteroidia,Flavobacteriales,Flavobacteriaceae,ASV4614,ASV4614
ASV4615,Bacteroidetes,Bacteroidia,Flavobacteriales,Flavobacteriaceae,ASV4615,ASV4615
ASV4616,Patescibacteria,Saccharimonadia,Saccharimonadales,ASV4616,ASV4616,ASV4616
ASV4617,Proteobacteria,Deltaproteobacteria,SAR324_clade(Marine_group_B),ASV4617,ASV4617,ASV4617
ASV4618,Bacteroidetes,Bacteroidia,Flavobacteriales,Flavobacteriaceae,ASV4618,ASV4618
ASV4619,Bacteroidetes,Bacteroidia,ASV4619,ASV4619,ASV4619,ASV4619
ASV4620,Bacteroidetes,Bacteroidia,Flavobacteriales,Flavobacteriaceae,ASV4620,ASV4620
ASV4621,Proteobacteria,Gammaproteobacteria,ASV4621,ASV4621,ASV4621,ASV4621
ASV4622,ASV4622,ASV4622,ASV4622,ASV4622,ASV4622,ASV4622
ASV4623,Bacteroidetes,Bacteroidia,ASV4623,ASV4623,ASV4623,ASV4623
ASV4624,Proteobacteria,Alphaproteobacteria,Rhodobacterales,Rhodobacteraceae,ASV4624,ASV4624
ASV4625,Firmicutes,Clostridia,Clostridiales,Clostridiaceae,Anaeromicrobium,ASV4625
ASV4626,Proteobacteria,Gammaproteobacteria,Vibrionales,Vibrionaceae,Catenococcus,ASV4626
ASV4627,Proteobacteria,Gammaproteobacteria,Alteromonadales,Pseudoalteromonadaceae,ASV4627,ASV4627
ASV4628,Proteobacteria,Gammaproteobacteria,ASV4628,ASV4628,ASV4628,ASV4628
ASV4629,Bacteroidetes,Bacteroidia,Cytophagales,ASV4629,ASV4629,ASV4629
ASV4630,Proteobacteria,Gammaproteobacteria,ASV4630,ASV4630,ASV4630,ASV4630
ASV4631,Bacteroidetes,Bacteroidia,ASV4631,ASV4631,ASV4631,ASV4631
ASV4632,Bacteroidetes,Bacteroidia,Cytophagales,ASV4632,ASV4632,ASV4632
ASV4633,Proteobacteria,Gammaproteobacteria,ASV4633,ASV4633,ASV4633,ASV4633
ASV4634,Proteobacteria,Gammaproteobacteria,ASV4634,ASV4634,ASV4634,ASV4634
ASV4635,Proteobacteria,Gammaproteobacteria,ASV4635,ASV4635,ASV4635,ASV4635
ASV4636,Bacteroidetes,Bacteroidia,Cytophagales,ASV4636,ASV4636,ASV4636
ASV4637,Proteobacteria,Gammaproteobacteria,ASV4637,ASV4637,ASV4637,ASV4637
ASV4638,Proteobacteria,ASV4638,ASV4638,ASV4638,ASV4638,ASV4638
ASV4639,Proteobacteria,Gammaproteobacteria,Vibrionales,Vibrionaceae,Catenococcus,ASV4639
ASV4640,Proteobacteria,Gammaproteobacteria,ASV4640,ASV4640,ASV4640,ASV4640
ASV4641,Proteobacteria,Gammaproteobacteria,Vibrionales,Vibrionaceae,ASV4641,ASV4641
ASV4642,Proteobacteria,Gammaproteobacteria,Vibrionales,Vibrionaceae,ASV4642,ASV4642
ASV4643,ASV4643,ASV4643,ASV4643,ASV4643,ASV4643,ASV4643
ASV4644,Proteobacteria,Gammaproteobacteria,Vibrionales,Vibrionaceae,ASV4644,ASV4644
ASV4645,Proteobacteria,Gammaproteobacteria,Vibrionales,Vibrionaceae,Catenococcus,ASV4645
ASV4646,Bacteroidetes,Bacteroidia,Cytophagales,Flammeovirgaceae,Flammeovirga,ASV4646
ASV4647,Bacteroidetes,Bacteroidia,Cytophagales,ASV4647,ASV4647,ASV4647
ASV4648,Proteobacteria,Alphaproteobacteria,ASV4648,ASV4648,ASV4648,ASV4648
ASV4649,Actinobacteria,Actinobacteria,Micrococcales,Microbacteriaceae,Candidatus_Limnoluna,ASV4649
ASV4650,Proteobacteria,Deltaproteobacteria,NB1-j,ASV4650,ASV4650,ASV4650
ASV4651,ASV4651,ASV4651,ASV4651,ASV4651,ASV4651,ASV4651
ASV4652,Bacteroidetes,Bacteroidia,ASV4652,ASV4652,ASV4652,ASV4652
ASV4653,Dependentiae,Babeliae,Babeliales,UBA12411,ASV4653,ASV4653
ASV4654,Proteobacteria,ASV4654,ASV4654,ASV4654,ASV4654,ASV4654
ASV4655,Proteobacteria,Gammaproteobacteria,HOC36,ASV4655,ASV4655,ASV4655
ASV4656,Proteobacteria,Deltaproteobacteria,Bdellovibrionales,Bacteriovoracaceae,ASV4656,ASV4656
ASV4657,Proteobacteria,Alphaproteobacteria,Rhizobiales,ASV4657,ASV4657,ASV4657
ASV4658,Proteobacteria,Gammaproteobacteria,ASV4658,ASV4658,ASV4658,ASV4658
ASV4659,ASV4659,ASV4659,ASV4659,ASV4659,ASV4659,ASV4659
ASV4660,Proteobacteria,Gammaproteobacteria,Vibrionales,Vibrionaceae,Catenococcus,ASV4660
ASV4661,Bacteroidetes,Bacteroidia,Cytophagales,Cyclobacteriaceae,Nafulsella,ASV4661
ASV4662,Actinobacteria,Actinobacteria,Micrococcales,Microbacteriaceae,ASV4662,ASV4662
ASV4663,Actinobacteria,Actinobacteria,Micrococcales,Dermabacteraceae,Brachybacterium,ASV4663
ASV4664,Actinobacteria,Actinobacteria,Actinomycetales,Actinomycetaceae,Varibaculum,ASV4664
ASV4665,Proteobacteria,Alphaproteobacteria,Rickettsiales,Mitochondria,ASV4665,ASV4665
ASV4666,Verrucomicrobia,Verrucomicrobiae,ASV4666,ASV4666,ASV4666,ASV4666
ASV4667,Planctomycetes,Planctomycetacia,Pirellulales,Pirellulaceae,Rubripirellula,ASV4667
ASV4668,Cyanobacteria,Oxyphotobacteria,ASV4668,ASV4668,ASV4668,ASV4668
ASV4669,Planctomycetes,Planctomycetacia,Pirellulales,Pirellulaceae,Roseimaritima,ASV4669
ASV4670,Planctomycetes,Planctomycetacia,Pirellulales,Pirellulaceae,Pir4_lineage,ASV4670
ASV4671,Planctomycetes,Planctomycetacia,Pirellulales,Pirellulaceae,Bythopirellula,ASV4671
ASV4672,Planctomycetes,Planctomycetacia,Pirellulales,Pirellulaceae,Pir4_lineage,ASV4672
ASV4673,Planctomycetes,OM190,ASV4673,ASV4673,ASV4673,ASV4673
ASV4674,Chlamydiae,Chlamydiae,Chlamydiales,ASV4674,ASV4674,ASV4674
ASV4675,Chlamydiae,Chlamydiae,Chlamydiales,Simkaniaceae,Candidatus_Fritschea,ASV4675
ASV4676,Chlamydiae,Chlamydiae,Chlamydiales,Simkaniaceae,ASV4676,ASV4676
ASV4677,ASV4677,ASV4677,ASV4677,ASV4677,ASV4677,ASV4677
ASV4678,Chlamydiae,Chlamydiae,Chlamydiales,Simkaniaceae,Simkania,ASV4678
ASV4679,Proteobacteria,Gammaproteobacteria,ASV4679,ASV4679,ASV4679,ASV4679
ASV4680,Proteobacteria,Alphaproteobacteria,Rickettsiales,Mitochondria,ASV4680,ASV4680
ASV4681,Proteobacteria,Alphaproteobacteria,Rickettsiales,Mitochondria,ASV4681,ASV4681
ASV4682,ASV4682,ASV4682,ASV4682,ASV4682,ASV4682,ASV4682
ASV4683,Proteobacteria,ASV4683,ASV4683,ASV4683,ASV4683,ASV4683
ASV4684,Proteobacteria,Gammaproteobacteria,ASV4684,ASV4684,ASV4684,ASV4684
ASV4685,Bacteroidetes,Bacteroidia,Flavobacteriales,Flavobacteriaceae,Nonlabens,ASV4685
ASV4686,Proteobacteria,Gammaproteobacteria,ASV4686,ASV4686,ASV4686,ASV4686
ASV4687,Proteobacteria,Gammaproteobacteria,ASV4687,ASV4687,ASV4687,ASV4687
ASV4688,Proteobacteria,Gammaproteobacteria,Oceanospirillales,Endozoicomonadaceae,Endozoicomonas,ASV4688
ASV4689,Proteobacteria,Gammaproteobacteria,Oceanospirillales,Endozoicomonadaceae,Endozoicomonas,ASV4689
ASV4690,Proteobacteria,Gammaproteobacteria,Oceanospirillales,Endozoicomonadaceae,Endozoicomonas,ASV4690
